transaction_id,order_ts,customer_id,country,category,channel,payment_method,quantity,unit_price,discount,revenue,customer_age,rating,delivery_days,is_returned
10000213,2023-01-05 03:21:07,580,Spain,Fashion,Marketplace,PayPal,3,31.68,0.0,95.04,28.0,,4.0,False
10000404,2023-01-06 19:48:28,95,United Kingdom,Beauty,Mobile App,PayPal,1,34.19,0.0,34.19,31.0,5.0,7.0,False
10003600,2023-01-10 10:04:05,330,Canada,Fashion,Web,Credit Card,1,53.54,0.05,50.86,40.0,4.0,10.0,False
10001439,2023-01-10 23:32:14,250,United States,Toys,Web,Credit Card,1,19.98,0.05,18.98,31.0,4.0,7.0,False
10001853,2023-01-11 01:33:37,609,United States,Beauty,Mobile App,Credit Card,2,17.96,0.1,32.33,52.0,,10.0,False
10004254,2023-01-11 06:54:31,547,Brazil,Home & Garden,Marketplace,Credit Card,6,63.85,0.1,344.79,37.0,5.0,10.0,False
10003818,2023-01-12 04:38:08,245,Germany,Toys,Store,PayPal,2,22.37,0.0,44.74,,5.0,5.0,False
10002544,2023-01-12 19:34:50,567,France,Beauty,Web,Credit Card,3,46.07,0.1,124.39,63.0,5.0,2.0,False
10000405,2023-01-15 16:03:30,519,United States,Home & Garden,Mobile App,Credit Card,2,65.14,0.1,117.25,34.0,4.0,7.0,False
10002817,2023-01-16 06:54:27,242,India,Electronics,Store,PayPal,2,148.97,0.2,238.35,,4.0,8.0,False
10004451,2023-01-16 12:31:46,501,United States,Toys,Marketplace,Credit Card,2,19.74,0.0,39.48,42.0,4.0,3.0,False
10000129,2023-01-20 06:56:55,521,France,Home & Garden,Web,Credit Card,2,214.76,0.2,343.62,55.0,3.0,5.0,False
10000431,2023-01-21 08:25:11,457,France,Fashion,Web,PayPal,2,83.67,0.0,167.34,47.0,5.0,5.0,False
10000343,2023-01-21 23:23:01,557,United States,Electronics,Web,Bank Transfer,3,96.56,0.1,260.71,33.0,,9.0,False
10004435,2023-01-22 09:24:40,287,Spain,Toys,Store,Gift Card,3,27.41,0.1,74.01,32.0,5.0,4.0,False
10000427,2023-01-23 22:57:36,368,Germany,Sports,Web,Credit Card,2,51.64,0.0,103.28,32.0,4.0,7.0,False
10004716,2023-01-25 17:01:59,117,United States,Home & Garden,Mobile App,PayPal,2,144.1,0.1,259.38,29.0,3.0,4.0,False
10003270,2023-01-27 12:05:01,538,Germany,Home & Garden,Web,Credit Card,3,83.25,0.0,249.75,43.0,4.0,6.0,False
10004065,2023-01-27 22:11:07,494,United States,Electronics,Mobile App,PayPal,2,280.46,0.1,504.83,25.0,4.0,5.0,False
10002036,2023-01-28 17:04:39,410,United Kingdom,Sports,Mobile App,Credit Card,2,100.3,0.0,200.6,18.0,4.0,7.0,False
10004493,2023-01-28 17:35:45,263,India,Electronics,Marketplace,Bank Transfer,1,404.43,0.0,404.43,37.0,1.0,3.0,False
10004837,2023-01-29 05:11:29,230,United States,Home & Garden,Store,Bank Transfer,1,56.19,0.0,56.19,54.0,5.0,3.0,False
10000201,2023-01-30 10:39:14,519,Spain,Toys,Web,PayPal,2,22.89,0.0,45.78,29.0,3.0,4.0,False
10003324,2023-02-01 14:42:52,319,Canada,Home & Garden,Store,Credit Card,1,45.19,0.0,45.19,49.0,4.0,5.0,False
10002598,2023-02-02 18:51:08,37,United States,Toys,Store,Gift Card,3,21.01,0.0,63.03,42.0,4.0,6.0,False
10002745,2023-02-03 12:27:02,217,United States,Electronics,Web,Gift Card,1,139.08,0.0,139.08,25.0,4.0,5.0,False
10000544,2023-02-04 01:57:12,255,France,Fashion,Mobile App,Credit Card,3,61.88,0.0,185.64,64.0,4.0,6.0,False
10003840,2023-02-04 08:00:52,490,Brazil,Toys,Store,Credit Card,4,25.44,0.0,101.76,27.0,5.0,4.0,False
10000225,2023-02-05 08:35:41,338,Canada,Sports,Mobile App,PayPal,2,65.33,0.1,117.59,44.0,3.0,5.0,False
10000245,2023-02-05 14:51:04,428,India,Fashion,Web,PayPal,4,90.8,0.3,254.24,18.0,4.0,2.0,False
10000380,2023-02-07 00:47:40,583,United States,Electronics,Marketplace,Credit Card,1,270.08,0.0,270.08,22.0,4.0,7.0,False
10000514,2023-02-07 01:13:04,535,Spain,Toys,Mobile App,PayPal,1,37.65,0.1,33.88,59.0,4.0,7.0,True
10004375,2023-02-07 01:38:15,403,France,Fashion,Web,PayPal,3,54.54,0.0,163.62,51.0,5.0,3.0,False
10002906,2023-02-07 13:21:52,298,Italy,Home & Garden,Store,PayPal,3,18.34,0.3,38.51,25.0,2.0,6.0,False
10004379,2023-02-08 10:29:37,140,France,Electronics,Marketplace,Gift Card,4,247.82,0.0,991.28,57.0,5.0,7.0,False
10002464,2023-02-09 22:23:03,594,France,Electronics,Mobile App,Gift Card,5,173.65,0.0,868.25,,4.0,6.0,False
10004441,2023-02-10 23:50:57,64,spain,Toys,Marketplace,Credit Card,3,43.86,0.05,125.0,46.0,5.0,7.0,False
10004212,2023-02-11 20:45:00,430,United States,Sports,Marketplace,PayPal,4,74.12,0.0,296.48,46.0,4.0,7.0,False
10003359,2023-02-12 14:41:57,361,United States,Home & Garden,Web,PayPal,1,35.53,0.1,31.98,42.0,,2.0,False
10003195,2023-02-12 16:40:16,296,United Kingdom,Home & Garden,Store,Credit Card,3,109.19,0.0,327.57,29.0,3.0,6.0,False
10002885,2023-02-12 21:36:06,347,Italy,Electronics,Web,Credit Card,1,319.91,0.0,319.91,51.0,,4.0,False
10001527,2023-02-13 03:30:50,331,United States,Electronics,Web,PayPal,2,410.35,0.0,820.7,41.0,3.0,6.0,False
10002431,2023-02-13 06:52:59,107,India,Fashion,Marketplace,PayPal,1,45.78,0.0,45.78,54.0,5.0,7.0,False
10004665,2023-02-13 11:52:44,235,United States,Sports,Mobile App,Credit Card,1,60.98,0.0,60.98,58.0,4.0,4.0,False
10003090,2023-02-14 03:07:19,158,United Kingdom,Home & Garden,Web,PayPal,3,64.17,0.2,154.01,32.0,5.0,10.0,False
10002641,2023-02-14 19:21:58,510,United States,Toys,Marketplace,Credit Card,1,26.42,0.0,26.42,18.0,5.0,3.0,False
10003733,2023-02-15 00:00:13,594,Brazil,Toys,Web,PayPal,2,77.8,0.0,155.6,40.0,4.0,3.0,False
10004396,2023-02-15 06:41:36,175,Spain,Electronics,Web,Gift Card,1,332.44,0.1,299.2,53.0,3.0,6.0,False
10003076,2023-02-15 08:26:00,160,United States,Toys,Web,PayPal,1,38.86,0.05,36.92,43.0,4.0,6.0,False
10002073,2023-02-15 19:00:29,36,India,Electronics,Mobile App,PayPal,1,112.22,0.0,112.22,26.0,4.0,7.0,False
10001697,2023-02-16 19:44:30,161,Japan,Toys,Web,Credit Card,2,21.04,0.0,42.08,31.0,4.0,5.0,False
10000679,2023-02-17 08:36:03,317,United Kingdom,Fashion,Web,Bank Transfer,4,111.71,0.0,446.84,40.0,4.0,5.0,False
10000309,2023-02-18 01:00:57,45,India,Fashion,Web,Gift Card,4,58.36,0.0,233.44,48.0,5.0,5.0,False
10003213,2023-02-19 01:49:23,337,United Kingdom,Electronics,Store,Credit Card,1,222.23,0.0,222.23,37.0,4.0,5.0,False
10003802,2023-02-19 05:08:03,144,France,Sports,Mobile App,Bank Transfer,3,69.01,0.0,207.03,33.0,4.0,2.0,False
10002218,2023-02-19 11:59:22,186,United Kingdom,Fashion,Web,Credit Card,2,38.25,0.0,76.5,64.0,5.0,5.0,False
10003746,2023-02-21 04:18:27,295,United States,Toys,Marketplace,Credit Card,2,19.79,0.0,39.58,79.0,5.0,5.0,False
10003290,2023-02-21 16:15:18,347,Italy,Electronics,Marketplace,Credit Card,2,266.75,0.05,506.82,52.0,4.0,4.0,False
10004903,2023-02-21 23:55:39,506,Germany,Home & Garden,Marketplace,Gift Card,7,71.33,0.2,399.45,39.0,3.0,7.0,False
10002877,2023-02-22 06:39:30,183,United States,Sports,Mobile App,Credit Card,2,52.61,0.1,94.7,31.0,3.0,3.0,False
10004892,2023-02-22 18:46:12,428,United States,Fashion,Mobile App,Credit Card,4,144.36,0.0,577.44,43.0,4.0,2.0,False
10004778,2023-02-24 07:52:41,113,Germany,Sports,Mobile App,Credit Card,3,101.58,0.1,274.27,19.0,5.0,5.0,False
10001324,2023-02-24 10:31:20,243,Spain,Electronics,Web,Credit Card,2,86.07,0.0,172.14,33.0,3.0,7.0,False
10004732,2023-02-25 00:25:38,247,India,Electronics,Web,PayPal,2,221.2,0.1,398.16,18.0,4.0,2.0,False
10001778,2023-02-26 10:49:45,142,Spain,Electronics,Store,Credit Card,2,456.46,0.0,912.92,43.0,5.0,5.0,False
10003821,2023-02-26 20:06:03,230,India,Electronics,Mobile App,PayPal,1,369.4,0.3,258.58,23.0,4.0,2.0,False
10000924,2023-02-27 19:14:15,55,Germany,Fashion,Mobile App,Credit Card,3,71.11,0.0,213.33,34.0,5.0,10.0,False
10000549,2023-02-28 03:59:26,265,Japan,Home & Garden,Web,Credit Card,1,51.19,0.0,51.19,30.0,4.0,4.0,False
10000787,2023-02-28 14:00:17,80,United Kingdom,Home & Garden,Marketplace,Credit Card,3,68.78,0.0,206.34,41.0,5.0,4.0,False
10003017,2023-02-28 14:28:16,602,United States,Electronics,Store,Bank Transfer,3,188.71,0.2,452.9,28.0,4.0,5.0,False
10002930,2023-03-01 11:03:45,119,Italy,Toys,Web,Gift Card,2,81.14,0.1,146.05,45.0,3.0,9.0,False
10004928,2023-03-01 18:01:53,305,United Kingdom,Fashion,Mobile App,PayPal,5,76.34,0.0,381.7,26.0,5.0,2.0,False
10003538,2023-03-02 03:20:46,73,Germany,Home & Garden,Web,Credit Card,2,68.37,0.0,136.74,47.0,3.0,2.0,False
10002828,2023-03-02 14:19:14,191,United States,Fashion,Store,PayPal,1,26.35,0.2,21.08,28.0,3.0,7.0,False
10002742,2023-03-02 22:24:25,219,United Kingdom,Electronics,Mobile App,Credit Card,4,171.73,0.0,686.92,45.0,5.0,5.0,False
10001185,2023-03-02 23:42:25,143,United Kingdom,Electronics,Store,Bank Transfer,2,228.26,0.0,456.52,,5.0,5.0,False
10002626,2023-03-03 15:08:23,432,Spain,Beauty,Marketplace,Credit Card,1,19.61,0.1,17.65,60.0,5.0,3.0,False
10001109,2023-03-03 20:03:16,423,Germany,Fashion,Marketplace,PayPal,3,38.53,0.05,109.81,33.0,4.0,2.0,False
10003310,2023-03-05 02:07:23,403,India,Electronics,Web,Credit Card,1,389.78,0.2,311.82,31.0,4.0,6.0,False
10002790,2023-03-05 10:51:04,486,Canada,Home & Garden,Mobile App,Credit Card,1,96.13,0.1,86.52,36.0,3.0,2.0,False
10000860,2023-03-06 10:54:49,394,Germany,Home & Garden,Web,Credit Card,4,40.69,0.1,146.48,55.0,5.0,2.0,False
10003390,2023-03-07 06:28:08,559,United States,Beauty,Mobile App,PayPal,2,26.86,0.0,53.72,51.0,3.0,7.0,False
10002565,2023-03-07 23:31:06,345,United States,Toys,Web,Credit Card,2,24.37,0.0,48.74,33.0,5.0,5.0,False
10003277,2023-03-08 02:37:57,468,United States,Home & Garden,Web,Credit Card,2,85.95,0.05,163.3,39.0,3.0,2.0,False
10000478,2023-03-08 11:08:44,539,Spain,Toys,Web,PayPal,1,42.77,0.1,38.49,48.0,5.0,8.0,False
10003566,2023-03-08 14:04:36,320,Italy,Electronics,Web,Credit Card,3,87.24,0.0,261.72,57.0,3.0,4.0,False
10000551,2023-03-09 02:26:44,586,United States,Home & Garden,Mobile App,Credit Card,2,70.3,0.0,140.6,45.0,4.0,3.0,False
10001562,2023-03-10 00:13:17,139,Germany,Toys,Marketplace,Credit Card,4,48.36,0.0,193.44,24.0,4.0,6.0,False
10001211,2023-03-10 06:31:08,514,Japan,Fashion,Mobile App,Credit Card,2,44.77,0.2,71.63,30.0,3.0,6.0,False
10000598,2023-03-10 20:34:28,419,Spain,Sports,Mobile App,Credit Card,1,144.68,0.1,130.21,41.0,4.0,7.0,False
10002419,2023-03-11 02:45:20,194,Italy,Home & Garden,Marketplace,Gift Card,2,83.11,0.0,166.22,27.0,5.0,6.0,False
10001930,2023-03-11 05:49:10,78,India,Home & Garden,Marketplace,PayPal,2,65.42,0.0,130.84,39.0,4.0,2.0,False
10002373,2023-03-11 08:57:45,368,Canada,Fashion,Store,PayPal,1,107.22,0.0,107.22,40.0,4.0,5.0,False
10004604,2023-03-12 00:40:21,316,Canada,Electronics,Marketplace,Credit Card,2,87.47,0.05,166.19,35.0,,5.0,False
10004490,2023-03-12 18:19:49,201,United States,Fashion,Mobile App,Bank Transfer,2,41.82,0.0,83.64,34.0,5.0,4.0,False
10003491,2023-03-12 22:53:43,606,France,Home & Garden,Web,Credit Card,2,95.29,0.05,181.05,29.0,3.0,7.0,True
10000171,2023-03-14 01:37:30,556,United Kingdom,Fashion,Web,Credit Card,1,63.28,0.2,50.62,59.0,3.0,3.0,False
10004082,2023-03-14 04:05:41,396,Italy,Electronics,Web,Credit Card,2,193.45,0.1,348.21,,5.0,8.0,False
10000243,2023-03-14 13:20:59,553,France,Fashion,Marketplace,Credit Card,5,64.82,0.05,307.89,63.0,3.0,5.0,False
10000032,2023-03-15 06:16:12,436,Germany,Fashion,Web,Gift Card,1,67.6,0.0,67.6,42.0,4.0,10.0,False
10001380,2023-03-15 16:36:31,347,France,Electronics,Web,Bank Transfer,5,195.02,0.05,926.34,41.0,5.0,6.0,False
10003005,2023-03-16 07:25:05,440,Germany,Sports,Marketplace,PayPal,4,191.31,0.2,612.19,49.0,3.0,4.0,False
10002151,2023-03-17 09:47:16,605,United Kingdom,Toys,Web,Credit Card,4,50.6,0.3,141.68,34.0,3.0,5.0,False
10002017,2023-03-17 15:42:03,326,India,Fashion,Marketplace,PayPal,4,66.22,0.0,264.88,32.0,4.0,9.0,False
10001885,2023-03-18 00:35:25,246,United States,Sports,Web,PayPal,4,113.75,0.0,455.0,34.0,4.0,4.0,False
10003112,2023-03-18 17:49:49,131,Brazil,Home & Garden,Mobile App,Gift Card,1,169.13,0.05,160.67,26.0,,2.0,False
10000509,2023-03-18 20:41:49,371,Brazil,Sports,Mobile App,PayPal,2,98.99,0.0,197.98,51.0,,3.0,False
10002269,2023-03-18 22:34:52,54,France,Fashion,Web,Bank Transfer,3,75.12,0.2,180.29,33.0,4.0,5.0,False
10002695,2023-03-19 12:18:47,460,Canada,Beauty,Mobile App,PayPal,3,28.11,0.1,75.9,35.0,4.0,8.0,False
10000197,2023-03-19 13:39:04,226,United States,Toys,Mobile App,Bank Transfer,2,55.54,0.0,111.08,18.0,2.0,4.0,True
10002203,2023-03-21 02:30:23,86,France,Sports,Mobile App,Credit Card,3,73.49,0.0,220.47,30.0,4.0,4.0,False
10002600,2023-03-21 04:40:51,416,United States,Fashion,Web,Credit Card,1,45.89,0.1,41.3,57.0,,2.0,False
10001362,2023-03-21 20:03:35,490,India,Home & Garden,Store,PayPal,2,234.94,0.1,422.89,20.0,3.0,4.0,False
10003867,2023-03-21 21:53:48,142,United Kingdom,Sports,Web,Bank Transfer,2,40.22,0.0,80.44,32.0,1.0,4.0,False
10003852,2023-03-22 12:23:02,367,France,Fashion,Marketplace,Gift Card,3,43.92,0.3,92.23,18.0,4.0,4.0,False
10002340,2023-03-22 22:04:18,85,Japan,Beauty,Web,Credit Card,5,40.13,0.05,190.62,50.0,4.0,5.0,False
10001629,2023-03-23 00:33:02,100,United States,Electronics,Web,Credit Card,1,179.21,0.05,170.25,43.0,5.0,5.0,False
10000785,2023-03-23 04:25:25,359,United States,Electronics,Mobile App,Credit Card,1,412.12,0.05,391.51,48.0,3.0,4.0,False
10002081,2023-03-23 11:09:18,183,United States,Sports,Marketplace,Bank Transfer,1,38.82,0.0,38.82,25.0,3.0,3.0,False
10004681,2023-03-23 12:38:46,345,Spain,Toys,Mobile App,PayPal,1,20.06,0.0,20.06,25.0,5.0,5.0,False
10003221,2023-03-24 02:24:38,618,Canada,Fashion,Marketplace,Credit Card,1,52.96,0.2,42.37,23.0,4.0,5.0,False
10004789,2023-03-25 19:50:06,323,United Kingdom,Fashion,Mobile App,Credit Card,2,84.53,0.0,169.06,27.0,4.0,8.0,False
10004072,2023-03-25 23:58:12,66,United Kingdom,Fashion,Mobile App,Credit Card,3,65.61,0.0,196.83,29.0,5.0,4.0,False
10004087,2023-03-26 09:25:37,430,United States,Toys,Marketplace,PayPal,2,45.64,0.3,63.9,41.0,2.0,6.0,False
10003683,2023-03-26 13:02:11,426,United States,Home & Garden,Web,Credit Card,1,75.49,0.0,75.49,39.0,3.0,6.0,False
10004078,2023-03-26 15:42:36,346,United States,Beauty,Mobile App,Credit Card,2,18.64,0.0,37.28,50.0,3.0,4.0,False
10000294,2023-03-27 11:40:59,9,Brazil,Home & Garden,Mobile App,Credit Card,3,24.4,0.0,73.2,44.0,5.0,5.0,False
10000289,2023-03-27 13:14:37,195,France,Electronics,Mobile App,Credit Card,3,197.86,0.1,534.22,45.0,5.0,7.0,False
10002086,2023-03-27 20:47:57,546,Germany,Fashion,Web,Bank Transfer,2,34.12,0.0,68.24,42.0,,4.0,False
10003697,2023-03-28 02:31:04,326,United States,Toys,Web,Credit Card,2,29.16,0.0,58.32,56.0,5.0,6.0,False
10003713,2023-03-28 04:26:02,352,Germany,Electronics,Web,PayPal,3,277.71,0.0,833.13,18.0,5.0,7.0,False
10001822,2023-03-28 10:42:06,456,United States,Beauty,Mobile App,PayPal,2,21.32,0.0,42.64,31.0,2.0,7.0,True
10002433,2023-03-28 16:01:39,145,United States,Beauty,Mobile App,PayPal,2,35.98,0.0,71.96,48.0,4.0,3.0,False
10000277,2023-03-28 18:11:45,92,United States,Home & Garden,Mobile App,Credit Card,6,58.91,0.0,353.46,55.0,4.0,4.0,False
10002950,2023-03-29 19:19:23,280,France,Home & Garden,Mobile App,PayPal,1,121.43,0.1,109.29,34.0,4.0,5.0,False
10002024,2023-03-30 01:00:37,575,Japan,Fashion,Web,Credit Card,1,28.18,0.0,28.18,55.0,4.0,5.0,False
10002998,2023-03-31 03:43:50,560,Japan,Sports,Mobile App,Gift Card,3,81.64,0.1,220.43,25.0,4.0,7.0,False
10000260,2023-04-01 03:29:08,139,United States,Home & Garden,Store,Credit Card,2,76.69,0.1,138.04,27.0,5.0,8.0,False
10003655,2023-04-01 16:00:35,489,India,Home & Garden,Marketplace,PayPal,2,113.98,0.3,159.57,36.0,4.0,8.0,False
10002899,2023-04-01 22:32:22,470,Japan,Beauty,Web,PayPal,3,44.67,0.0,134.01,,4.0,10.0,False
10000910,2023-04-02 00:42:56,167,Brazil,Beauty,Mobile App,PayPal,4,10.93,0.2,34.98,51.0,3.0,3.0,False
10001139,2023-04-02 01:18:02,531,United Kingdom,Fashion,Web,Credit Card,2,142.83,0.0,285.66,34.0,5.0,7.0,False
10003661,2023-04-02 12:56:00,85,United States,Home & Garden,Store,PayPal,4,72.79,0.0,291.16,45.0,,5.0,False
10004848,2023-04-02 17:03:05,203,Canada,Fashion,Web,Credit Card,2,84.83,0.05,161.18,60.0,5.0,5.0,False
10004980,2023-04-03 04:54:19,42,France,Beauty,Store,Bank Transfer,4,24.81,0.1,89.32,36.0,5.0,3.0,False
10002962,2023-04-04 21:52:34,179,France,Sports,Web,Bank Transfer,2,49.17,0.0,98.34,42.0,3.0,5.0,False
10002092,2023-04-05 06:52:19,467,United States,Electronics,Mobile App,PayPal,2,193.14,0.1,347.65,24.0,5.0,5.0,False
10002234,2023-04-05 15:30:58,548,Canada,Sports,Web,Credit Card,4,88.29,0.0,353.16,55.0,3.0,8.0,False
10000319,2023-04-05 20:32:52,226,United States,Electronics,Mobile App,PayPal,2,153.2,0.0,306.4,65.0,5.0,4.0,False
10004010,2023-04-06 13:19:05,173,Spain,Fashion,Web,PayPal,4,47.56,0.0,190.24,50.0,4.0,8.0,False
10003981,2023-04-06 14:43:31,503,Japan,Electronics,Mobile App,Bank Transfer,4,115.38,0.05,5261.28,53.0,4.0,7.0,False
10001239,2023-04-07 07:24:18,284,France,Home & Garden,Web,Bank Transfer,2,71.53,0.0,143.06,39.0,5.0,7.0,False
10000540,2023-04-07 20:11:56,434,United States,Fashion,Web,Credit Card,2,74.31,0.0,148.62,28.0,4.0,5.0,False
10001345,2023-04-08 02:32:22,392,United States,Fashion,Mobile App,Credit Card,2,16.1,0.1,28.98,54.0,4.0,5.0,False
10000504,2023-04-09 07:10:58,575,United States,Fashion,Web,Bank Transfer,4,33.77,0.0,135.08,53.0,5.0,3.0,False
10000302,2023-04-09 23:26:28,20,United States,Fashion,Mobile App,PayPal,1,69.57,0.2,55.66,47.0,5.0,7.0,False
10003161,2023-04-10 15:17:47,118,France,Electronics,Store,Gift Card,2,168.33,0.05,319.83,18.0,4.0,4.0,False
10000542,2023-04-11 08:37:15,132,Germany,Beauty,Web,Credit Card,2,14.99,0.3,20.99,31.0,4.0,5.0,False
10002613,2023-04-11 19:09:07,335,India,Beauty,Mobile App,Bank Transfer,2,21.83,0.1,39.29,28.0,,6.0,False
10003755,2023-04-12 04:07:05,441,Brazil,Electronics,Web,Gift Card,2,287.4,0.0,574.8,38.0,4.0,2.0,False
10004371,2023-04-12 07:52:46,146,United Kingdom,Fashion,Web,Bank Transfer,5,72.83,0.05,345.94,34.0,,6.0,False
10000839,2023-04-12 18:39:36,592,Germany,Fashion,Marketplace,PayPal,1,49.04,0.1,44.14,31.0,5.0,6.0,False
10002145,2023-04-12 21:59:01,445,Canada,Fashion,Web,Bank Transfer,1,82.33,0.0,82.33,45.0,4.0,6.0,False
10001285,2023-04-13 11:56:02,570,Canada,Beauty,Mobile App,Credit Card,3,28.75,0.0,86.25,28.0,5.0,3.0,False
10000886,2023-04-13 21:18:56,235,Canada,Fashion,Marketplace,Credit Card,3,71.14,0.05,202.75,37.0,5.0,4.0,False
10001589,2023-04-14 15:28:18,308,India,Beauty,Web,Credit Card,1,60.69,0.0,60.69,,4.0,9.0,False
10000038,2023-04-14 23:43:09,2,Spain,Fashion,Mobile App,PayPal,6,49.26,0.1,266.0,26.0,,10.0,False
10003317,2023-04-15 03:38:40,472,Spain,Toys,Mobile App,Credit Card,5,34.9,0.0,174.5,,5.0,5.0,False
10002427,2023-04-15 19:19:22,182,Spain,Fashion,Web,Credit Card,3,49.24,0.0,147.72,28.0,4.0,6.0,False
10001119,2023-04-15 20:18:54,176,Brazil,Fashion,Web,Credit Card,1,44.02,0.2,35.22,32.0,3.0,4.0,True
10000454,2023-04-16 11:55:57,615,Germany,Home & Garden,Web,Credit Card,5,109.97,0.0,549.85,44.0,4.0,5.0,False
10002327,2023-04-16 19:18:34,99,Spain,Electronics,Web,Credit Card,3,181.05,0.05,515.99,54.0,3.0,7.0,False
10003170,2023-04-17 20:21:46,577,United Kingdom,Sports,Web,Credit Card,3,115.87,0.1,312.85,38.0,3.0,3.0,False
10000577,2023-04-18 15:15:28,237,Canada,Beauty,Web,Credit Card,4,16.25,0.1,58.5,40.0,4.0,4.0,False
10000724,2023-04-18 20:08:32,384,Canada,Beauty,Marketplace,PayPal,3,57.81,0.05,164.76,18.0,5.0,3.0,False
10000195,2023-04-18 21:09:00,390,Brazil,Toys,Web,PayPal,2,27.53,0.2,44.05,24.0,5.0,7.0,False
10004916,2023-04-19 10:28:11,463,Brazil,Toys,Mobile App,PayPal,3,53.29,0.0,159.87,38.0,5.0,8.0,False
10000045,2023-04-20 01:27:04,531,Spain,Fashion,Marketplace,Bank Transfer,1,47.2,0.0,47.2,43.0,3.0,5.0,False
10004531,2023-04-20 03:42:33,601,United States,Home & Garden,Store,PayPal,1,104.29,0.05,99.08,35.0,5.0,3.0,False
10000675,2023-04-20 08:52:15,406,Italy,Electronics,Web,PayPal,1,113.51,0.05,107.83,40.0,2.0,5.0,False
10000291,2023-04-20 10:30:43,261,Germany,Fashion,Web,PayPal,4,96.17,0.2,307.74,22.0,4.0,5.0,False
10000942,2023-04-20 16:51:13,228,Canada,Toys,Store,Bank Transfer,2,28.18,0.1,50.72,57.0,5.0,5.0,False
10002981,2023-04-20 18:05:41,125,Germany,Sports,Mobile App,PayPal,4,112.7,0.0,450.8,30.0,4.0,2.0,False
10002321,2023-04-21 03:38:44,341,France,Beauty,Web,Bank Transfer,5,33.14,0.0,165.7,42.0,5.0,5.0,False
10004160,2023-04-21 06:59:17,310,United States,Toys,Marketplace,Credit Card,1,33.14,0.2,26.51,61.0,2.0,7.0,False
10003355,2023-04-21 13:05:49,397,Japan,Sports,Marketplace,Bank Transfer,1,139.14,0.0,139.14,34.0,4.0,5.0,True
10003004,2023-04-22 04:59:39,457,United Kingdom,Beauty,Store,PayPal,2,21.51,0.0,43.02,46.0,5.0,4.0,False
10003181,2023-04-22 10:35:33,380,India,Electronics,Marketplace,PayPal,1,405.43,0.05,385.16,47.0,4.0,1.0,False
10003653,2023-04-22 15:43:36,351,Germany,Fashion,Mobile App,PayPal,3,61.07,0.1,164.89,56.0,,5.0,False
10001576,2023-04-23 02:49:31,313,Germany,Home & Garden,Mobile App,PayPal,2,70.58,0.05,134.1,24.0,4.0,3.0,False
10003732,2023-04-23 05:08:00,74,Germany,Toys,Web,Credit Card,2,19.45,0.1,35.01,33.0,4.0,5.0,False
10000657,2023-04-23 09:51:52,45,United States,Home & Garden,Mobile App,Gift Card,1,92.17,0.0,92.17,35.0,,8.0,False
10000432,2023-04-23 17:05:41,83,United States,Beauty,Marketplace,Credit Card,2,72.81,0.1,131.06,18.0,5.0,4.0,False
10000737,2023-04-24 01:17:53,197,Brazil,Toys,Web,PayPal,5,22.54,0.1,101.43,30.0,5.0,3.0,False
10003197,2023-04-24 04:43:19,70,United States,Home & Garden,Marketplace,PayPal,3,63.25,0.0,189.75,30.0,3.0,9.0,False
10002160,2023-04-24 12:36:12,312,India,Home & Garden,Mobile App,Credit Card,4,88.08,0.3,246.62,31.0,3.0,5.0,False
10004491,2023-04-24 13:24:32,568,Japan,Fashion,Mobile App,Credit Card,3,133.21,0.2,319.7,40.0,5.0,4.0,False
10003476,2023-04-25 03:14:58,336,United Kingdom,Home & Garden,Mobile App,PayPal,2,24.29,0.0,48.58,31.0,5.0,5.0,False
10002951,2023-04-25 10:23:36,509,Canada,Beauty,Mobile App,Credit Card,4,25.92,0.05,98.5,52.0,5.0,2.0,False
10004334,2023-04-25 10:33:38,481,United States,Home & Garden,Mobile App,Gift Card,2,59.92,0.0,119.84,18.0,4.0,3.0,False
10001833,2023-04-25 15:14:43,612,Italy,Beauty,Store,Credit Card,3,37.19,0.0,111.57,27.0,5.0,2.0,False
10002723,2023-04-25 21:17:33,12,Japan,Fashion,Marketplace,PayPal,1,55.11,0.0,55.11,67.0,3.0,7.0,False
10000941,2023-04-26 10:56:30,482,Spain,Sports,Mobile App,Credit Card,3,164.8,0.0,494.4,39.0,4.0,4.0,False
10000114,2023-04-27 01:12:55,541,India,Fashion,Marketplace,PayPal,3,20.19,0.0,60.57,18.0,3.0,7.0,False
10000720,2023-04-27 12:54:12,491,United States,Sports,Store,Credit Card,2,66.84,0.0,133.68,33.0,3.0,7.0,False
10002101,2023-04-28 22:39:07,530,France,Toys,Web,PayPal,5,19.64,0.05,93.29,43.0,,8.0,False
10003205,2023-04-29 04:33:59,617,India,Electronics,Mobile App,PayPal,2,156.9,0.05,298.11,44.0,4.0,5.0,False
10000736,2023-04-29 18:29:41,588,France,Fashion,Web,PayPal,5,79.44,0.0,397.2,37.0,4.0,4.0,False
10002315,2023-04-30 14:49:52,383,France,Home & Garden,Web,PayPal,3,71.86,0.0,215.58,22.0,3.0,2.0,False
10002193,2023-04-30 19:42:59,498,Canada,Toys,Mobile App,PayPal,2,25.46,0.1,45.83,41.0,4.0,2.0,False
10004302,2023-05-01 06:01:28,547,United States,Fashion,Web,Credit Card,3,57.61,0.3,120.98,29.0,5.0,6.0,False
10002152,2023-05-01 15:48:52,605,India,Beauty,Marketplace,Credit Card,1,20.6,0.0,20.6,38.0,5.0,4.0,False
10003081,2023-05-01 17:40:16,570,Germany,Sports,Web,Credit Card,3,40.45,0.0,121.35,37.0,2.0,10.0,False
10004475,2023-05-01 19:26:01,369,United Kingdom,Beauty,Web,PayPal,3,33.44,0.1,90.29,18.0,3.0,4.0,False
10004979,2023-05-01 23:40:49,489,United States,Electronics,Marketplace,PayPal,2,508.39,0.0,1016.78,34.0,5.0,5.0,False
10003728,2023-05-02 17:08:33,10,Brazil,Beauty,Web,PayPal,6,27.3,0.2,131.04,19.0,3.0,6.0,False
10002844,2023-05-03 02:01:49,422,India,Electronics,Web,Credit Card,1,147.08,0.0,147.08,39.0,5.0,4.0,False
10002034,2023-05-03 04:54:38,78,United States,Fashion,Marketplace,Credit Card,3,79.12,0.0,237.36,38.0,5.0,8.0,False
10004481,2023-05-03 05:35:14,575,Canada,Electronics,Mobile App,PayPal,5,273.06,0.3,955.71,23.0,4.0,6.0,False
10002729,2023-05-03 22:27:26,182,France,Beauty,Mobile App,Gift Card,3,47.73,0.1,128.87,23.0,3.0,6.0,True
10003299,2023-05-04 16:09:36,84,United Kingdom,Beauty,Web,PayPal,1,39.81,0.05,37.82,18.0,5.0,7.0,False
10003958,2023-05-05 02:28:29,576,Japan,Electronics,Marketplace,Credit Card,5,285.27,0.1,1283.71,53.0,3.0,3.0,False
10004193,2023-05-05 15:52:56,270,Italy,Home & Garden,Mobile App,Bank Transfer,1,42.64,0.1,38.38,45.0,5.0,1.0,False
10002332,2023-05-05 20:22:47,340,United States,Electronics,Web,Credit Card,2,294.37,0.0,588.74,35.0,4.0,3.0,False
10004502,2023-05-06 17:39:23,293,Germany,Fashion,Web,Credit Card,4,87.73,0.2,280.74,36.0,,4.0,True
10000634,2023-05-07 12:11:04,260,United States,Fashion,Mobile App,Credit Card,4,145.77,0.0,583.08,60.0,5.0,4.0,False
10004330,2023-05-07 14:14:21,56,Japan,Beauty,Web,PayPal,5,65.22,0.0,326.1,36.0,5.0,4.0,False
10000203,2023-05-07 21:18:57,7,Japan,Home & Garden,Marketplace,Credit Card,5,59.52,0.3,208.32,,5.0,5.0,False
10003730,2023-05-08 00:27:25,327,Spain,Toys,Web,Credit Card,3,26.86,0.1,72.52,39.0,3.0,3.0,False
10000146,2023-05-08 03:05:17,87,United States,Beauty,Web,Credit Card,4,27.88,0.0,111.52,35.0,,7.0,False
10000183,2023-05-08 19:28:54,202,United States,Sports,Web,Credit Card,3,81.68,0.0,245.04,38.0,2.0,6.0,False
10001904,2023-05-08 23:08:00,252,Spain,Fashion,Mobile App,Credit Card,5,24.29,0.0,121.45,23.0,4.0,7.0,False
10004177,2023-05-10 02:54:46,477,India,Electronics,Mobile App,Credit Card,2,208.09,0.0,416.18,60.0,3.0,3.0,False
10003472,2023-05-10 07:09:07,239,Canada,Fashion,Web,Credit Card,3,45.23,0.0,135.69,56.0,4.0,9.0,False
10001019,2023-05-10 18:57:20,99,United States,Electronics,Marketplace,Bank Transfer,4,202.14,0.0,808.56,41.0,5.0,4.0,False
10001168,2023-05-10 21:42:08,569,United Kingdom,Sports,Web,PayPal,4,79.05,0.0,316.2,46.0,4.0,6.0,False
10004820,2023-05-11 08:31:03,384,Germany,Home & Garden,Mobile App,Credit Card,1,195.81,0.0,195.81,46.0,4.0,11.0,False
10003554,2023-05-12 02:05:10,3,Italy,Fashion,Web,Gift Card,3,173.69,0.2,416.86,43.0,2.0,4.0,False
10001902,2023-05-12 15:34:17,243,United Kingdom,Fashion,Store,Credit Card,1,26.45,0.3,18.51,,5.0,4.0,False
10001311,2023-05-12 20:24:35,11,Italy,Home & Garden,Mobile App,Credit Card,3,70.09,0.05,199.76,32.0,,11.0,False
10002110,2023-05-13 00:47:18,411,Italy,Home & Garden,Marketplace,Credit Card,3,94.72,0.0,284.16,46.0,5.0,5.0,False
10000435,2023-05-13 18:21:11,606,Spain,Beauty,Mobile App,Credit Card,2,64.42,0.1,115.96,21.0,4.0,8.0,False
10004267,2023-05-14 02:14:58,178,Spain,Fashion,Mobile App,PayPal,2,25.12,0.0,50.24,,3.0,6.0,False
10004050,2023-05-14 04:14:13,237,France,Home & Garden,Web,Credit Card,1,75.37,0.3,52.76,43.0,3.0,7.0,False
10000502,2023-05-14 13:39:06,82,Canada,Home & Garden,Store,Gift Card,1,33.79,0.0,33.79,36.0,5.0,4.0,False
10004761,2023-05-14 14:16:01,53,United States,Electronics,Web,Credit Card,1,310.39,0.2,248.31,31.0,5.0,7.0,False
10001791,2023-05-15 09:06:04,307,Canada,Fashion,Web,Credit Card,2,61.9,0.0,123.8,28.0,2.0,5.0,True
10000553,2023-05-15 10:59:07,70,United States,Electronics,Marketplace,Credit Card,1,210.03,0.3,147.02,,5.0,5.0,False
10004474,2023-05-15 13:17:52,414,Japan,Sports,Web,Credit Card,4,64.66,0.0,258.64,42.0,4.0,4.0,False
10004533,2023-05-16 07:04:59,269,Brazil,Fashion,Store,Credit Card,2,52.52,0.2,84.03,27.0,4.0,6.0,False
10000219,2023-05-16 08:50:57,430,United States,Toys,Mobile App,Gift Card,3,42.39,0.3,89.02,45.0,4.0,4.0,False
10003528,2023-05-16 16:00:51,539,United States,Home & Garden,Web,Credit Card,2,151.57,0.1,272.83,42.0,3.0,7.0,False
10003521,2023-05-16 16:52:02,84,Brazil,Electronics,Mobile App,PayPal,1,405.22,0.05,384.96,39.0,5.0,4.0,False
10003964,2023-05-16 22:48:43,168,Brazil,Home & Garden,Marketplace,PayPal,2,134.63,0.0,269.26,48.0,5.0,5.0,False
10003711,2023-05-16 23:00:05,497,France,Fashion,Store,PayPal,3,47.88,0.05,136.46,41.0,5.0,4.0,False
10004380,2023-05-17 04:08:21,26,United Kingdom,Toys,Web,PayPal,2,14.72,0.0,29.44,18.0,3.0,5.0,False
10000794,2023-05-17 05:02:09,409,France,Electronics,Marketplace,Bank Transfer,1,203.36,0.0,203.36,32.0,5.0,3.0,False
10001480,2023-05-17 09:05:44,319,United States,Sports,Mobile App,Gift Card,2,92.0,0.1,165.6,26.0,5.0,7.0,False
10001214,2023-05-17 11:29:50,350,United States,Electronics,Mobile App,Credit Card,1,223.89,0.0,223.89,18.0,4.0,5.0,False
10001409,2023-05-17 17:40:25,160,Germany,Fashion,Mobile App,Gift Card,1,56.32,0.3,39.42,35.0,2.0,6.0,False
10004097,2023-05-17 18:23:40,109,Brazil,Fashion,Web,Credit Card,2,143.1,0.0,286.2,29.0,5.0,10.0,True
10002615,2023-05-18 00:05:58,491,Canada,Home & Garden,Mobile App,Credit Card,1,68.32,0.2,54.66,32.0,4.0,2.0,False
10001650,2023-05-18 05:13:34,461,Spain,Fashion,Marketplace,Credit Card,1,42.57,0.3,29.8,39.0,2.0,6.0,False
10002521,2023-05-19 02:51:16,417,United States,Sports,Web,Bank Transfer,3,39.78,0.0,119.34,26.0,4.0,7.0,False
10003193,2023-05-19 13:33:55,280,Germany,Fashion,Marketplace,Credit Card,4,36.78,0.3,102.98,32.0,4.0,12.0,False
10004983,2023-05-19 13:39:13,482,Japan,Fashion,Web,Credit Card,4,27.49,0.2,87.97,39.0,4.0,3.0,False
10003622,2023-05-19 18:17:44,235,United Kingdom,Fashion,Mobile App,PayPal,3,61.45,0.0,184.35,18.0,3.0,4.0,False
10003761,2023-05-20 03:09:25,494,Japan,Home & Garden,Mobile App,Credit Card,1,70.57,0.05,67.04,32.0,4.0,2.0,False
10003264,2023-05-20 09:15:19,333,United States,Fashion,Web,Credit Card,5,45.07,0.05,214.08,45.0,5.0,10.0,False
10001339,2023-05-20 12:59:38,148,United States,Beauty,Mobile App,Gift Card,2,54.51,0.0,109.02,47.0,3.0,5.0,False
10001448,2023-05-20 13:18:03,302,France,Sports,Marketplace,Credit Card,2,108.42,0.0,216.84,30.0,3.0,6.0,False
10002658,2023-05-20 13:27:41,62,United States,Fashion,Web,Bank Transfer,3,42.24,0.05,120.38,46.0,4.0,4.0,False
10002069,2023-05-20 22:03:26,189,United Kingdom,Sports,Web,Credit Card,2,64.79,0.0,129.58,37.0,4.0,4.0,False
10004536,2023-05-21 05:23:57,492,Spain,Electronics,Marketplace,Credit Card,3,173.9,0.3,365.19,37.0,4.0,5.0,False
10002736,2023-05-21 05:38:22,132,Spain,Electronics,Web,Credit Card,2,233.55,0.1,420.39,55.0,2.0,5.0,False
10004745,2023-05-21 07:29:18,14,United States,Toys,Mobile App,Credit Card,2,23.37,0.0,560.88,,4.0,5.0,False
10003795,2023-05-21 08:08:44,609,Brazil,Electronics,Marketplace,PayPal,2,316.42,0.1,569.56,44.0,4.0,6.0,False
10000592,2023-05-21 14:29:23,139,Germany,Beauty,Mobile App,Bank Transfer,2,30.55,0.0,61.1,,5.0,6.0,True
10002026,2023-05-21 19:45:52,185,United States,Home & Garden,Web,Bank Transfer,5,71.34,0.0,356.7,40.0,3.0,5.0,False
10002880,2023-05-21 20:08:34,449,Germany,Beauty,Mobile App,Credit Card,1,112.64,0.0,112.64,35.0,5.0,7.0,False
10003961,2023-05-22 02:34:56,246,Canada,Electronics,Mobile App,Credit Card,5,81.9,0.0,409.5,54.0,4.0,2.0,False
10000256,2023-05-23 02:45:35,463,France,Electronics,Mobile App,Credit Card,2,162.33,0.0,324.66,,,6.0,False
10004081,2023-05-23 06:50:15,310,India,Home & Garden,Web,Bank Transfer,1,94.72,0.05,89.98,50.0,4.0,6.0,False
10000495,2023-05-23 15:37:29,600,United States,Electronics,Marketplace,Credit Card,1,80.47,0.0,80.47,33.0,3.0,3.0,False
10000139,2023-05-23 22:07:30,1,Germany,Sports,Mobile App,Credit Card,4,34.02,0.3,95.26,19.0,4.0,6.0,False
10003787,2023-05-24 01:33:27,314,United States,Electronics,Marketplace,Credit Card,3,515.88,0.1,1392.88,49.0,2.0,3.0,False
10001115,2023-05-24 20:48:52,246,France,Electronics,Web,Credit Card,3,190.79,0.0,572.37,26.0,4.0,5.0,False
10000604,2023-05-25 00:12:31,374,Italy,Fashion,Mobile App,PayPal,1,21.73,0.0,21.73,28.0,3.0,7.0,False
10000083,2023-05-25 06:59:59,540,Canada,Beauty,Marketplace,Credit Card,4,18.63,0.1,67.07,45.0,4.0,7.0,False
10000202,2023-05-25 09:34:14,575,Germany,Electronics,Mobile App,PayPal,4,156.77,0.1,564.37,38.0,3.0,5.0,False
10001800,2023-05-26 01:13:01,199,Canada,Fashion,Web,Gift Card,3,50.24,0.05,143.18,46.0,5.0,5.0,False
10002808,2023-05-26 03:49:56,416,Canada,Electronics,Mobile App,Credit Card,2,400.82,0.0,801.64,23.0,4.0,6.0,False
10004352,2023-05-26 12:23:57,494,Japan,Sports,Web,Bank Transfer,4,108.04,0.1,388.94,46.0,3.0,5.0,False
10002421,2023-05-26 15:36:18,4,Japan,Beauty,Web,Credit Card,5,27.21,0.05,129.25,45.0,1.0,3.0,False
10002882,2023-05-26 16:38:01,432,United States,Electronics,Web,Credit Card,4,160.86,0.0,643.44,31.0,5.0,6.0,False
10003682,2023-05-26 23:31:17,453,United Kingdom,Home & Garden,Marketplace,PayPal,2,81.19,0.0,162.38,50.0,4.0,6.0,False
10003351,2023-05-27 17:42:45,124,United States,Fashion,Web,Credit Card,3,74.48,0.2,178.75,36.0,2.0,5.0,False
10003488,2023-05-28 01:39:28,398,United States,Sports,Store,Credit Card,2,32.21,0.0,64.42,18.0,5.0,1.0,False
10000410,2023-05-28 23:58:05,301,United States,Sports,Mobile App,PayPal,3,113.49,0.0,340.47,52.0,4.0,3.0,False
10003171,2023-05-30 09:11:00,617,Japan,Electronics,Web,Credit Card,2,376.17,0.1,677.11,21.0,,6.0,False
10003770,2023-05-30 11:30:58,315,United States,Fashion,Mobile App,Credit Card,3,54.57,0.1,147.34,39.0,4.0,7.0,True
10000475,2023-05-30 17:42:23,35,United Kingdom,Home & Garden,Web,Credit Card,3,86.7,0.1,234.09,47.0,4.0,5.0,False
10003293,2023-05-31 16:20:23,359,Brazil,Beauty,Mobile App,Credit Card,1,21.51,0.0,21.51,41.0,3.0,3.0,False
10002845,2023-05-31 18:37:45,300,India,Home & Garden,Web,Credit Card,3,59.49,0.0,178.47,50.0,5.0,6.0,False
10004553,2023-06-01 04:15:58,549,Canada,Electronics,Mobile App,Credit Card,2,162.17,0.05,308.12,50.0,5.0,3.0,False
10004733,2023-06-01 07:35:35,539,United States,Electronics,Web,Bank Transfer,4,186.67,0.1,672.01,25.0,4.0,2.0,False
10001597,2023-06-01 21:16:50,59,United States,Sports,Web,Credit Card,1,23.6,0.0,23.6,31.0,5.0,6.0,False
10000957,2023-06-02 05:44:43,595,United Kingdom,Sports,Store,Credit Card,2,60.56,0.0,121.12,22.0,5.0,7.0,False
10000391,2023-06-02 09:51:32,595,Germany,Sports,Store,PayPal,2,118.1,0.0,236.2,48.0,4.0,4.0,False
10000200,2023-06-02 14:59:40,304,Spain,Sports,Web,PayPal,2,89.87,0.3,125.82,37.0,,3.0,False
10002682,2023-06-02 17:18:16,209,India,Beauty,Mobile App,Credit Card,3,51.84,0.1,139.97,24.0,4.0,6.0,False
10002230,2023-06-02 21:39:46,295,United States,Home & Garden,Marketplace,PayPal,4,234.4,0.0,937.6,43.0,4.0,2.0,False
10002927,2023-06-03 04:04:03,580,Brazil,Electronics,Store,Credit Card,2,168.75,0.0,337.5,24.0,,7.0,True
10003885,2023-06-03 17:01:31,126,France,Sports,Web,PayPal,3,67.42,0.05,192.15,57.0,4.0,7.0,False
10001268,2023-06-04 08:55:30,326,Germany,Sports,Web,PayPal,1,43.56,0.0,43.56,59.0,3.0,5.0,False
10002279,2023-06-04 14:31:11,230,Germany,Home & Garden,Web,Gift Card,3,78.93,0.2,189.43,37.0,5.0,4.0,False
10004884,2023-06-04 15:51:26,538,United States,Electronics,Mobile App,Credit Card,1,149.8,0.2,119.84,29.0,4.0,3.0,False
10001551,2023-06-05 01:39:49,255,Spain,Fashion,Web,Credit Card,3,67.35,0.0,202.05,51.0,4.0,5.0,False
10004350,2023-06-05 02:53:09,26,Italy,Electronics,Web,Credit Card,3,186.87,0.0,560.61,47.0,5.0,3.0,False
10000387,2023-06-05 11:42:59,460,Germany,Beauty,Web,Credit Card,6,32.14,0.0,192.84,18.0,5.0,2.0,False
10001721,2023-06-05 14:53:38,338,Germany,Home & Garden,Mobile App,PayPal,2,79.12,0.0,158.24,40.0,4.0,3.0,False
10004605,2023-06-05 17:13:39,518,France,Electronics,Mobile App,Credit Card,5,138.71,0.0,693.55,41.0,4.0,7.0,False
10003714,2023-06-05 19:07:37,125,Japan,Home & Garden,Store,Credit Card,2,41.59,0.05,79.02,40.0,3.0,4.0,False
10003033,2023-06-05 20:02:14,53,Germany,Electronics,Store,Credit Card,2,110.54,0.0,221.08,40.0,4.0,4.0,False
10002426,2023-06-06 08:38:25,542,United Kingdom,Toys,Mobile App,Bank Transfer,1,44.78,0.0,44.78,33.0,,5.0,False
10003467,2023-06-07 00:36:02,21,Canada,Home & Garden,Marketplace,Credit Card,3,51.75,0.0,155.25,59.0,4.0,3.0,False
10000784,2023-06-07 21:30:13,494,United States,Home & Garden,Mobile App,PayPal,3,75.38,0.0,226.14,18.0,2.0,6.0,True
10001158,2023-06-08 05:56:31,249,France,Toys,Web,Credit Card,2,32.28,0.0,64.56,28.0,4.0,6.0,False
10000368,2023-06-08 14:15:12,544,United States,Fashion,Store,Credit Card,3,107.88,0.0,323.64,42.0,5.0,6.0,False
10004670,2023-06-08 14:18:27,176,United States,Fashion,Mobile App,Credit Card,1,50.77,0.0,50.77,25.0,,2.0,False
10002591,2023-06-08 22:01:49,409,Germany,Sports,Web,Credit Card,1,73.88,0.0,73.88,26.0,3.0,5.0,False
10002364,2023-06-09 03:31:51,368,India,Toys,Mobile App,Credit Card,6,29.74,0.0,178.44,34.0,3.0,3.0,False
10004469,2023-06-09 07:13:03,169,United States,Fashion,Web,Credit Card,1,66.76,0.05,63.42,60.0,5.0,9.0,False
10000789,2023-06-09 08:11:56,570,United Kingdom,Electronics,Web,Credit Card,4,338.51,0.0,1354.04,31.0,,4.0,False
10004965,2023-06-09 16:17:08,557,United States,Electronics,Mobile App,Credit Card,1,287.2,0.2,229.76,22.0,2.0,5.0,False
10002988,2023-06-09 19:30:33,139,United States,Beauty,Mobile App,PayPal,2,39.22,0.2,62.75,18.0,3.0,10.0,False
10003397,2023-06-09 22:22:10,316,United Kingdom,Beauty,Store,Credit Card,4,32.65,0.0,130.6,38.0,4.0,3.0,False
10002131,2023-06-11 00:48:44,573,Canada,Fashion,Mobile App,Bank Transfer,4,26.59,0.0,106.36,36.0,3.0,6.0,False
10004776,2023-06-11 09:22:26,45,Japan,Fashion,Store,Credit Card,2,35.85,0.0,71.7,33.0,5.0,7.0,False
10000527,2023-06-11 18:03:47,220,United States,Toys,Web,Gift Card,1,20.88,0.1,18.79,55.0,2.0,7.0,False
10004057,2023-06-12 21:40:24,269,Germany,Fashion,Mobile App,Credit Card,6,137.87,0.0,827.22,64.0,4.0,3.0,False
10004011,2023-06-13 06:16:59,201,Italy,Home & Garden,Web,PayPal,2,71.53,0.1,128.75,35.0,3.0,5.0,False
10003059,2023-06-13 11:51:53,83,United Kingdom,Home & Garden,Web,PayPal,3,77.18,0.3,162.08,18.0,2.0,2.0,True
10004002,2023-06-13 20:14:55,146,France,Electronics,Web,PayPal,2,275.33,0.05,523.13,52.0,4.0,4.0,False
10000985,2023-06-13 22:12:46,491,Germany,Home & Garden,Mobile App,Bank Transfer,5,214.6,0.05,1019.35,57.0,4.0,4.0,False
10001107,2023-06-14 14:56:21,339,United States,Fashion,Web,Credit Card,4,25.7,0.0,102.8,61.0,,5.0,False
10004337,2023-06-15 10:05:19,521,United States,Fashion,Web,Credit Card,3,91.92,0.05,261.97,31.0,4.0,4.0,False
10004689,2023-06-15 11:12:17,175,United States,Fashion,Web,Bank Transfer,3,36.45,0.0,109.35,54.0,4.0,2.0,False
10003726,2023-06-15 11:35:05,324,Canada,Electronics,Web,Bank Transfer,5,181.74,0.05,863.26,48.0,5.0,3.0,False
10001083,2023-06-15 17:57:30,191,United States,Beauty,Marketplace,Credit Card,3,49.78,0.2,119.47,34.0,4.0,8.0,False
10004718,2023-06-16 00:39:39,367,Canada,Electronics,Web,Credit Card,2,221.51,0.0,443.02,35.0,3.0,7.0,False
10004145,2023-06-16 21:27:37,80,Spain,Electronics,Mobile App,Credit Card,1,244.3,0.1,219.87,36.0,4.0,7.0,False
10000768,2023-06-17 06:50:54,408,United States,Fashion,Mobile App,PayPal,5,59.15,0.1,266.18,42.0,5.0,4.0,False
10004758,2023-06-17 08:29:45,208,Japan,Home & Garden,Marketplace,Credit Card,2,57.6,0.05,109.44,42.0,,6.0,False
10002461,2023-06-18 05:30:15,429,Japan,Toys,Mobile App,Credit Card,6,17.95,0.05,102.31,49.0,5.0,4.0,False
10004331,2023-06-18 07:13:24,479,Italy,Fashion,Web,Credit Card,3,41.3,0.0,123.9,42.0,4.0,3.0,False
10003769,2023-06-18 07:48:49,619,Canada,Fashion,Web,Credit Card,2,49.0,0.3,68.6,55.0,4.0,6.0,False
10004739,2023-06-18 11:49:17,141,United States,Beauty,Web,Credit Card,3,47.57,0.1,128.44,19.0,3.0,3.0,False
10001205,2023-06-18 18:16:58,517,Spain,Beauty,Web,Credit Card,2,23.23,0.0,46.46,32.0,4.0,4.0,False
10003731,2023-06-18 18:41:46,373,United Kingdom,Electronics,Store,Credit Card,2,89.51,0.0,179.02,18.0,4.0,7.0,False
10004486,2023-06-19 19:11:34,601,Brazil,Fashion,Mobile App,Credit Card,2,35.44,0.0,70.88,36.0,3.0,5.0,False
10004398,2023-06-20 15:23:13,51,Canada,Sports,Web,PayPal,1,70.19,0.3,49.13,56.0,,4.0,False
10001532,2023-06-20 19:18:40,436,United Kingdom,Toys,Marketplace,Credit Card,1,23.3,0.0,23.3,39.0,3.0,2.0,False
10003868,2023-06-21 08:00:49,262,United States,Beauty,Web,Bank Transfer,1,33.95,0.05,32.25,37.0,5.0,6.0,False
10002523,2023-06-21 11:39:06,587,Germany,Sports,Web,Bank Transfer,3,61.4,0.1,165.78,18.0,3.0,4.0,False
10004857,2023-06-21 14:32:39,367,United States,Sports,Marketplace,Credit Card,2,70.01,0.1,126.02,40.0,5.0,3.0,False
10004922,2023-06-21 20:32:21,202,Germany,Electronics,Store,Bank Transfer,1,296.18,0.0,296.18,69.0,3.0,4.0,False
10003892,2023-06-21 23:57:50,401,United Kingdom,Beauty,Mobile App,Credit Card,2,36.87,0.1,66.37,58.0,4.0,5.0,False
10003988,2023-06-22 04:07:30,102,United Kingdom,Fashion,Web,Credit Card,1,117.88,0.05,111.99,34.0,3.0,3.0,False
10004230,2023-06-22 08:52:51,27,United States,Fashion,Web,Credit Card,4,70.69,0.0,282.76,37.0,2.0,8.0,False
10002045,2023-06-23 00:30:38,301,Canada,Sports,Web,Credit Card,3,51.78,0.0,155.34,45.0,,8.0,False
10000591,2023-06-23 16:41:48,16,United Kingdom,Electronics,Web,Credit Card,3,138.06,0.0,414.18,37.0,,2.0,False
10003987,2023-06-23 22:45:17,570,United States,Sports,Store,Credit Card,2,59.92,0.0,119.84,25.0,4.0,5.0,False
10003457,2023-06-24 04:52:38,326,Canada,Electronics,Marketplace,PayPal,3,274.16,0.0,822.48,55.0,5.0,3.0,False
10003561,2023-06-24 20:27:15,159,Canada,Home & Garden,Web,PayPal,3,139.03,0.0,417.09,36.0,5.0,7.0,False
10003825,2023-06-25 00:54:29,138,Canada,Toys,Store,Credit Card,3,21.67,0.0,65.01,29.0,4.0,6.0,False
10004643,2023-06-25 11:22:51,369,United States,Fashion,Mobile App,Credit Card,3,20.15,0.0,60.45,27.0,4.0,6.0,False
10000375,2023-06-25 18:29:13,504,United States,Fashion,Store,Credit Card,1,70.32,0.0,70.32,29.0,3.0,4.0,False
10001283,2023-06-26 14:59:14,238,United States,Electronics,Mobile App,Credit Card,3,405.27,0.05,1155.02,51.0,,3.0,False
10000254,2023-06-26 18:16:19,321,Spain,Electronics,Web,Credit Card,6,307.91,0.05,1755.09,22.0,4.0,4.0,False
10003715,2023-06-27 02:36:44,402,United States,Sports,Web,Bank Transfer,1,100.42,0.1,90.38,41.0,5.0,6.0,False
10001617,2023-06-27 07:20:32,161,United Kingdom,Sports,Web,PayPal,2,49.49,0.05,94.03,27.0,2.0,5.0,True
10004625,2023-06-27 22:24:17,373,Spain,Beauty,Web,Credit Card,5,14.01,0.05,66.55,21.0,4.0,5.0,False
10001137,2023-06-28 13:52:08,120,India,Beauty,Marketplace,PayPal,3,26.17,0.0,78.51,71.0,5.0,4.0,False
10000629,2023-06-28 15:19:00,89,Japan,Toys,Mobile App,Credit Card,2,26.18,0.05,49.74,43.0,5.0,2.0,False
10004753,2023-06-28 20:44:04,382,United States,Fashion,Mobile App,PayPal,1,30.3,0.3,21.21,21.0,,4.0,False
10003688,2023-06-29 08:34:38,302,Germany,Electronics,Store,Credit Card,1,99.62,0.1,89.66,18.0,5.0,5.0,False
10002211,2023-06-29 08:45:37,74,United States,Sports,Store,Credit Card,4,87.84,0.0,351.36,22.0,4.0,5.0,False
10001701,2023-06-29 16:18:33,339,United States,Toys,Web,Bank Transfer,3,23.83,0.05,67.92,18.0,4.0,3.0,False
10001479,2023-06-29 17:15:19,529,Italy,Beauty,Mobile App,Credit Card,3,59.09,0.0,177.27,38.0,,7.0,False
10003632,2023-06-30 12:14:04,223,Italy,Home & Garden,Web,Credit Card,2,76.99,0.0,153.98,18.0,4.0,6.0,False
10002387,2023-06-30 14:42:59,533,United Kingdom,Beauty,Web,Credit Card,4,23.36,0.0,93.44,32.0,3.0,1.0,False
10004136,2023-07-01 18:43:24,390,Spain,Electronics,Store,Credit Card,3,202.23,0.1,546.02,31.0,4.0,6.0,False
10001641,2023-07-01 23:12:51,477,Brazil,Beauty,Marketplace,PayPal,2,85.83,0.0,171.66,44.0,4.0,6.0,True
10004522,2023-07-02 01:17:23,586,Brazil,Home & Garden,Web,Credit Card,2,89.19,0.05,169.46,,4.0,8.0,False
10004048,2023-07-02 04:54:16,455,Germany,Home & Garden,Web,Credit Card,1,109.79,0.1,98.81,46.0,3.0,4.0,False
10003591,2023-07-02 12:03:20,71,United Kingdom,Fashion,Store,PayPal,4,71.05,0.2,227.36,44.0,,3.0,False
10003062,2023-07-03 10:29:29,59,United States,Sports,Mobile App,Credit Card,4,37.59,0.0,150.36,51.0,3.0,8.0,False
10000619,2023-07-03 14:47:32,531,India,Home & Garden,Marketplace,Bank Transfer,1,101.16,0.2,80.93,52.0,5.0,6.0,False
10001025,2023-07-03 23:30:28,415,France,Electronics,Web,PayPal,1,231.93,0.0,231.93,43.0,4.0,2.0,False
10003999,2023-07-04 01:47:51,162,United States,Electronics,Web,Credit Card,3,269.62,0.05,768.42,31.0,3.0,5.0,True
10002062,2023-07-04 01:53:53,126,Germany,Electronics,Mobile App,Credit Card,4,283.23,0.0,1132.92,36.0,3.0,3.0,False
10004609,2023-07-04 10:39:13,581,India,Electronics,Web,Credit Card,4,311.59,0.05,1184.04,18.0,3.0,6.0,False
10003191,2023-07-04 14:13:24,188,United States,Electronics,Web,Credit Card,4,89.26,0.2,285.63,27.0,5.0,6.0,False
10001271,2023-07-04 16:02:54,347,United States,Home & Garden,Web,PayPal,1,128.2,0.05,121.79,49.0,2.0,5.0,False
10001722,2023-07-04 20:26:50,372,United States,Fashion,Mobile App,PayPal,2,38.4,0.0,76.8,22.0,3.0,11.0,False
10004223,2023-07-05 00:06:07,56,Germany,Electronics,Web,Credit Card,3,198.13,0.0,594.39,47.0,4.0,5.0,False
10004183,2023-07-05 10:52:50,460,United States,Beauty,Mobile App,PayPal,2,21.5,0.0,43.0,41.0,4.0,2.0,False
10002963,2023-07-05 15:41:11,367,Italy,Sports,Marketplace,PayPal,3,54.15,0.1,146.2,25.0,3.0,2.0,False
10000799,2023-07-05 18:39:50,12,France,Fashion,Mobile App,Credit Card,1,45.16,0.2,36.13,41.0,4.0,5.0,False
10000349,2023-07-05 22:11:25,189,United States,Beauty,Web,PayPal,2,53.99,0.05,102.58,33.0,4.0,3.0,False
10001147,2023-07-05 22:31:13,451,United Kingdom,Fashion,Store,Credit Card,4,65.02,0.2,208.06,57.0,4.0,2.0,False
10003738,2023-07-06 10:49:26,540,Brazil,Electronics,Web,Credit Card,3,223.6,0.0,670.8,51.0,5.0,7.0,False
10003452,2023-07-06 12:41:33,157,France,Home & Garden,Web,Gift Card,1,81.78,0.0,81.78,18.0,3.0,7.0,False
10000376,2023-07-07 06:01:03,282,Canada,Sports,Mobile App,Credit Card,3,79.11,0.0,237.33,60.0,5.0,3.0,False
10000064,2023-07-07 10:10:37,80,United States,Fashion,Web,Credit Card,2,65.99,0.0,131.98,50.0,5.0,4.0,False
10001367,2023-07-07 22:42:35,416,Canada,Electronics,Mobile App,Gift Card,4,135.64,0.0,542.56,39.0,5.0,3.0,False
10004593,2023-07-08 10:44:08,86,Brazil,Fashion,Web,PayPal,5,30.52,0.0,152.6,31.0,3.0,4.0,False
10002035,2023-07-08 19:28:55,272,United States,Toys,Mobile App,Gift Card,1,17.06,0.05,16.21,43.0,4.0,3.0,False
10004574,2023-07-09 04:55:15,311,United States,Beauty,Web,Bank Transfer,4,118.56,0.2,379.39,27.0,4.0,4.0,False
10003747,2023-07-09 15:40:05,141,United States,Fashion,Mobile App,Gift Card,6,65.48,0.1,353.59,36.0,4.0,3.0,False
10000211,2023-07-10 01:46:15,380,Germany,Electronics,Web,Gift Card,4,252.86,0.0,1011.44,28.0,,6.0,False
10004301,2023-07-10 06:03:26,538,France,Home & Garden,Mobile App,Credit Card,1,53.32,0.0,53.32,71.0,4.0,3.0,False
10004630,2023-07-10 10:00:55,473,Brazil,Beauty,Web,Gift Card,2,37.62,0.05,71.48,37.0,5.0,6.0,False
10001586,2023-07-10 16:53:32,320,United Kingdom,Fashion,Mobile App,PayPal,2,125.34,0.0,250.68,50.0,3.0,4.0,False
10001447,2023-07-10 22:36:35,579,India,Beauty,Web,Credit Card,4,37.53,0.1,135.11,67.0,5.0,4.0,False
10002633,2023-07-11 16:45:36,503,France,Sports,Mobile App,Credit Card,2,76.32,0.05,145.01,36.0,4.0,6.0,False
10001598,2023-07-12 17:51:45,97,India,Electronics,Marketplace,Credit Card,1,388.82,0.05,369.38,23.0,,9.0,False
10002798,2023-07-13 11:13:48,203,United States,Fashion,Store,Bank Transfer,2,83.15,0.0,166.3,25.0,4.0,3.0,False
10002688,2023-07-13 13:30:05,71,Brazil,Fashion,Store,PayPal,3,31.42,0.0,94.26,27.0,4.0,2.0,False
10004163,2023-07-14 02:50:46,338,Spain,Electronics,Mobile App,PayPal,3,188.51,0.0,565.53,18.0,4.0,6.0,False
10004919,2023-07-14 07:41:17,224,Japan,Electronics,Web,PayPal,1,219.4,0.0,219.4,18.0,,4.0,False
10002560,2023-07-15 02:17:24,355,Canada,Home & Garden,Web,Bank Transfer,3,55.12,0.0,165.36,43.0,5.0,4.0,False
10003757,2023-07-15 03:11:51,166,India,Sports,Web,Credit Card,2,61.23,0.0,122.46,18.0,3.0,6.0,False
10002415,2023-07-15 08:37:27,142,India,Home & Garden,Mobile App,Credit Card,1,44.28,0.0,44.28,29.0,4.0,4.0,False
10002827,2023-07-15 21:03:34,270,India,Home & Garden,Web,Credit Card,1,54.54,0.0,54.54,31.0,4.0,6.0,False
10003190,2023-07-15 21:57:19,44,United States,Sports,Web,Credit Card,4,145.11,0.0,580.44,41.0,5.0,4.0,False
10004908,2023-07-16 02:14:03,139,Japan,Home & Garden,Web,Gift Card,3,165.05,0.0,495.15,42.0,5.0,6.0,False
10003396,2023-07-16 02:46:36,522,India,Electronics,Marketplace,Credit Card,2,442.36,0.0,884.72,56.0,3.0,5.0,False
10001648,2023-07-16 17:34:40,347,Germany,Electronics,Mobile App,PayPal,1,123.03,0.0,123.03,47.0,5.0,3.0,False
10004796,2023-07-16 22:07:43,280,United Kingdom,Beauty,Web,PayPal,3,21.44,0.05,61.1,38.0,,7.0,False
10002692,2023-07-17 03:42:04,81,United States,Home & Garden,Web,PayPal,3,99.81,0.05,284.46,21.0,5.0,8.0,False
10003029,2023-07-17 10:46:34,214,Japan,Beauty,Web,Credit Card,4,16.81,0.05,63.88,27.0,3.0,4.0,False
10003506,2023-07-17 11:56:04,252,Italy,Electronics,Mobile App,Credit Card,2,491.61,0.0,983.22,31.0,3.0,9.0,False
10003993,2023-07-17 20:30:30,62,United Kingdom,Fashion,Mobile App,Credit Card,1,21.81,0.0,21.81,68.0,,8.0,False
10004447,2023-07-17 22:06:32,302,Japan,Beauty,Mobile App,Credit Card,3,41.52,0.2,99.65,53.0,3.0,8.0,False
10001197,2023-07-17 22:22:49,513,United States,Fashion,Web,Bank Transfer,2,45.45,0.05,86.36,39.0,4.0,4.0,False
10003575,2023-07-18 02:16:40,51,Italy,Electronics,Web,PayPal,1,236.5,0.0,236.5,45.0,4.0,4.0,False
10000588,2023-07-18 21:02:28,176,United States,Fashion,Marketplace,Credit Card,3,54.77,0.1,147.88,44.0,3.0,8.0,False
10003244,2023-07-19 03:53:04,230,Canada,Electronics,Web,PayPal,3,160.65,0.0,481.95,23.0,,6.0,False
10004314,2023-07-20 05:23:39,185,United States,Beauty,Marketplace,PayPal,3,33.28,0.2,79.87,34.0,4.0,5.0,False
10003074,2023-07-20 14:23:01,34,India,Sports,Mobile App,Credit Card,3,198.34,0.0,595.02,45.0,3.0,5.0,False
10000829,2023-07-20 15:58:15,359,Germany,Fashion,Web,Bank Transfer,2,27.57,0.1,49.63,32.0,2.0,3.0,False
10003882,2023-07-20 18:45:19,587,Germany,Fashion,Mobile App,PayPal,3,57.08,0.1,154.12,39.0,2.0,4.0,False
10004051,2023-07-20 19:16:28,495,India,Sports,Mobile App,PayPal,4,65.05,0.0,260.2,22.0,5.0,6.0,False
10003982,2023-07-21 07:58:51,101,Germany,Fashion,Mobile App,PayPal,3,58.96,0.0,176.88,39.0,5.0,4.0,False
10004347,2023-07-21 08:21:25,560,United States,Home & Garden,Mobile App,Credit Card,2,61.26,0.0,122.52,22.0,4.0,7.0,False
10001266,2023-07-22 01:00:50,120,Italy,Sports,Marketplace,Gift Card,2,27.64,0.1,49.75,42.0,4.0,7.0,False
10002558,2023-07-22 14:44:08,98,Brazil,Electronics,Web,Credit Card,1,373.6,0.3,261.52,37.0,2.0,2.0,False
10002272,2023-07-22 15:31:24,444,United Kingdom,Home & Garden,Web,PayPal,2,73.86,0.1,132.95,24.0,4.0,4.0,False
10000803,2023-07-22 18:23:12,418,India,Fashion,Store,Credit Card,2,60.61,0.0,121.22,68.0,4.0,4.0,False
10002672,2023-07-22 23:34:45,494,India,Fashion,Web,Credit Card,2,83.72,0.0,167.44,36.0,5.0,7.0,False
10000712,2023-07-23 01:36:37,535,United States,Fashion,Web,Credit Card,4,28.61,0.05,108.72,19.0,5.0,4.0,False
10001075,2023-07-23 04:13:24,9,Canada,Toys,Web,Credit Card,3,25.14,0.05,71.65,48.0,3.0,3.0,False
10002929,2023-07-23 13:22:11,419,United States,Sports,Web,Credit Card,3,37.68,0.0,113.04,40.0,4.0,4.0,False
10004098,2023-07-23 18:53:08,285,Germany,Fashion,Web,PayPal,2,26.36,0.2,42.18,35.0,2.0,5.0,False
10004037,2023-07-24 10:58:31,73,Germany,Sports,Mobile App,Credit Card,4,62.68,0.0,250.72,40.0,5.0,2.0,False
10001861,2023-07-24 22:02:27,148,Germany,Home & Garden,Web,Credit Card,6,97.73,0.05,557.06,44.0,5.0,3.0,False
10003328,2023-07-25 03:13:34,471,United States,Sports,Web,Credit Card,2,115.71,0.3,161.99,62.0,4.0,6.0,False
10004785,2023-07-25 10:33:34,444,Japan,Fashion,Web,Credit Card,3,45.27,0.1,122.23,48.0,5.0,7.0,False
10002789,2023-07-25 15:43:11,540,France,Home & Garden,Mobile App,Credit Card,1,88.29,0.0,88.29,29.0,3.0,4.0,False
10000386,2023-07-26 03:39:00,537,Japan,Toys,Mobile App,Credit Card,1,25.02,0.0,25.02,37.0,5.0,5.0,False
10001085,2023-07-26 09:03:48,96,France,Sports,Store,Credit Card,1,49.16,0.0,49.16,19.0,5.0,8.0,False
10001154,2023-07-26 18:50:01,565,India,Beauty,Web,Bank Transfer,1,53.47,0.0,53.47,21.0,,4.0,False
10001773,2023-07-27 04:08:10,383,Brazil,Sports,Marketplace,Credit Card,6,36.15,0.0,216.9,52.0,4.0,8.0,False
10001072,2023-07-27 06:57:24,410,Germany,Fashion,Marketplace,Credit Card,5,72.42,0.0,362.1,33.0,5.0,8.0,False
10003965,2023-07-27 13:57:35,423,United States,Electronics,Store,PayPal,2,466.12,0.05,885.63,59.0,3.0,5.0,False
10002874,2023-07-27 17:22:26,182,Canada,Fashion,Web,Credit Card,3,29.4,0.0,88.2,53.0,4.0,8.0,False
10001191,2023-07-28 01:33:22,497,France,Sports,Web,PayPal,3,44.16,0.05,125.86,39.0,4.0,6.0,False
10001753,2023-07-28 07:49:53,512,United States,Beauty,Marketplace,Gift Card,4,21.46,0.0,85.84,44.0,4.0,4.0,False
10001858,2023-07-28 11:52:37,508,Canada,Electronics,Mobile App,Credit Card,3,198.33,0.1,535.49,37.0,4.0,9.0,False
10004108,2023-07-29 12:52:43,576,Japan,Fashion,Web,PayPal,3,39.59,0.0,118.77,35.0,4.0,2.0,False
10002653,2023-07-29 14:17:33,494,France,Home & Garden,Mobile App,Credit Card,3,94.62,0.05,269.67,34.0,5.0,3.0,False
10001368,2023-07-30 05:07:54,337,India,Electronics,Mobile App,Credit Card,3,231.75,0.1,625.72,27.0,4.0,4.0,False
10002284,2023-07-30 22:36:08,520,United States,Fashion,Mobile App,Credit Card,2,136.88,0.0,273.76,18.0,,3.0,False
10002153,2023-07-31 18:26:50,293,France,Fashion,Marketplace,Credit Card,3,46.63,0.0,139.89,30.0,3.0,10.0,False
10002546,2023-08-01 10:13:56,253,Canada,Electronics,Web,Credit Card,4,135.04,0.1,486.14,30.0,4.0,6.0,True
10003815,2023-08-01 14:32:01,583,United States,Fashion,Web,PayPal,2,82.02,0.05,155.84,24.0,5.0,5.0,False
10004737,2023-08-01 18:28:46,243,Japan,Toys,Store,PayPal,1,39.18,0.0,39.18,20.0,5.0,6.0,False
10003153,2023-08-01 23:51:54,384,Germany,Home & Garden,Marketplace,PayPal,4,89.74,0.1,323.06,58.0,4.0,4.0,False
10002159,2023-08-02 06:50:28,86,United Kingdom,Sports,Web,Credit Card,2,73.72,0.0,147.44,20.0,5.0,8.0,False
10000783,2023-08-03 07:12:15,9,Japan,Electronics,Mobile App,Credit Card,2,231.91,0.0,463.82,46.0,3.0,8.0,False
10003537,2023-08-03 07:54:59,85,Brazil,Fashion,Web,Bank Transfer,3,51.59,0.0,154.77,34.0,2.0,4.0,False
10003128,2023-08-04 03:59:24,213,Germany,Electronics,Marketplace,PayPal,5,233.97,0.2,935.88,38.0,3.0,2.0,False
10002530,2023-08-04 09:47:52,42,Spain,Sports,Web,PayPal,3,26.99,0.3,56.68,43.0,1.0,5.0,False
10001526,2023-08-04 17:01:14,101,Spain,Toys,Web,PayPal,1,33.73,0.05,32.04,41.0,,5.0,False
10004950,2023-08-04 22:28:35,95,Japan,Home & Garden,Web,Credit Card,3,55.8,0.1,150.66,22.0,,3.0,False
10004889,2023-08-05 08:07:10,613,United States,Beauty,Web,Credit Card,1,37.78,0.0,37.78,28.0,5.0,3.0,False
10004700,2023-08-05 20:07:35,45,United States,Toys,Web,Credit Card,3,31.64,0.0,94.92,28.0,3.0,4.0,False
10002365,2023-08-06 16:28:57,389,India,Fashion,Mobile App,Credit Card,4,32.08,0.05,121.9,30.0,5.0,3.0,False
10001046,2023-08-06 16:49:00,198,France,Electronics,Marketplace,Credit Card,1,191.02,0.0,191.02,52.0,3.0,9.0,False
10003169,2023-08-06 19:40:44,390,Germany,Home & Garden,Marketplace,PayPal,3,67.36,0.0,202.08,52.0,5.0,4.0,False
10003577,2023-08-06 23:49:17,292,Canada,Sports,Web,Credit Card,3,69.94,0.0,209.82,41.0,1.0,12.0,False
10002046,2023-08-08 04:56:07,276,United Kingdom,Electronics,Web,Bank Transfer,3,196.72,0.1,531.14,53.0,5.0,1.0,False
10004617,2023-08-08 06:25:49,535,Canada,Sports,Mobile App,Credit Card,1,67.34,0.1,60.61,45.0,5.0,4.0,False
10004211,2023-08-08 10:55:05,82,United States,Home & Garden,Web,PayPal,1,106.67,0.0,106.67,54.0,4.0,9.0,False
10004780,2023-08-08 10:57:59,436,United Kingdom,Sports,Web,Credit Card,2,91.68,0.2,146.69,50.0,3.0,6.0,False
10003105,2023-08-08 23:52:49,9,India,Electronics,Web,Bank Transfer,2,315.61,0.1,568.1,48.0,5.0,6.0,False
10004982,2023-08-09 00:54:30,212,United Kingdom,Fashion,Web,Credit Card,4,50.48,0.1,181.73,18.0,5.0,4.0,False
10000877,2023-08-09 02:31:06,237,Japan,Fashion,Mobile App,Credit Card,1,35.31,0.1,31.78,41.0,4.0,5.0,False
10004564,2023-08-09 07:05:28,16,United Kingdom,Electronics,Web,Bank Transfer,1,116.47,0.1,104.82,51.0,,5.0,False
10003177,2023-08-09 17:47:30,314,United States,Toys,Mobile App,Credit Card,2,55.66,0.05,105.75,54.0,3.0,7.0,True
10004150,2023-08-11 12:47:08,443,Canada,Electronics,Web,PayPal,1,288.43,0.3,201.9,26.0,3.0,5.0,False
10004815,2023-08-11 22:54:56,356,Spain,Home & Garden,Web,PayPal,3,40.74,0.1,110.0,54.0,4.0,5.0,False
10000140,2023-08-11 22:58:47,323,United States,Fashion,Web,Credit Card,1,91.97,0.0,91.97,40.0,3.0,5.0,False
10002795,2023-08-12 09:12:56,493,Canada,Home & Garden,Web,PayPal,2,36.38,0.0,72.76,57.0,4.0,5.0,False
10003508,2023-08-12 11:41:50,116,Italy,Home & Garden,Marketplace,Credit Card,4,58.71,0.0,234.84,39.0,2.0,8.0,False
10001496,2023-08-12 16:16:50,255,India,Fashion,Mobile App,Credit Card,2,75.77,0.0,151.54,,5.0,4.0,False
10000510,2023-08-13 01:46:41,399,Germany,Electronics,Marketplace,Credit Card,2,767.87,0.05,1458.95,28.0,5.0,5.0,False
10001177,2023-08-14 18:22:46,184,United States,Fashion,Web,Credit Card,5,72.66,0.05,345.13,28.0,4.0,3.0,False
10003349,2023-08-14 21:08:12,624,Germany,Home & Garden,Mobile App,Credit Card,1,120.21,0.2,96.17,46.0,4.0,2.0,False
10003698,2023-08-15 02:56:27,405,Spain,Beauty,Mobile App,Bank Transfer,2,23.11,0.05,43.91,18.0,,5.0,False
10002901,2023-08-15 15:35:43,23,United Kingdom,Sports,Web,Credit Card,2,142.82,0.05,271.36,24.0,4.0,8.0,False
10004878,2023-08-16 08:06:12,190,United Kingdom,Home & Garden,Mobile App,Credit Card,1,24.57,0.0,24.57,60.0,4.0,6.0,False
10002244,2023-08-16 08:58:39,616,Canada,Fashion,Mobile App,Credit Card,5,44.63,0.05,211.99,25.0,3.0,5.0,False
10002138,2023-08-16 12:49:02,539,United Kingdom,Home & Garden,Web,Bank Transfer,2,109.46,0.2,175.14,,3.0,7.0,False
10003306,2023-08-16 16:22:43,17,Germany,Home & Garden,Web,Credit Card,3,39.91,0.0,119.73,32.0,3.0,4.0,False
10003756,2023-08-16 17:56:26,501,United States,Electronics,Mobile App,Bank Transfer,4,307.47,0.1,1106.89,28.0,4.0,9.0,False
10003536,2023-08-16 21:14:56,129,Italy,Home & Garden,Web,PayPal,2,61.77,0.0,123.54,19.0,4.0,4.0,False
10002071,2023-08-18 02:07:49,42,France,Fashion,Web,Gift Card,3,20.49,0.05,58.4,37.0,5.0,5.0,False
10004624,2023-08-18 02:17:01,242,United States,Home & Garden,Store,Credit Card,2,51.69,0.0,103.38,27.0,,5.0,False
10004335,2023-08-18 03:15:33,535,Spain,Electronics,Marketplace,PayPal,3,121.1,0.0,363.3,18.0,3.0,2.0,False
10001082,2023-08-18 03:48:42,32,United Kingdom,Beauty,Mobile App,Credit Card,4,41.51,0.0,166.04,50.0,4.0,3.0,False
10001986,2023-08-18 08:14:19,276,United States,Electronics,Web,Credit Card,2,455.61,0.3,637.85,36.0,3.0,2.0,False
10004743,2023-08-18 20:23:18,17,United States,Home & Garden,Web,Gift Card,3,70.61,0.0,211.83,43.0,3.0,3.0,False
10003227,2023-08-19 01:02:25,483,United Kingdom,Beauty,Web,Credit Card,1,25.35,0.0,25.35,23.0,5.0,2.0,False
10002942,2023-08-19 07:08:54,526,United States,Electronics,Marketplace,PayPal,4,488.86,0.0,1955.44,46.0,4.0,4.0,False
10004927,2023-08-19 15:52:56,504,France,Home & Garden,Web,Credit Card,2,47.58,0.0,95.16,52.0,5.0,7.0,False
10002404,2023-08-19 18:25:45,531,United States,Electronics,Store,Credit Card,2,273.78,0.2,438.05,45.0,5.0,2.0,False
10000645,2023-08-20 01:51:08,602,United States,Electronics,Web,Credit Card,3,321.36,0.0,964.08,32.0,,6.0,False
10003210,2023-08-20 04:10:44,469,United States,Fashion,Web,PayPal,3,44.3,0.0,132.9,51.0,5.0,8.0,False
10003568,2023-08-20 05:54:03,180,Canada,Toys,Marketplace,Gift Card,1,41.49,0.0,41.49,,4.0,5.0,False
10003995,2023-08-20 09:41:00,380,United Kingdom,Home & Garden,Mobile App,Credit Card,6,81.98,0.0,491.88,,4.0,3.0,False
10003935,2023-08-20 13:22:44,396,India,Sports,Mobile App,PayPal,3,99.49,0.2,238.78,44.0,5.0,3.0,False
10003980,2023-08-21 05:24:46,212,United States,Fashion,Marketplace,Credit Card,2,29.79,0.0,59.58,28.0,3.0,5.0,False
10003471,2023-08-21 08:17:12,382,United States,Toys,Mobile App,Bank Transfer,4,13.2,0.0,52.8,50.0,2.0,6.0,False
10002537,2023-08-21 10:26:01,427,Brazil,Sports,Mobile App,Credit Card,3,43.79,0.0,131.37,28.0,5.0,5.0,False
10003737,2023-08-21 15:21:30,399,United States,Beauty,Web,PayPal,2,29.1,0.2,46.56,48.0,4.0,5.0,False
10004266,2023-08-22 01:02:10,108,Japan,Electronics,Mobile App,Credit Card,1,157.39,0.2,125.91,45.0,4.0,4.0,False
10002911,2023-08-22 06:27:28,570,United States,Fashion,Web,Credit Card,3,77.49,0.0,232.47,36.0,5.0,7.0,False
10003523,2023-08-22 07:13:11,435,United Kingdom,Electronics,Mobile App,Credit Card,2,157.48,0.0,314.96,29.0,4.0,6.0,False
10003132,2023-08-22 11:49:49,606,France,Fashion,Web,Credit Card,2,49.21,0.3,68.89,31.0,4.0,5.0,False
10001229,2023-08-22 19:34:39,159,India,Toys,Web,Credit Card,1,26.18,0.0,26.18,28.0,4.0,2.0,False
10004329,2023-08-22 22:38:40,378,Germany,Fashion,Web,Credit Card,1,60.41,0.0,60.41,34.0,4.0,5.0,False
10004093,2023-08-23 06:19:24,6,United States,Beauty,Mobile App,Credit Card,3,32.09,0.0,96.27,21.0,,4.0,False
10003527,2023-08-23 11:12:45,151,Brazil,Beauty,Marketplace,Credit Card,3,41.98,0.0,125.94,43.0,5.0,4.0,False
10003621,2023-08-23 13:42:16,308,Canada,Fashion,Mobile App,PayPal,2,71.41,0.3,99.97,46.0,,4.0,False
10004218,2023-08-23 15:08:22,546,Germany,Electronics,Mobile App,Credit Card,6,77.4,0.05,441.18,23.0,3.0,7.0,False
10000573,2023-08-23 17:09:06,27,United States,Electronics,Web,Gift Card,4,131.23,0.3,367.44,,1.0,4.0,False
10001420,2023-08-23 19:55:53,263,Canada,Beauty,Marketplace,Credit Card,1,51.33,0.0,51.33,51.0,5.0,4.0,False
10001834,2023-08-24 15:21:52,307,Brazil,Fashion,Web,Credit Card,5,46.87,0.0,234.35,48.0,4.0,1.0,False
10004756,2023-08-24 16:34:47,72,United States,Toys,Mobile App,Credit Card,2,24.6,0.05,46.74,28.0,3.0,4.0,False
10002830,2023-08-25 00:12:53,340,Japan,Home & Garden,Mobile App,Credit Card,5,82.95,0.0,414.75,32.0,4.0,5.0,False
10004420,2023-08-25 04:25:35,552,United States,Beauty,Store,Credit Card,3,19.15,0.0,57.45,51.0,5.0,8.0,False
10003343,2023-08-25 12:46:48,559,United States,Toys,Web,PayPal,4,28.66,0.05,108.91,39.0,5.0,4.0,False
10001117,2023-08-26 04:47:59,518,United States,Toys,Web,PayPal,1,18.14,0.1,16.33,44.0,4.0,4.0,False
10003640,2023-08-26 11:37:19,427,France,Fashion,Web,Credit Card,2,39.89,0.0,79.78,45.0,4.0,5.0,False
10001034,2023-08-26 20:51:43,328,Spain,Electronics,Marketplace,Credit Card,2,134.04,0.3,187.66,40.0,,5.0,False
10003416,2023-08-26 22:38:51,29,United States,Home & Garden,Marketplace,Credit Card,4,59.28,0.0,237.12,35.0,4.0,8.0,True
10004719,2023-08-27 03:48:14,381,Brazil,Sports,Marketplace,Credit Card,1,85.28,0.2,68.22,59.0,5.0,8.0,False
10000274,2023-08-27 12:23:29,362,Italy,Sports,Marketplace,PayPal,2,58.89,0.0,117.78,34.0,4.0,3.0,False
10003039,2023-08-27 12:37:26,343,United States,Home & Garden,Web,PayPal,6,72.54,0.1,391.72,42.0,3.0,5.0,False
10002859,2023-08-28 01:26:53,420,France,Fashion,Web,Bank Transfer,1,31.48,0.0,31.48,53.0,4.0,7.0,False
10002671,2023-08-28 09:10:51,143,Germany,Fashion,Web,Credit Card,4,73.45,0.1,264.42,37.0,4.0,6.0,False
10004947,2023-08-28 21:27:36,188,Canada,Sports,Mobile App,Gift Card,2,63.42,0.05,120.5,67.0,,4.0,False
10001057,2023-08-29 05:38:10,132,Spain,Sports,Marketplace,Bank Transfer,4,39.25,0.0,157.0,42.0,4.0,4.0,False
10004173,2023-08-30 00:01:08,305,United States,Home & Garden,Web,Bank Transfer,2,28.24,0.05,53.66,36.0,5.0,5.0,False
10004459,2023-08-30 07:31:05,595,United States,Electronics,Web,Credit Card,2,282.47,0.0,564.94,52.0,5.0,5.0,False
10003410,2023-08-30 09:45:53,27,Brazil,Toys,Mobile App,Credit Card,2,61.63,0.05,117.1,27.0,5.0,6.0,False
10003445,2023-08-30 13:34:46,457,United Kingdom,Home & Garden,Web,Bank Transfer,3,64.46,0.0,193.38,29.0,3.0,8.0,False
10002644,2023-08-30 16:41:07,364,Brazil,Electronics,Store,Credit Card,2,157.62,0.05,299.48,60.0,3.0,5.0,False
10000051,2023-08-31 05:06:35,557,United Kingdom,Home & Garden,Marketplace,Credit Card,4,91.92,0.0,367.68,35.0,4.0,10.0,False
10004381,2023-08-31 14:16:57,9,United States,Sports,Store,PayPal,2,83.45,0.0,166.9,48.0,,2.0,False
10001411,2023-08-31 17:30:47,132,United States,Electronics,Store,PayPal,2,174.33,0.05,331.23,28.0,3.0,5.0,False
10003102,2023-08-31 20:25:36,245,United States,Fashion,Mobile App,Credit Card,3,57.82,0.0,173.46,49.0,5.0,2.0,False
10004566,2023-09-01 06:47:04,158,Italy,Fashion,Marketplace,Credit Card,2,110.22,0.2,176.35,18.0,3.0,49.0,False
10003816,2023-09-01 07:51:39,81,Brazil,Electronics,Mobile App,Credit Card,2,258.76,0.2,414.02,61.0,3.0,8.0,False
10001122,2023-09-01 09:26:46,302,Spain,Beauty,Web,Credit Card,2,28.38,0.1,51.08,40.0,3.0,4.0,False
10001248,2023-09-01 16:19:18,76,United States,Fashion,Store,PayPal,3,95.62,0.3,200.8,54.0,4.0,4.0,False
10001625,2023-09-02 01:40:29,388,United States,Home & Garden,Mobile App,PayPal,3,91.88,0.1,248.08,41.0,3.0,7.0,True
10004540,2023-09-02 10:03:04,223,France,Home & Garden,Web,Credit Card,5,68.97,0.0,344.85,32.0,5.0,4.0,False
10000488,2023-09-02 22:34:59,580,France,Beauty,Mobile App,Credit Card,2,56.52,0.0,113.04,42.0,,4.0,False
10000452,2023-09-03 02:22:19,607,United Kingdom,Fashion,Mobile App,PayPal,2,86.66,0.0,173.32,27.0,5.0,7.0,False
10002635,2023-09-03 12:31:48,601,Canada,Toys,Mobile App,PayPal,6,26.93,0.0,161.58,37.0,5.0,7.0,False
10001258,2023-09-04 06:51:12,335,United States,Home & Garden,Web,PayPal,2,74.89,0.05,142.29,57.0,4.0,3.0,False
10001316,2023-09-04 16:41:25,205,Japan,Home & Garden,Mobile App,PayPal,2,72.3,0.3,101.22,35.0,4.0,7.0,False
10004443,2023-09-04 17:57:07,546,United States,Electronics,Marketplace,Credit Card,1,124.12,0.0,124.12,37.0,4.0,5.0,False
10002127,2023-09-05 09:47:51,433,Italy,Electronics,Web,Credit Card,3,161.35,0.1,435.64,28.0,4.0,5.0,False
10003024,2023-09-05 12:55:41,428,India,Home & Garden,Marketplace,Bank Transfer,1,39.44,0.0,39.44,38.0,,5.0,False
10002405,2023-09-05 15:19:38,611,United Kingdom,Fashion,Marketplace,Bank Transfer,2,89.87,0.1,161.77,45.0,5.0,5.0,False
10004305,2023-09-05 23:06:55,540,Brazil,Fashion,Web,Credit Card,6,41.07,0.05,234.1,46.0,5.0,3.0,False
10003261,2023-09-06 01:06:23,476,United States,Sports,Web,Credit Card,2,34.1,0.05,64.79,36.0,4.0,8.0,False
10004105,2023-09-06 10:48:51,324,United States,Fashion,Web,Credit Card,1,40.28,0.3,28.2,61.0,,5.0,False
10000981,2023-09-06 12:05:37,347,Italy,Home & Garden,Web,Credit Card,1,88.98,0.0,88.98,53.0,,3.0,True
10000351,2023-09-06 14:17:58,106,United Kingdom,Home & Garden,Marketplace,Credit Card,1,157.79,0.0,157.79,23.0,4.0,5.0,False
10003444,2023-09-06 15:20:12,524,United States,Toys,Marketplace,Credit Card,3,26.13,0.0,78.39,18.0,4.0,8.0,False
10003544,2023-09-06 22:34:37,144,Japan,Home & Garden,Mobile App,Bank Transfer,2,81.84,0.0,163.68,45.0,5.0,3.0,False
10000024,2023-09-06 22:48:42,623,Canada,Home & Garden,Mobile App,Credit Card,4,40.82,0.0,163.28,27.0,5.0,3.0,False
10003313,2023-09-07 03:29:50,131,United States,Fashion,Web,PayPal,1,37.84,0.0,37.84,18.0,5.0,3.0,False
10001167,2023-09-07 05:02:31,28,France,Fashion,Web,PayPal,2,110.45,0.0,220.9,26.0,3.0,7.0,False
10001061,2023-09-07 07:01:10,8,India,Fashion,Mobile App,Credit Card,4,77.35,0.1,278.46,39.0,5.0,5.0,False
10002683,2023-09-07 13:22:40,143,Germany,Home & Garden,Mobile App,Credit Card,2,95.86,0.0,191.72,20.0,3.0,7.0,False
10002013,2023-09-07 22:04:25,528,Italy,Electronics,Web,Credit Card,3,458.01,0.0,1374.03,43.0,5.0,6.0,False
10001844,2023-09-08 21:06:42,121,United States,Electronics,Marketplace,PayPal,3,180.99,0.05,515.82,51.0,3.0,5.0,False
10002103,2023-09-08 21:51:26,178,United Kingdom,Home & Garden,Marketplace,Credit Card,1,85.77,0.0,85.77,43.0,4.0,8.0,False
10002684,2023-09-09 04:44:31,433,Japan,Electronics,Mobile App,PayPal,2,163.81,0.05,311.24,46.0,4.0,3.0,False
10003939,2023-09-09 21:34:52,466,United States ,Toys,Mobile App,PayPal,2,19.61,0.0,39.22,35.0,4.0,2.0,False
10002534,2023-09-10 01:08:11,278,Canada,Beauty,Web,Bank Transfer,1,26.42,0.0,26.42,,5.0,3.0,False
10003764,2023-09-10 02:37:54,131,France,Beauty,Web,Credit Card,2,15.32,0.05,29.11,40.0,5.0,8.0,False
10002231,2023-09-10 12:41:51,207,France,Beauty,Marketplace,PayPal,2,49.42,0.1,88.96,37.0,4.0,7.0,False
10001006,2023-09-10 14:04:18,331,Spain,Electronics,Mobile App,Credit Card,3,258.67,0.0,776.01,35.0,4.0,1.0,False
10003311,2023-09-10 15:08:41,25,United States,Beauty,Web,Bank Transfer,5,29.32,0.0,146.6,36.0,4.0,4.0,False
10001438,2023-09-10 20:40:50,79,Germany,Sports,Store,Credit Card,3,47.86,0.0,143.58,34.0,4.0,3.0,False
10002235,2023-09-10 22:39:35,587,Germany,Sports,Store,Bank Transfer,1,79.18,0.0,79.18,41.0,4.0,11.0,False
10002303,2023-09-11 00:27:37,156,Japan,Toys,Mobile App,Gift Card,3,45.9,0.0,137.7,18.0,4.0,3.0,False
10002183,2023-09-11 12:33:11,286,United States,Fashion,Mobile App,Credit Card,3,52.33,0.0,156.99,30.0,4.0,5.0,False
10001877,2023-09-11 19:30:57,496,United States,Fashion,Mobile App,Gift Card,1,97.03,0.05,92.18,47.0,4.0,7.0,False
10001039,2023-09-11 23:23:33,590,Japan,Beauty,Web,PayPal,3,24.59,0.0,73.77,23.0,3.0,6.0,False
10003415,2023-09-12 00:09:35,567,United Kingdom,Fashion,Web,Credit Card,2,18.39,0.0,36.78,38.0,5.0,6.0,False
10000919,2023-09-12 01:30:43,206,United States,Fashion,Web,Gift Card,5,50.56,0.0,252.8,21.0,,4.0,False
10001171,2023-09-12 12:11:16,510,Brazil,Fashion,Web,PayPal,1,50.33,0.0,50.33,38.0,4.0,10.0,False
10000857,2023-09-12 20:09:54,274,Japan,Beauty,Mobile App,Gift Card,2,21.13,0.0,42.26,18.0,,8.0,False
10000826,2023-09-13 12:01:59,601,France,Fashion,Web,Credit Card,2,45.8,0.0,91.6,45.0,5.0,6.0,False
10004353,2023-09-13 21:25:30,422,Japan,Fashion,Web,Credit Card,4,69.39,0.2,222.05,21.0,5.0,6.0,False
10001252,2023-09-13 21:55:03,197,United States,Home & Garden,Mobile App,Credit Card,1,63.74,0.05,60.55,50.0,5.0,3.0,False
10002956,2023-09-14 11:50:03,152,Spain,Electronics,Marketplace,Credit Card,1,307.62,0.0,307.62,61.0,2.0,5.0,False
10002739,2023-09-14 13:47:21,243,Germany,Home & Garden,Web,Credit Card,2,42.87,0.0,85.74,53.0,5.0,3.0,False
10003704,2023-09-14 20:37:02,99,France,Sports,Store,Credit Card,4,83.71,0.2,267.87,45.0,4.0,5.0,False
10002983,2023-09-14 22:31:06,352,United States,Fashion,Mobile App,Credit Card,3,59.54,0.1,160.76,35.0,5.0,6.0,False
10004998,2023-09-15 00:08:16,573,United States,Toys,Web,Credit Card,4,33.51,0.0,134.04,36.0,3.0,3.0,False
10004648,2023-09-15 03:09:50,347,United States,Sports,Mobile App,Credit Card,4,51.73,0.1,186.23,35.0,3.0,4.0,False
10000838,2023-09-15 05:19:07,602,United States,Beauty,Mobile App,Credit Card,2,49.29,0.0,98.58,29.0,4.0,7.0,False
10000531,2023-09-15 08:58:13,341,Germany,Toys,Web,Credit Card,3,18.81,0.0,56.43,35.0,5.0,5.0,False
10000270,2023-09-16 08:30:06,123,United States,Fashion,Marketplace,Credit Card,4,44.71,0.1,160.96,40.0,4.0,3.0,False
10003124,2023-09-17 02:43:40,223,India,Fashion,Marketplace,Credit Card,3,83.98,0.05,239.34,18.0,2.0,7.0,False
10004204,2023-09-17 05:51:56,22,Italy,Beauty,Web,Bank Transfer,4,25.96,0.05,98.65,31.0,3.0,3.0,False
10000725,2023-09-17 13:40:38,416,Germany,Beauty,Web,Credit Card,2,65.75,0.2,105.2,33.0,5.0,4.0,False
10002465,2023-09-17 15:33:51,6,Brazil,Toys,Web,PayPal,2,23.08,0.0,46.16,44.0,4.0,5.0,False
10002465,2023-09-17 15:33:51,6,Brazil,Toys,Web,PayPal,2,23.08,0.0,46.16,44.0,4.0,5.0,False
10004258,2023-09-17 19:32:24,132,India,Home & Garden,Marketplace,Credit Card,3,92.11,0.0,276.33,43.0,4.0,1.0,False
10000430,2023-09-18 05:37:51,91,Japan,Fashion,Web,Credit Card,2,90.95,0.05,172.8,36.0,3.0,3.0,False
10001841,2023-09-18 07:36:49,187,United States,Home & Garden,Mobile App,PayPal,4,74.65,0.1,268.74,37.0,5.0,9.0,False
10001018,2023-09-18 21:32:46,11,United States,Fashion,Web,Credit Card,4,102.42,0.0,409.68,35.0,4.0,6.0,False
10002367,2023-09-19 08:03:45,461,Japan,Home & Garden,Mobile App,Credit Card,1,80.38,0.0,80.38,39.0,4.0,4.0,False
10000525,2023-09-19 18:52:39,245,Italy,Fashion,Web,Credit Card,5,49.58,0.0,247.9,39.0,3.0,4.0,False
10000757,2023-09-20 00:50:33,195,United Kingdom,Home & Garden,Mobile App,Credit Card,2,75.54,0.0,151.08,49.0,3.0,3.0,False
10000399,2023-09-20 01:23:44,158,Italy,Sports,Marketplace,Credit Card,3,96.11,0.0,288.33,28.0,5.0,2.0,False
10000252,2023-09-20 03:32:21,314,France,Electronics,Mobile App,Credit Card,1,380.65,0.1,342.58,29.0,3.0,1.0,False
10001207,2023-09-20 11:51:32,374,United States,Beauty,Web,Credit Card,2,44.71,0.1,80.48,60.0,4.0,1.0,False
10000708,2023-09-20 16:01:44,364,France,Fashion,Web,Credit Card,1,116.3,0.0,116.3,24.0,,5.0,False
10003021,2023-09-20 19:29:17,169,Canada,Sports,Mobile App,Credit Card,3,79.81,0.05,227.46,54.0,3.0,1.0,True
10000013,2023-09-21 00:31:37,402,Canada,Sports,Web,Credit Card,2,62.08,0.2,99.33,45.0,3.0,2.0,False
10003986,2023-09-21 12:44:16,437,France,Sports,Marketplace,PayPal,3,39.78,0.0,119.34,60.0,5.0,5.0,False
10004846,2023-09-21 15:14:16,545,India,Beauty,Marketplace,Credit Card,1,23.76,0.0,23.76,27.0,4.0,7.0,False
10004135,2023-09-21 16:44:05,229,Spain,Sports,Mobile App,Credit Card,4,28.1,0.0,112.4,61.0,4.0,5.0,False
10000666,2023-09-21 22:00:23,353,United States,Electronics,Mobile App,PayPal,3,139.15,0.0,417.45,51.0,5.0,4.0,False
10003658,2023-09-21 22:46:57,353,United Kingdom,Fashion,Marketplace,Credit Card,2,67.12,0.2,107.39,48.0,4.0,6.0,False
10004242,2023-09-22 10:02:02,4,Germany,Electronics,Web,PayPal,2,137.56,0.0,275.12,,4.0,2.0,False
10003321,2023-09-22 15:45:44,208,United Kingdom,Fashion,Marketplace,Credit Card,3,85.22,0.05,242.88,53.0,4.0,4.0,False
10002485,2023-09-23 01:12:16,330,United States,Beauty,Web,Credit Card,2,27.46,0.05,52.17,18.0,5.0,4.0,False
10000625,2023-09-23 08:17:50,56,United States,Fashion,Web,Credit Card,4,144.07,0.05,547.47,35.0,5.0,5.0,False
10004777,2023-09-23 11:11:05,622,United States,Beauty,Mobile App,Credit Card,3,62.02,0.05,176.76,51.0,5.0,3.0,False
10002449,2023-09-23 13:01:00,601,Brazil,Beauty,Web,Gift Card,3,42.87,0.0,128.61,58.0,5.0,7.0,False
10004256,2023-09-23 13:01:17,166,Brazil,Home & Garden,Web,Bank Transfer,2,69.96,0.05,132.92,58.0,4.0,5.0,False
10004040,2023-09-23 18:39:52,182,France,Toys,Mobile App,Gift Card,2,42.18,0.3,59.05,42.0,3.0,6.0,False
10004856,2023-09-24 22:40:39,345,Canada,Toys,Mobile App,PayPal,2,22.36,0.0,44.72,43.0,5.0,5.0,False
10000613,2023-09-25 00:58:06,219,Brazil,Toys,Web,Credit Card,1,14.58,0.1,13.12,61.0,3.0,5.0,False
10003828,2023-09-25 01:39:39,421,United States,Sports,Store,Credit Card,1,42.92,0.1,38.63,63.0,3.0,2.0,False
10004289,2023-09-25 05:21:09,462,Germany,Sports,Marketplace,Credit Card,2,29.26,0.0,58.52,39.0,4.0,5.0,False
10001666,2023-09-25 05:27:33,445,India,Home & Garden,Web,Credit Card,2,72.44,0.0,144.88,,4.0,3.0,False
10002133,2023-09-25 06:20:08,432,India,Sports,Marketplace,Gift Card,3,87.35,0.05,248.95,44.0,4.0,5.0,False
10004636,2023-09-25 10:53:18,618,United States,Beauty,Mobile App,Credit Card,3,34.29,0.0,102.87,39.0,4.0,5.0,False
10004729,2023-09-25 11:30:30,25,United States,Home & Garden,Mobile App,Credit Card,4,62.7,0.05,238.26,46.0,4.0,6.0,False
10002359,2023-09-25 21:51:21,199,United States,Fashion,Web,Bank Transfer,4,22.76,0.1,81.94,50.0,4.0,6.0,False
10003402,2023-09-25 23:46:19,425,United Kingdom,Toys,Marketplace,Credit Card,2,23.75,0.0,47.5,38.0,4.0,4.0,False
10000362,2023-09-26 05:05:25,132,Italy,Fashion,Web,Bank Transfer,2,203.42,0.1,366.16,38.0,,4.0,False
10001521,2023-09-26 21:08:57,614,United States,Fashion,Web,Credit Card,2,81.7,0.1,147.06,38.0,4.0,8.0,False
10000259,2023-09-26 23:27:03,77,India,Toys,Mobile App,PayPal,3,32.37,0.0,97.11,18.0,5.0,5.0,False
10003176,2023-09-26 23:30:29,154,Italy,Fashion,Web,PayPal,6,61.02,0.0,366.12,29.0,5.0,6.0,False
10001406,2023-09-27 02:23:43,502,Canada,Electronics,Store,Credit Card,1,195.59,0.1,176.03,32.0,4.0,5.0,False
10003676,2023-09-27 03:28:37,297,Italy,Home & Garden,Marketplace,PayPal,4,71.21,0.1,256.36,47.0,5.0,4.0,False
10004018,2023-09-27 09:27:23,404,Germany,Fashion,Mobile App,Credit Card,4,35.92,0.0,143.68,22.0,3.0,5.0,False
10003303,2023-09-27 12:26:00,329,Canada,Home & Garden,Web,Bank Transfer,1,95.33,0.2,76.26,44.0,3.0,6.0,False
10000224,2023-09-27 16:34:59,354,United States,Electronics,Mobile App,PayPal,3,358.1,0.05,1020.59,28.0,3.0,7.0,False
10003249,2023-09-27 19:25:03,515,Brazil,Toys,Mobile App,Credit Card,2,8.65,0.05,16.43,30.0,3.0,3.0,False
10002685,2023-09-28 06:28:38,49,India,Sports,Marketplace,PayPal,1,42.59,0.2,34.07,18.0,4.0,1.0,False
10004816,2023-09-28 20:25:50,486,Canada,Fashion,Marketplace,Credit Card,2,103.64,0.05,196.92,40.0,3.0,6.0,False
10003899,2023-09-29 04:18:25,419,Spain,Fashion,Web,Credit Card,2,59.25,0.0,118.5,38.0,4.0,7.0,False
10001215,2023-09-29 06:06:17,10,United Kingdom,Electronics,Web,Credit Card,3,290.03,0.05,826.59,42.0,2.0,6.0,True
10002493,2023-09-29 09:21:55,561,Germany,Beauty,Web,Credit Card,2,35.99,0.0,71.98,33.0,3.0,8.0,False
10002583,2023-09-29 12:41:18,189,Germany,Fashion,Web,Credit Card,2,84.61,0.05,160.76,39.0,4.0,5.0,False
10000074,2023-09-29 22:47:49,236,United States,Electronics,Web,Credit Card,6,280.27,0.05,1597.54,44.0,5.0,7.0,False
10002180,2023-09-30 03:19:14,162,India,Fashion,Store,Credit Card,2,82.93,0.05,157.57,51.0,4.0,7.0,False
10000733,2023-09-30 04:10:07,282,United States,Fashion,Mobile App,Credit Card,4,39.88,0.3,111.66,40.0,3.0,4.0,False
10000640,2023-09-30 11:34:22,283,United States,Home & Garden,Web,Credit Card,2,38.5,0.0,77.0,49.0,4.0,5.0,False
10004969,2023-09-30 16:26:13,206,Germany,Beauty,Mobile App,Gift Card,3,58.95,0.3,123.8,44.0,4.0,1.0,False
10003369,2023-10-01 01:14:54,441,Italy,Beauty,Web,PayPal,3,29.3,0.2,70.32,30.0,5.0,6.0,False
10001112,2023-10-01 02:57:35,501,Germany,Home & Garden,Web,Gift Card,2,149.44,0.0,298.88,43.0,4.0,10.0,False
10000326,2023-10-01 04:41:42,461,India,Electronics,Web,Credit Card,1,169.6,0.05,161.12,54.0,4.0,9.0,False
10004704,2023-10-01 13:20:32,284,India,Fashion,Web,Credit Card,1,75.03,0.1,67.53,55.0,4.0,4.0,False
10003323,2023-10-01 21:57:00,282,Canada,Sports,Mobile App,Credit Card,2,94.34,0.2,150.94,25.0,3.0,6.0,False
10001273,2023-10-02 22:48:44,582,Germany,Beauty,Marketplace,Credit Card,4,24.95,0.0,99.8,34.0,4.0,4.0,False
10003447,2023-10-03 14:19:24,562,Germany,Electronics,Web,Credit Card,3,416.24,0.1,1123.85,55.0,3.0,6.0,False
10004827,2023-10-04 06:49:17,430,Canada,Home & Garden,Web,Credit Card,2,102.07,0.05,193.93,32.0,2.0,4.0,False
10003623,2023-10-05 07:30:09,282,India,Sports,Web,Credit Card,6,78.95,0.1,426.33,41.0,5.0,4.0,False
10003320,2023-10-05 11:08:27,380,India,Beauty,Web,PayPal,2,62.39,0.0,124.78,39.0,,3.0,False
10002797,2023-10-05 12:02:11,193,France,Home & Garden,Store,Credit Card,3,148.28,0.0,444.84,36.0,4.0,5.0,False
10002935,2023-10-05 20:24:45,541,Spain,Sports,Mobile App,Bank Transfer,4,27.82,0.0,111.28,19.0,2.0,7.0,True
10001675,2023-10-05 22:51:48,279,United States,Fashion,Mobile App,Credit Card,2,98.13,0.0,196.26,41.0,4.0,3.0,False
10000149,2023-10-06 04:36:09,211,United States,Electronics,Store,Bank Transfer,2,314.88,0.0,629.76,29.0,4.0,2.0,False
10002200,2023-10-06 07:01:43,178,Brazil,Beauty,Mobile App,Credit Card,3,21.17,0.1,57.16,56.0,4.0,4.0,False
10004328,2023-10-06 19:18:20,272,Germany,Sports,Marketplace,Credit Card,1,84.97,0.0,84.97,34.0,4.0,6.0,False
10001276,2023-10-06 20:51:53,103,Italy,Beauty,Web,Credit Card,3,29.06,0.0,87.18,51.0,4.0,7.0,False
10004569,2023-10-07 05:58:01,416,Canada,Fashion,Web,Credit Card,2,122.18,0.0,244.36,19.0,5.0,3.0,False
10003192,2023-10-07 17:40:38,311,United States,Fashion,Web,Credit Card,3,53.41,0.0,160.23,55.0,4.0,6.0,False
10001982,2023-10-08 09:04:47,266,United States,Electronics,Web,PayPal,1,227.8,0.0,227.8,41.0,5.0,4.0,False
10000535,2023-10-08 14:42:27,361,United States,Electronics,Web,Credit Card,2,227.37,0.0,454.74,41.0,5.0,7.0,False
10004395,2023-10-08 22:54:26,587,France,Fashion,Web,Bank Transfer,2,59.8,0.2,95.68,23.0,4.0,4.0,False
10003524,2023-10-10 04:07:09,270,United States,Beauty,Mobile App,Credit Card,2,28.15,0.0,56.3,56.0,4.0,5.0,False
10000049,2023-10-10 04:39:25,369,Canada,Sports,Marketplace,Credit Card,3,88.05,0.2,211.32,62.0,5.0,4.0,False
10001908,2023-10-10 17:49:13,603,Germany,Home & Garden,Store,PayPal,3,117.06,0.0,351.18,18.0,5.0,5.0,False
10004784,2023-10-10 20:21:57,128,India,Fashion,Web,Gift Card,1,47.0,0.05,44.65,43.0,5.0,6.0,False
10003235,2023-10-10 23:05:28,235,France,Fashion,Store,Credit Card,1,39.51,0.1,35.56,61.0,4.0,6.0,False
10000017,2023-10-11 05:01:10,401,Spain,Toys,Marketplace,PayPal,6,62.5,0.05,356.25,36.0,5.0,2.0,False
10002478,2023-10-11 13:01:21,58,France,Sports,Mobile App,Gift Card,2,126.05,0.1,226.89,43.0,4.0,3.0,False
10003869,2023-10-12 02:37:48,534,France,Home & Garden,Marketplace,Credit Card,3,50.44,0.2,121.06,46.0,3.0,2.0,False
10003926,2023-10-12 10:57:59,83,Canada,Fashion,Mobile App,PayPal,1,88.36,0.0,88.36,29.0,3.0,2.0,False
10001540,2023-10-12 17:11:22,384,India,Beauty,Web,PayPal,2,18.34,0.1,33.01,64.0,5.0,4.0,True
10001375,2023-10-12 22:43:35,377,France,Electronics,Web,Credit Card,2,204.36,0.05,388.28,30.0,5.0,6.0,False
10001869,2023-10-13 00:52:18,7,Spain,Fashion,Web,Credit Card,2,61.72,0.1,111.1,35.0,3.0,5.0,False
10003749,2023-10-13 01:01:20,293,United Kingdom,Electronics,Marketplace,Credit Card,2,292.41,0.0,584.82,33.0,4.0,2.0,False
10004906,2023-10-13 07:54:53,170,United States,Beauty,Marketplace,Credit Card,1,42.17,0.0,42.17,21.0,4.0,4.0,False
10000237,2023-10-13 10:44:54,579,United States,Fashion,Marketplace,Credit Card,2,31.62,0.0,63.24,32.0,3.0,6.0,False
10001381,2023-10-13 14:07:53,59,Germany,Electronics,Web,Credit Card,5,270.19,0.0,1350.95,47.0,4.0,5.0,False
10001198,2023-10-13 22:14:08,389,Spain,Fashion,Web,Credit Card,2,74.89,0.0,149.78,,3.0,5.0,False
10001667,2023-10-13 22:46:44,3,Germany,Beauty,Web,PayPal,3,36.6,0.0,109.8,40.0,4.0,4.0,False
10000448,2023-10-13 22:56:24,612,Canada,Sports,Store,Credit Card,3,77.01,0.0,231.03,39.0,4.0,6.0,False
10003233,2023-10-14 09:07:23,90,United States,Beauty,Web,PayPal,2,60.21,0.2,96.34,36.0,4.0,3.0,True
10004106,2023-10-14 12:05:06,424,Brazil,Beauty,Web,Bank Transfer,2,27.15,0.0,54.3,39.0,3.0,5.0,True
10004702,2023-10-14 22:12:06,336,France,Home & Garden,Mobile App,Credit Card,1,96.88,0.05,92.04,18.0,3.0,8.0,False
10000596,2023-10-15 05:10:07,240,Japan,Electronics,Web,Credit Card,2,284.01,0.1,511.22,30.0,3.0,8.0,False
10002198,2023-10-15 10:16:11,444,United States,Home & Garden,Mobile App,Credit Card,3,95.29,0.0,285.87,28.0,4.0,6.0,False
10002043,2023-10-15 13:38:21,51,Brazil,Fashion,Mobile App,PayPal,2,19.48,0.0,38.96,29.0,4.0,5.0,False
10003588,2023-10-16 04:44:54,230,Canada,Electronics,Mobile App,PayPal,3,233.67,0.0,701.01,33.0,5.0,3.0,True
10004812,2023-10-16 12:46:57,106,Canada,Fashion,Marketplace,Credit Card,3,57.31,0.0,171.93,24.0,,5.0,False
10001064,2023-10-17 00:08:54,466,United Kingdom,Home & Garden,Marketplace,Credit Card,2,170.91,0.0,341.82,34.0,5.0,2.0,False
10000487,2023-10-17 04:15:29,251,United States,Fashion,Web,Bank Transfer,2,38.09,0.0,76.18,51.0,5.0,6.0,False
10002896,2023-10-17 05:09:12,536,Canada,Sports,Web,PayPal,2,52.96,0.0,105.92,34.0,3.0,4.0,False
10004203,2023-10-17 08:53:15,311,United States,Home & Garden,Mobile App,Credit Card,1,127.04,0.0,127.04,28.0,5.0,3.0,False
10003908,2023-10-17 20:47:41,310,Japan,Beauty,Web,PayPal,1,100.66,0.05,95.63,28.0,4.0,4.0,False
10004530,2023-10-18 00:38:28,206,United States,Home & Garden,Mobile App,Credit Card,3,48.17,0.05,137.28,45.0,,9.0,False
10001392,2023-10-18 14:54:57,555,United States,Home & Garden,Web,Credit Card,2,99.45,0.2,159.12,19.0,4.0,4.0,False
10002114,2023-10-18 20:30:26,241,United States,Toys,Marketplace,Credit Card,3,24.36,0.0,73.08,59.0,5.0,3.0,False
10003739,2023-10-19 11:58:18,531,Brazil,Home & Garden,Web,Credit Card,1,66.61,0.0,66.61,47.0,5.0,5.0,False
10003919,2023-10-19 18:33:27,106,Italy,Beauty,Mobile App,Credit Card,3,55.31,0.1,149.34,56.0,3.0,8.0,False
10000050,2023-10-19 21:24:23,284,Japan,Home & Garden,Web,PayPal,4,85.15,0.2,272.48,28.0,3.0,7.0,False
10000766,2023-10-21 16:24:14,568,United States,Toys,Web,Gift Card,4,31.2,0.0,124.8,39.0,4.0,7.0,False
10000795,2023-10-22 11:36:03,221,Germany,Electronics,Marketplace,Credit Card,2,228.42,0.0,456.84,33.0,5.0,3.0,False
10000795,2023-10-22 11:36:03,221,Germany,Electronics,Marketplace,Credit Card,2,228.42,0.0,456.84,33.0,5.0,3.0,False
10003875,2023-10-22 12:06:41,125,India,Home & Garden,Mobile App,Credit Card,3,35.85,0.0,107.55,38.0,5.0,6.0,True
10004869,2023-10-22 15:04:25,109,Italy,Fashion,Mobile App,Credit Card,2,41.88,0.0,83.76,44.0,4.0,5.0,False
10004182,2023-10-22 15:42:51,445,India,Toys,Mobile App,Gift Card,2,40.27,0.0,80.54,26.0,4.0,6.0,False
10004318,2023-10-22 16:42:14,501,Spain,Electronics,Mobile App,Credit Card,2,99.31,0.0,198.62,51.0,4.0,3.0,False
10003702,2023-10-23 10:45:55,599,Canada,Fashion,Web,PayPal,3,37.98,0.0,113.94,18.0,5.0,1.0,False
10004322,2023-10-23 17:02:27,163,United States,Electronics,Marketplace,Credit Card,7,270.29,0.05,1797.43,,,3.0,False
10001358,2023-10-23 22:07:50,333,United States,Fashion,Web,PayPal,2,163.04,0.2,260.86,46.0,5.0,6.0,False
10002226,2023-10-24 01:29:29,605,United States,Toys,Store,Credit Card,2,54.24,0.1,97.63,27.0,4.0,2.0,False
10004798,2023-10-24 04:23:13,454,Italy,Sports,Mobile App,PayPal,3,171.05,0.0,513.15,21.0,5.0,3.0,False
10004128,2023-10-24 04:37:36,96,Germany,Fashion,Web,Credit Card,2,76.47,0.05,145.29,38.0,,5.0,False
10002142,2023-10-24 12:33:58,445,India,Home & Garden,Web,Credit Card,3,38.54,0.0,115.62,53.0,4.0,7.0,False
10004017,2023-10-24 14:07:44,298,India,Fashion,Web,PayPal,5,39.96,0.3,139.86,35.0,3.0,3.0,False
10001432,2023-10-24 17:36:48,182,United States,Home & Garden,Web,Bank Transfer,1,64.95,0.05,61.7,45.0,5.0,5.0,False
10001936,2023-10-24 18:32:09,385,United States,Home & Garden,Web,Credit Card,1,63.84,0.05,60.65,33.0,4.0,4.0,True
10003338,2023-10-24 19:03:54,154,United Kingdom,Electronics,Marketplace,Credit Card,5,313.9,0.3,1098.65,41.0,3.0,5.0,False
10000004,2023-10-25 08:07:26,146,Spain,Home & Garden,Store,Credit Card,1,75.88,0.05,72.09,50.0,3.0,51.0,False
10004170,2023-10-25 09:55:10,322,Brazil,Fashion,Mobile App,PayPal,2,41.86,0.0,83.72,35.0,4.0,5.0,False
10004503,2023-10-25 11:37:35,373,France,Sports,Mobile App,PayPal,1,59.6,0.0,59.6,49.0,3.0,9.0,False
10003284,2023-10-25 21:51:25,271,India,Fashion,Mobile App,PayPal,3,75.2,0.0,225.6,36.0,4.0,6.0,False
10001440,2023-10-26 05:21:19,116,United Kingdom,Beauty,Mobile App,Gift Card,3,37.25,0.0,111.75,35.0,4.0,2.0,False
10001776,2023-10-26 06:26:10,184,Canada,Fashion,Store,Credit Card,3,45.65,0.1,123.26,40.0,5.0,4.0,False
10001319,2023-10-26 07:34:20,246,United States,Sports,Store,Gift Card,3,114.6,0.3,240.66,29.0,4.0,4.0,False
10002293,2023-10-26 16:35:28,474,United States,Beauty,Marketplace,Credit Card,1,50.18,0.0,50.18,42.0,4.0,4.0,False
10003131,2023-10-26 21:25:17,318,United States,Beauty,Web,Credit Card,2,34.48,0.1,62.06,,3.0,4.0,False
10002928,2023-10-27 02:34:06,499,Italy,Beauty,Web,Gift Card,2,69.79,0.0,139.58,45.0,5.0,3.0,False
10004582,2023-10-27 04:39:11,227,Italy,Electronics,Marketplace,Credit Card,2,410.06,0.1,738.11,48.0,4.0,7.0,False
10000098,2023-10-27 08:45:49,199,Germany,Toys,Web,Gift Card,2,36.27,0.0,72.54,31.0,3.0,1.0,False
10002939,2023-10-28 06:18:39,519,Italy,Home & Garden,Store,Gift Card,5,73.82,0.05,350.64,65.0,4.0,6.0,False
10004231,2023-10-28 21:27:00,459,Japan,Home & Garden,Mobile App,Bank Transfer,1,82.95,0.0,82.95,42.0,,7.0,False
10002032,2023-10-28 21:41:06,381,United Kingdom,Fashion,Mobile App,PayPal,3,43.66,0.1,117.88,50.0,4.0,4.0,False
10003030,2023-10-29 00:00:57,85,United States,Electronics,Mobile App,Credit Card,4,166.32,0.0,665.28,46.0,5.0,6.0,False
10002553,2023-10-29 03:06:41,466,Canada,Fashion,Store,Credit Card,3,53.03,0.0,159.09,18.0,5.0,5.0,False
10003196,2023-10-29 05:36:56,291,Brazil,Beauty,Web,Credit Card,3,28.32,0.0,84.96,46.0,5.0,5.0,False
10002306,2023-10-29 05:41:39,421,United Kingdom,Toys,Marketplace,Bank Transfer,3,29.38,0.1,79.33,24.0,5.0,4.0,False
10000327,2023-10-29 07:59:22,495,United Kingdom,Toys,Mobile App,Credit Card,2,86.09,0.05,163.57,60.0,4.0,8.0,False
10001878,2023-10-29 13:50:48,599,United Kingdom,Sports,Web,Credit Card,2,87.02,0.1,156.64,62.0,5.0,5.0,False
10001160,2023-10-30 02:56:50,50,Japan,Toys,Mobile App,Credit Card,4,16.16,0.05,61.41,44.0,3.0,4.0,False
10002550,2023-10-30 20:59:41,565,Canada,Home & Garden,Web,PayPal,2,136.4,0.0,272.8,30.0,4.0,4.0,False
10000732,2023-10-30 22:43:28,600,Germany,Beauty,Web,Credit Card,1,20.95,0.2,16.76,38.0,4.0,3.0,False
10002501,2023-10-31 10:44:04,347,India,Home & Garden,Web,Bank Transfer,1,84.44,0.2,67.55,46.0,4.0,5.0,False
10001998,2023-10-31 13:11:36,597,Italy,Fashion,Web,Credit Card,2,86.15,0.2,137.84,34.0,3.0,6.0,False
10000556,2023-10-31 13:15:21,344,Spain,Home & Garden,Store,Credit Card,1,69.2,0.0,69.2,37.0,4.0,3.0,False
10003256,2023-10-31 13:55:31,597,United States,Sports,Store,Credit Card,4,64.97,0.2,207.9,31.0,4.0,1.0,False
10003552,2023-11-01 05:41:41,596,Germany,Electronics,Mobile App,Credit Card,1,448.27,0.05,425.86,37.0,4.0,8.0,False
10001989,2023-11-01 09:50:05,214,France,Fashion,Store,Gift Card,3,116.81,0.05,332.91,31.0,4.0,6.0,False
10004400,2023-11-01 12:57:13,539,France,Home & Garden,Mobile App,Credit Card,1,68.01,0.2,54.41,56.0,5.0,5.0,False
10001742,2023-11-02 02:21:58,509,United Kingdom,Home & Garden,Web,Bank Transfer,3,29.06,0.2,69.74,42.0,3.0,3.0,False
10004041,2023-11-02 07:30:08,187,Germany,Beauty,Marketplace,Credit Card,4,40.13,0.0,160.52,47.0,5.0,6.0,False
10003300,2023-11-02 09:23:46,220,United States,Toys,Web,Credit Card,2,29.61,0.1,53.3,41.0,4.0,6.0,True
10003398,2023-11-02 10:22:11,239,United States,Home & Garden,Mobile App,Credit Card,1,76.47,0.0,76.47,35.0,4.0,4.0,False
10003641,2023-11-02 12:46:27,371,United States,Sports,Mobile App,Credit Card,3,69.25,0.2,166.2,27.0,4.0,4.0,False
10001793,2023-11-02 21:15:10,517,United States,Fashion,Mobile App,Credit Card,2,129.15,0.2,206.64,45.0,3.0,2.0,False
10004304,2023-11-03 19:23:57,444,United States,Home & Garden,Mobile App,Credit Card,2,56.84,0.05,108.0,39.0,5.0,7.0,False
10000247,2023-11-04 00:29:36,108,United States,Electronics,Web,PayPal,3,202.23,0.0,606.69,40.0,2.0,3.0,False
10000567,2023-11-04 02:48:58,603,Italy,Beauty,Web,Gift Card,2,47.7,0.0,95.4,71.0,3.0,6.0,False
10001209,2023-11-04 06:35:31,3,Italy,Toys,Mobile App,Credit Card,1,34.34,0.1,30.91,18.0,5.0,6.0,False
10001543,2023-11-04 07:45:09,273,Germany,Beauty,Web,Credit Card,5,16.43,0.0,82.15,38.0,5.0,11.0,False
10002549,2023-11-04 13:35:20,446,France,Home & Garden,Web,Credit Card,2,71.52,0.0,143.04,47.0,3.0,8.0,False
10002839,2023-11-04 18:32:14,530,Germany,Fashion,Mobile App,Credit Card,2,37.47,0.0,74.94,39.0,,3.0,False
10000937,2023-11-05 06:02:56,372,France,Fashion,Mobile App,Credit Card,1,93.78,0.2,75.02,36.0,2.0,5.0,True
10004161,2023-11-05 08:16:35,189,United States,Electronics,Web,PayPal,5,311.04,0.0,1555.2,45.0,3.0,6.0,False
10000710,2023-11-05 10:08:02,624,Brazil,Beauty,Store,PayPal,2,28.51,0.0,57.02,36.0,1.0,5.0,False
10003845,2023-11-05 19:15:38,419,India,Beauty,Web,Credit Card,3,26.19,0.2,62.86,33.0,5.0,1.0,False
10003886,2023-11-05 19:39:35,336,United States,Home & Garden,Web,Credit Card,1,50.61,0.1,45.55,19.0,5.0,2.0,False
10004880,2023-11-05 19:51:41,511,United States,Sports,Mobile App,PayPal,2,24.07,0.2,38.51,49.0,4.0,6.0,False
10002298,2023-11-06 02:28:30,270,Canada,Home & Garden,Web,Credit Card,2,108.58,0.0,217.16,38.0,5.0,5.0,False
10001677,2023-11-06 11:33:02,549,Italy,Electronics,Mobile App,PayPal,4,191.33,0.3,535.72,57.0,,5.0,False
10000731,2023-11-06 17:25:53,234,Italy,Electronics,Store,PayPal,6,128.39,0.1,693.31,33.0,5.0,4.0,False
10002540,2023-11-06 17:40:42,322,Italy,Home & Garden,Mobile App,Credit Card,1,100.95,0.05,95.9,30.0,3.0,3.0,False
10002402,2023-11-06 21:41:02,383,France,Beauty,Mobile App,Credit Card,1,29.65,0.1,26.68,36.0,4.0,3.0,False
10004542,2023-11-07 07:08:50,514,Brazil,Fashion,Web,Bank Transfer,1,22.69,0.1,20.42,33.0,3.0,7.0,False
10001980,2023-11-07 16:20:41,323,Italy,Electronics,Mobile App,Credit Card,6,126.35,0.0,758.1,47.0,5.0,5.0,False
10003637,2023-11-07 18:13:15,305,United Kingdom,Beauty,Web,Credit Card,1,41.41,0.05,39.34,47.0,4.0,6.0,False
10001357,2023-11-08 01:30:14,218,Germany,Home & Garden,Web,PayPal,1,143.79,0.1,129.41,55.0,5.0,5.0,False
10004934,2023-11-08 08:28:11,262,United States,Electronics,Mobile App,PayPal,3,229.77,0.0,689.31,50.0,4.0,6.0,False
10004197,2023-11-08 13:36:50,57,Italy,Electronics,Web,Credit Card,4,235.93,0.0,943.72,40.0,5.0,4.0,False
10001290,2023-11-08 15:57:33,461,United States,Electronics,Web,Credit Card,2,69.05,0.0,138.1,25.0,,6.0,False
10004717,2023-11-08 16:07:52,567,Spain,Fashion,Mobile App,Credit Card,2,31.6,0.05,60.04,44.0,3.0,5.0,False
10000609,2023-11-09 00:07:52,218,United Kingdom,Fashion,Store,Gift Card,1,25.83,0.1,23.25,35.0,3.0,4.0,False
10001542,2023-11-09 07:07:09,235,Spain,Home & Garden,Mobile App,PayPal,2,55.53,0.0,111.06,29.0,4.0,4.0,False
10004077,2023-11-09 10:24:54,511,France,Home & Garden,Marketplace,Credit Card,3,74.55,0.0,223.65,18.0,4.0,7.0,False
10000809,2023-11-09 17:23:57,606,United States,Toys,Web,Credit Card,1,31.17,0.05,29.61,25.0,4.0,8.0,True
10003996,2023-11-10 00:47:23,425,Japan,Beauty,Web,Credit Card,1,22.34,0.1,20.11,55.0,3.0,3.0,False
10001809,2023-11-10 12:53:34,326,United Kingdom,Electronics,Web,Bank Transfer,4,183.1,0.05,695.78,39.0,5.0,7.0,False
10000813,2023-11-10 14:22:38,507,France,Beauty,Web,PayPal,4,32.35,0.2,103.52,58.0,5.0,7.0,False
10000558,2023-11-10 18:01:53,171,United States,Sports,Marketplace,Bank Transfer,1,86.09,0.05,81.79,32.0,3.0,2.0,False
10004599,2023-11-11 03:47:46,438,Spain,Fashion,Mobile App,Credit Card,5,61.89,0.3,216.61,43.0,3.0,8.0,False
10003912,2023-11-11 09:23:00,155,United States,Beauty,Marketplace,Credit Card,4,46.97,0.1,169.09,41.0,3.0,5.0,False
10002150,2023-11-11 20:03:52,254,Spain,Sports,Web,Credit Card,2,38.94,0.05,73.99,34.0,3.0,6.0,False
10003822,2023-11-12 14:55:24,387,United Kingdom,Home & Garden,Store,Credit Card,2,57.59,0.0,115.18,29.0,4.0,6.0,False
10003539,2023-11-12 21:25:29,471,United States,Sports,Mobile App,PayPal,2,50.46,0.0,100.92,35.0,4.0,7.0,False
10000161,2023-11-13 00:44:56,448,United States,Home & Garden,Marketplace,Bank Transfer,3,60.14,0.3,126.29,32.0,5.0,7.0,False
10001235,2023-11-13 02:54:21,437,United States,Sports,Web,Credit Card,4,79.5,0.05,302.1,44.0,4.0,9.0,False
10001875,2023-11-13 10:14:13,328,United States,Home & Garden,Marketplace,PayPal,2,89.16,0.1,160.49,39.0,5.0,3.0,False
10004067,2023-11-13 22:21:27,197,United Kingdom,Sports,Mobile App,Credit Card,4,71.37,0.2,228.38,48.0,5.0,9.0,False
10004763,2023-11-14 02:03:54,528,France,Electronics,Marketplace,Credit Card,1,335.16,0.0,335.16,37.0,4.0,5.0,True
10004393,2023-11-14 04:46:11,200,United States,Fashion,Web,PayPal,1,102.2,0.05,97.09,44.0,3.0,4.0,False
10003496,2023-11-14 11:11:00,489,Italy,Electronics,Web,Credit Card,1,200.98,0.0,200.98,52.0,3.0,5.0,True
10002297,2023-11-14 16:15:03,184,Spain,Home & Garden,Web,PayPal,4,60.77,0.0,243.08,33.0,4.0,6.0,False
10004807,2023-11-14 21:29:35,427,India,Fashion,Web,Credit Card,2,45.91,0.0,91.82,26.0,3.0,6.0,False
10001470,2023-11-15 08:58:16,473,Canada,Sports,Web,Credit Card,3,44.18,0.0,132.54,47.0,,7.0,False
10004241,2023-11-15 20:05:56,349,Brazil,Fashion,Web,Credit Card,1,30.46,0.05,28.94,30.0,2.0,6.0,False
10001709,2023-11-16 03:46:44,569,Japan,Fashion,Web,Credit Card,2,32.22,0.05,61.22,58.0,4.0,5.0,False
10002512,2023-11-16 08:01:57,564,United Kingdom,Electronics,Web,Credit Card,3,150.4,0.0,451.2,25.0,4.0,7.0,False
10003587,2023-11-16 08:17:58,609,Spain,Beauty,Web,Credit Card,3,16.53,0.0,49.59,39.0,4.0,3.0,False
10001070,2023-11-16 13:50:03,320,United States,Home & Garden,Store,Gift Card,1,66.86,0.0,66.86,18.0,5.0,4.0,False
10001556,2023-11-16 23:21:07,394,United States,Fashion,Web,Credit Card,2,25.92,0.0,51.84,18.0,4.0,6.0,False
10000008,2023-11-16 23:41:13,47,United States,Beauty,Mobile App,Bank Transfer,2,33.01,0.0,66.02,18.0,5.0,5.0,False
10001094,2023-11-17 01:49:57,225,Germany,Electronics,Mobile App,Credit Card,2,371.03,0.2,593.65,40.0,4.0,3.0,False
10002009,2023-11-17 02:27:36,582,United States,Fashion,Web,PayPal,2,43.85,0.2,70.16,35.0,3.0,6.0,False
10004802,2023-11-17 04:15:41,245,France,Beauty,Web,PayPal,3,53.63,0.3,112.62,46.0,4.0,5.0,False
10000816,2023-11-17 06:30:06,53,Germany,Electronics,Mobile App,Gift Card,3,151.42,0.2,363.41,28.0,5.0,4.0,False
10004360,2023-11-17 13:18:16,107,India,Fashion,Mobile App,Gift Card,1,73.49,0.1,66.14,21.0,4.0,6.0,False
10004994,2023-11-18 01:37:44,559,France,Home & Garden,Store,Credit Card,2,45.25,0.05,85.98,18.0,4.0,6.0,False
10001867,2023-11-18 01:40:47,355,Spain,Fashion,Web,Credit Card,4,101.53,0.2,324.9,30.0,3.0,2.0,False
10003064,2023-11-18 02:42:54,366,Japan,Fashion,Mobile App,Credit Card,1,46.73,0.2,37.38,18.0,4.0,3.0,False
10003482,2023-11-18 04:04:28,101,United States,Sports,Web,PayPal,5,79.93,0.0,399.65,44.0,5.0,6.0,False
10001004,2023-11-18 09:20:40,124,Germany,Fashion,Web,Credit Card,2,95.07,0.2,152.11,32.0,2.0,3.0,False
10004921,2023-11-18 09:23:56,298,Germany,Electronics,Store,Credit Card,3,206.61,0.2,495.86,35.0,5.0,6.0,False
10001644,2023-11-18 16:49:37,403,Italy,Sports,Web,PayPal,3,83.73,0.0,251.19,48.0,4.0,6.0,False
10002163,2023-11-19 21:24:24,232,United States,Electronics,Web,Credit Card,1,109.52,0.0,109.52,,,5.0,False
10000494,2023-11-20 12:54:23,466,Spain,Sports,Web,Gift Card,4,85.79,0.0,343.16,28.0,,7.0,False
10003803,2023-11-20 21:44:15,37,United Kingdom,Fashion,Web,Bank Transfer,3,29.58,0.0,88.74,35.0,,3.0,False
10001073,2023-11-21 11:27:20,289,Spain,Beauty,Web,Credit Card,4,49.71,0.0,198.84,56.0,5.0,6.0,False
10004075,2023-11-21 23:38:59,481,United States,Fashion,Web,Credit Card,2,47.84,0.0,95.68,56.0,4.0,5.0,True
10000837,2023-11-22 10:40:16,586,United States,Fashion,Mobile App,Credit Card,2,48.08,0.2,76.93,49.0,4.0,5.0,False
10002806,2023-11-23 22:33:16,408,United States,Electronics,Mobile App,PayPal,4,127.29,0.0,509.16,34.0,5.0,4.0,False
10003440,2023-11-24 01:24:23,203,France,Home & Garden,Web,Gift Card,2,47.54,0.0,95.08,30.0,4.0,3.0,False
10003226,2023-11-24 12:03:38,557,United States,Fashion,Mobile App,Credit Card,4,145.91,0.05,554.46,32.0,5.0,7.0,False
10000925,2023-11-24 22:56:13,98,United States,Home & Garden,Web,Credit Card,2,92.37,0.3,129.32,31.0,2.0,5.0,False
10004383,2023-11-25 00:58:50,266,United States,Electronics,Web,Credit Card,4,262.73,0.0,1050.92,47.0,,3.0,False
10003041,2023-11-25 03:12:19,619,Canada,Fashion,Mobile App,Gift Card,3,42.31,0.0,126.93,29.0,4.0,4.0,False
10002281,2023-11-25 12:37:11,225,France,Electronics,Web,Bank Transfer,5,89.87,0.2,359.48,28.0,3.0,5.0,False
10001760,2023-11-25 21:02:31,574,France,Electronics,Mobile App,Credit Card,2,175.67,0.0,351.34,50.0,5.0,2.0,False
10002784,2023-11-26 01:46:38,284,Germany,Home & Garden,Mobile App,Credit Card,3,94.79,0.1,255.93,24.0,3.0,4.0,False
10003823,2023-11-26 02:48:12,617,United States,Electronics,Web,Bank Transfer,2,313.75,0.0,627.5,51.0,4.0,3.0,False
10000196,2023-11-26 05:29:00,46,Brazil,Fashion,Marketplace,PayPal,3,35.36,0.1,95.47,26.0,5.0,4.0,False
10001792,2023-11-26 05:30:41,177,France,Sports,Mobile App,Gift Card,1,89.14,0.0,89.14,23.0,3.0,8.0,False
10000157,2023-11-26 12:31:51,277,Brazil,Electronics,Web,Gift Card,3,327.56,0.2,786.14,37.0,4.0,8.0,False
10002749,2023-11-26 20:13:23,366,United States,Home & Garden,Marketplace,Credit Card,2,57.37,0.05,109.0,39.0,4.0,7.0,False
10002408,2023-11-26 21:01:37,37,Spain,Fashion,Web,Credit Card,4,33.4,0.05,126.92,36.0,5.0,4.0,False
10001445,2023-11-27 00:08:11,126,United States,Electronics,Web,Credit Card,3,384.1,0.0,1152.3,39.0,4.0,6.0,False
10002783,2023-11-27 09:09:10,527,India,Electronics,Mobile App,Credit Card,2,82.06,0.0,164.12,55.0,2.0,7.0,False
10003406,2023-11-27 18:05:02,458,Spain,Beauty,Mobile App,Gift Card,3,29.78,0.05,84.87,33.0,3.0,6.0,False
10002167,2023-11-27 23:01:05,55,Germany,Fashion,Web,Credit Card,2,63.78,0.0,127.56,49.0,5.0,5.0,False
10002144,2023-11-28 00:43:52,224,France,Home & Garden,Mobile App,Credit Card,4,166.59,0.0,666.36,25.0,5.0,7.0,False
10001298,2023-11-28 05:14:17,65,France,Fashion,Store,Credit Card,2,29.81,0.2,47.7,24.0,4.0,3.0,False
10000234,2023-11-28 06:42:25,445,India,Fashion,Marketplace,Gift Card,2,58.45,0.0,116.9,57.0,4.0,6.0,False
10000624,2023-11-28 07:54:58,409,Japan,Fashion,Web,Credit Card,4,72.66,0.0,290.64,33.0,5.0,4.0,False
10004882,2023-11-28 10:16:48,105,Germany,Toys,Marketplace,Credit Card,5,25.84,0.1,116.28,20.0,4.0,6.0,True
10000723,2023-11-28 17:18:40,539,Canada,Toys,Store,PayPal,3,22.53,0.0,67.59,,,2.0,False
10001398,2023-11-28 18:43:03,478,Spain,Fashion,Mobile App,Credit Card,5,100.09,0.0,500.45,58.0,3.0,5.0,False
10002557,2023-11-28 20:53:25,329,Italy,Sports,Web,Credit Card,1,91.92,0.0,91.92,26.0,,7.0,False
10001846,2023-11-28 21:24:17,373,Canada,Electronics,Web,Credit Card,4,103.2,0.0,412.8,57.0,3.0,10.0,False
10002282,2023-11-29 01:33:13,547,Japan,Fashion,Mobile App,Credit Card,3,83.08,0.0,249.24,43.0,4.0,2.0,False
10000356,2023-11-29 04:14:48,514,United Kingdom,Fashion,Marketplace,Credit Card,3,72.97,0.0,218.91,39.0,5.0,6.0,False
10003079,2023-11-29 05:05:14,187,United States,Fashion,Mobile App,PayPal,2,47.0,0.0,94.0,54.0,4.0,5.0,False
10001646,2023-11-29 05:41:28,149,France,Fashion,Web,Credit Card,1,57.81,0.1,52.03,41.0,4.0,3.0,False
10001560,2023-11-29 14:54:06,295,Italy,Toys,Mobile App,Credit Card,3,55.12,0.2,132.29,33.0,4.0,5.0,False
10004167,2023-11-29 21:41:56,237,Germany,Toys,Web,PayPal,3,35.06,0.0,105.18,36.0,4.0,5.0,False
10000070,2023-11-30 10:30:01,73,Spain,Fashion,Web,Credit Card,2,219.28,0.05,416.63,47.0,3.0,7.0,False
10001734,2023-11-30 12:34:05,5,United States,Home & Garden,Store,Credit Card,3,59.06,0.0,177.18,68.0,4.0,2.0,False
10003786,2023-11-30 13:35:32,342,France,Home & Garden,Store,PayPal,2,71.97,0.2,115.15,34.0,4.0,5.0,False
10003876,2023-11-30 15:30:16,220,Italy,Beauty,Mobile App,Credit Card,3,41.18,0.0,123.54,50.0,4.0,4.0,False
10000278,2023-11-30 20:05:35,576,Japan,Home & Garden,Web,Bank Transfer,3,64.58,0.0,193.74,40.0,4.0,4.0,False
10004913,2023-12-01 05:51:24,526,United States,Fashion,Store,Credit Card,2,27.86,0.05,52.93,24.0,4.0,4.0,False
10001587,2023-12-01 07:55:41,84,United States,Electronics,Mobile App,PayPal,2,186.96,0.0,373.92,30.0,3.0,5.0,False
10002976,2023-12-01 13:35:58,116,United States,Electronics,Mobile App,Bank Transfer,2,189.24,0.05,359.56,27.0,5.0,7.0,False
10001292,2023-12-01 16:26:59,143,United Kingdom,Sports,Web,PayPal,1,52.56,0.0,52.56,53.0,3.0,5.0,False
10004679,2023-12-01 18:31:27,422,Germany,Beauty,Web,Credit Card,4,19.06,0.05,72.43,41.0,5.0,6.0,False
10000976,2023-12-01 20:53:44,596,Canada,Fashion,Mobile App,Gift Card,2,39.49,0.2,63.18,58.0,4.0,6.0,False
10001616,2023-12-02 23:03:25,100,France,Electronics,Web,PayPal,4,388.78,0.0,1555.12,38.0,4.0,3.0,False
10001852,2023-12-02 23:36:16,401,Japan,Fashion,Web,Credit Card,1,36.61,0.0,36.61,42.0,4.0,2.0,False
10004532,2023-12-03 09:11:50,297,United Kingdom,Beauty,Mobile App,Bank Transfer,1,54.89,0.1,49.4,33.0,3.0,5.0,False
10003829,2023-12-03 13:00:51,401,United States,Electronics,Web,Credit Card,2,143.62,0.05,272.88,43.0,4.0,4.0,False
10002663,2023-12-04 03:40:34,41,Germany,Sports,Mobile App,Credit Card,3,136.91,0.1,369.66,29.0,4.0,4.0,False
10003331,2023-12-04 11:29:50,152,United States,Beauty,Web,Credit Card,2,21.85,0.3,30.59,35.0,3.0,8.0,False
10002494,2023-12-04 12:15:37,207,United States,Electronics,Web,Credit Card,4,464.06,0.05,1763.43,67.0,4.0,7.0,False
10001127,2023-12-04 18:34:30,384,Japan,Electronics,Marketplace,Credit Card,4,153.37,0.0,613.48,31.0,4.0,4.0,False
10002277,2023-12-05 04:23:22,150,Italy,Electronics,Web,Credit Card,2,419.44,0.0,838.88,34.0,4.0,9.0,False
10001384,2023-12-05 05:02:00,323,United States,Toys,Web,Credit Card,2,47.63,0.0,95.26,18.0,4.0,7.0,False
10001918,2023-12-05 08:10:21,232,France,Electronics,Web,Credit Card,3,403.48,0.2,968.35,31.0,,5.0,False
10000865,2023-12-05 08:53:06,306,Canada,Electronics,Mobile App,Credit Card,1,103.28,0.05,98.12,58.0,4.0,3.0,False
10004274,2023-12-05 19:25:28,62,Germany,Beauty,Web,PayPal,3,19.58,0.0,58.74,47.0,3.0,3.0,False
10001585,2023-12-06 00:44:48,561,Brazil,Toys,Store,Credit Card,3,11.63,0.1,31.4,30.0,4.0,5.0,False
10002989,2023-12-06 14:41:39,452,Germany,Fashion,Web,Credit Card,2,44.44,0.2,71.1,29.0,5.0,3.0,False
10000782,2023-12-06 17:40:24,584,France,Electronics,Store,Credit Card,3,186.16,0.0,558.48,51.0,5.0,9.0,False
10004005,2023-12-06 18:52:34,356,United States,Fashion,Mobile App,Gift Card,1,91.59,0.0,91.59,37.0,5.0,5.0,False
10001565,2023-12-06 21:16:20,289,Germany,Electronics,Web,PayPal,1,230.16,0.0,230.16,51.0,3.0,5.0,False
10004233,2023-12-07 03:14:51,184,United Kingdom,Fashion,Store,Credit Card,4,98.4,0.0,393.6,44.0,4.0,7.0,False
10001620,2023-12-07 03:48:19,87,United States,Sports,Web,Credit Card,2,79.79,0.1,143.62,23.0,3.0,7.0,False
10002651,2023-12-07 03:49:45,455,Canada,Sports,Store,PayPal,2,79.78,0.0,159.56,54.0,2.0,4.0,False
10004239,2023-12-07 07:19:04,351,Italy,Electronics,Web,PayPal,3,84.72,0.0,254.16,22.0,2.0,4.0,True
10003654,2023-12-07 12:18:26,42,United States,Toys,Mobile App,Credit Card,1,52.6,0.05,49.97,29.0,5.0,3.0,False
10003736,2023-12-07 20:24:06,256,Canada,Fashion,Mobile App,PayPal,6,54.79,0.2,262.99,18.0,4.0,1.0,False
10000876,2023-12-07 21:09:50,351,Spain,Sports,Mobile App,Credit Card,5,96.01,0.0,480.05,47.0,3.0,7.0,False
10002328,2023-12-07 22:13:12,13,Germany,Sports,Web,PayPal,2,71.44,0.0,142.88,45.0,3.0,6.0,False
10003535,2023-12-08 07:02:30,155,India,Sports,Mobile App,Credit Card,7,87.31,0.05,580.61,42.0,4.0,8.0,False
10002980,2023-12-08 19:59:30,78,Germany,Fashion,Mobile App,Credit Card,5,43.53,0.05,206.77,42.0,5.0,6.0,False
10000020,2023-12-09 00:16:23,616,Spain,Home & Garden,Web,PayPal,3,96.89,0.0,290.67,40.0,4.0,7.0,False
10001190,2023-12-09 06:06:01,296,France,Fashion,Store,Credit Card,3,65.28,0.0,195.84,51.0,3.0,5.0,False
10003426,2023-12-09 09:01:59,587,United States,Electronics,Marketplace,PayPal,1,114.71,0.2,91.77,38.0,4.0,4.0,False
10000297,2023-12-10 00:47:07,545,United States,Beauty,Web,Credit Card,2,61.67,0.0,123.34,41.0,3.0,6.0,False
10004811,2023-12-10 02:45:56,256,United Kingdom,Sports,Marketplace,Credit Card,3,65.24,0.3,137.0,29.0,3.0,7.0,True
10004025,2023-12-10 11:09:03,467,Brazil,Electronics,Web,Bank Transfer,2,362.2,0.0,724.4,22.0,,6.0,False
10004309,2023-12-11 03:34:07,418,India,Electronics,Web,Credit Card,2,205.82,0.0,411.64,,3.0,8.0,False
10004186,2023-12-11 11:10:28,441,Italy,Home & Garden,Mobile App,PayPal,2,70.29,0.0,140.58,38.0,4.0,1.0,False
10003070,2023-12-11 11:24:03,303,India,Toys,Marketplace,Bank Transfer,1,34.33,0.3,24.03,47.0,3.0,5.0,False
10001705,2023-12-11 14:15:42,400,India,Home & Garden,Web,PayPal,3,33.78,0.0,101.34,39.0,4.0,4.0,False
10003648,2023-12-11 17:38:13,504,India,Electronics,Store,Bank Transfer,1,199.42,0.0,199.42,39.0,3.0,2.0,False
10004276,2023-12-12 00:01:37,83,Germany,Sports,Web,Credit Card,3,68.05,0.0,204.15,30.0,2.0,7.0,False
10002052,2023-12-12 00:36:48,463,United States,Beauty,Store,Gift Card,3,41.99,0.2,100.78,53.0,3.0,7.0,False
10000403,2023-12-12 03:01:03,542,United States,Home & Garden,Store,Credit Card,2,201.67,0.1,363.01,54.0,3.0,5.0,False
10004377,2023-12-12 17:11:27,298,Spain,Beauty,Web,Credit Card,3,41.67,0.3,87.51,46.0,5.0,5.0,False
10003991,2023-12-13 11:55:23,209,Japan,Electronics,Web,Gift Card,3,203.33,0.0,609.99,53.0,3.0,5.0,False
10003879,2023-12-13 18:53:20,304,India,Electronics,Web,Credit Card,2,223.16,0.0,446.32,41.0,5.0,6.0,False
10002323,2023-12-13 20:22:51,157,Japan,Fashion,Web,Bank Transfer,3,34.77,0.0,104.31,54.0,5.0,4.0,False
10002872,2023-12-13 21:47:06,206,France,Toys,Mobile App,Credit Card,2,27.75,0.05,52.72,27.0,5.0,3.0,False
10003319,2023-12-14 02:44:19,220,Germany,Fashion,Web,Credit Card,2,69.4,0.0,138.8,46.0,3.0,2.0,False
10000054,2023-12-14 04:40:10,70,United States,Toys,Store,Credit Card,5,17.02,0.05,80.84,18.0,5.0,4.0,False
10000182,2023-12-14 04:59:20,451,India,Beauty,Mobile App,PayPal,1,33.51,0.3,23.46,47.0,4.0,8.0,False
10002441,2023-12-14 11:17:47,304,United States,Toys,Web,Credit Card,1,17.74,0.0,17.74,,5.0,3.0,False
10004757,2023-12-14 17:03:52,232,United States,Sports,Mobile App,PayPal,4,26.01,0.1,93.64,35.0,3.0,9.0,False
10002304,2023-12-14 21:54:47,132,France,Sports,Mobile App,PayPal,1,60.13,0.0,60.13,40.0,4.0,7.0,False
10003931,2023-12-15 02:09:44,191,Italy,Fashion,Web,Credit Card,3,33.61,0.0,100.83,22.0,4.0,8.0,False
10004071,2023-12-15 09:58:03,475,India,Beauty,Web,Credit Card,1,54.07,0.0,54.07,28.0,4.0,3.0,False
10003871,2023-12-15 11:26:18,352,United States,Home & Garden,Store,PayPal,2,96.63,0.05,183.6,37.0,3.0,6.0,False
10000208,2023-12-15 17:24:43,203,United States,Sports,Web,Credit Card,2,94.58,0.0,189.16,62.0,5.0,4.0,False
10000058,2023-12-15 17:39:03,370,United States,Home & Garden,Marketplace,Credit Card,2,119.07,0.0,238.14,55.0,4.0,7.0,False
10003423,2023-12-16 02:15:47,285,Brazil,Fashion,Mobile App,Credit Card,3,31.72,0.0,95.16,23.0,4.0,5.0,False
10003750,2023-12-16 08:49:45,450,Brazil,Fashion,Mobile App,Bank Transfer,2,56.73,0.0,113.46,39.0,5.0,4.0,False
10004871,2023-12-16 12:14:22,485,Germany,Electronics,Web,Gift Card,1,206.24,0.1,185.62,45.0,5.0,7.0,False
10000308,2023-12-16 14:35:12,530,United States,Electronics,Marketplace,Gift Card,4,468.16,0.0,1872.64,36.0,4.0,3.0,False
10002443,2023-12-16 18:55:06,300,United States,Beauty,Mobile App,Credit Card,3,40.73,0.0,122.19,53.0,4.0,2.0,False
10003337,2023-12-16 19:32:46,175,United States,Sports,Web,Credit Card,2,85.02,0.0,170.04,,5.0,1.0,False
10000843,2023-12-17 01:11:02,157,France,Fashion,Web,Gift Card,3,45.11,0.05,128.56,49.0,5.0,7.0,False
10000526,2023-12-17 08:29:24,294,India,Electronics,Web,Credit Card,3,127.61,0.0,382.83,44.0,5.0,10.0,False
10000772,2023-12-18 02:35:02,474,Brazil,Home & Garden,Web,Credit Card,7,44.47,0.1,280.16,34.0,4.0,5.0,False
10002199,2023-12-18 11:40:55,479,Canada,Fashion,Mobile App,PayPal,2,48.54,0.1,87.37,45.0,4.0,3.0,False
10003025,2023-12-18 13:50:19,436,Canada,Sports,Marketplace,PayPal,4,109.24,0.2,349.57,34.0,4.0,3.0,False
10004613,2023-12-18 21:13:06,333,Brazil,Electronics,Mobile App,Credit Card,3,280.86,0.0,842.58,39.0,4.0,5.0,True
10000379,2023-12-18 22:19:00,539,France,Electronics,Web,PayPal,4,111.17,0.0,444.68,18.0,4.0,6.0,False
10001603,2023-12-19 00:01:21,326,India,Beauty,Mobile App,Credit Card,4,21.8,0.2,69.76,22.0,4.0,6.0,False
10000912,2023-12-20 00:42:41,616,Brazil,Fashion,Marketplace,Bank Transfer,3,63.35,0.3,133.04,53.0,2.0,10.0,False
10000578,2023-12-20 06:10:43,490,India,Fashion,Web,PayPal,3,55.94,0.0,167.82,36.0,4.0,6.0,False
10001921,2023-12-20 06:36:19,413,Canada,Sports,Web,Credit Card,5,78.38,0.0,391.9,36.0,4.0,4.0,False
10004791,2023-12-20 12:37:47,214,Spain,Toys,Marketplace,Credit Card,1,15.55,0.0,15.55,50.0,3.0,10.0,False
10003791,2023-12-21 09:13:46,226,India,Electronics,Web,Credit Card,3,224.85,0.0,674.55,52.0,4.0,6.0,False
10003141,2023-12-21 10:44:33,296,Brazil,Electronics,Mobile App,Credit Card,2,190.02,0.0,380.04,34.0,2.0,5.0,False
10003913,2023-12-21 18:57:59,483,France,Toys,Web,Bank Transfer,2,72.0,0.0,144.0,42.0,5.0,5.0,False
10002853,2023-12-21 18:59:21,497,France,Sports,Mobile App,Credit Card,2,159.95,0.05,303.9,,3.0,4.0,False
10002128,2023-12-21 19:08:06,221,France,Electronics,Store,Bank Transfer,3,370.46,0.1,1000.24,44.0,5.0,5.0,False
10000977,2023-12-21 20:11:11,352,Japan,Electronics,Web,Credit Card,1,247.37,0.05,235.0,36.0,3.0,8.0,False
10000792,2023-12-22 03:30:15,231,Brazil,Fashion,Mobile App,Credit Card,3,73.97,0.0,221.91,31.0,5.0,6.0,False
10001510,2023-12-22 05:14:53,194,Germany,Fashion,Web,Credit Card,3,51.33,0.0,153.99,58.0,3.0,8.0,False
10000920,2023-12-22 07:27:40,342,United Kingdom,Toys,Marketplace,PayPal,2,33.32,0.1,59.98,46.0,3.0,6.0,False
10004237,2023-12-22 10:17:07,498,Spain,Electronics,Web,Credit Card,1,241.52,0.1,217.37,35.0,4.0,4.0,False
10000481,2023-12-22 15:21:04,526,Japan,Toys,Marketplace,PayPal,2,25.48,0.1,45.86,54.0,5.0,4.0,False
10001872,2023-12-23 03:41:11,602,United States,Fashion,Web,Bank Transfer,2,38.37,0.05,72.9,30.0,5.0,4.0,False
10001037,2023-12-23 10:56:35,474,Germany,Electronics,Marketplace,Bank Transfer,3,203.62,0.2,488.69,26.0,4.0,4.0,False
10003542,2023-12-23 14:03:53,478,United States,Toys,Web,Gift Card,1,34.66,0.0,34.66,44.0,3.0,5.0,False
10001259,2023-12-23 22:01:09,573,Spain,Fashion,Mobile App,PayPal,1,58.8,0.0,58.8,44.0,4.0,4.0,False
10004627,2023-12-23 22:46:53,345,Japan,Electronics,Store,Bank Transfer,1,388.88,0.0,388.88,40.0,4.0,5.0,True
10002253,2023-12-24 05:53:59,474,United Kingdom,Electronics,Mobile App,Credit Card,2,152.55,0.0,305.1,22.0,3.0,8.0,False
10002283,2023-12-24 11:24:07,501,United States,Fashion,Mobile App,Bank Transfer,3,72.89,0.0,218.67,54.0,5.0,1.0,False
10001183,2023-12-24 16:29:47,95,United Kingdom,Toys,Web,Credit Card,1,26.19,0.0,26.19,,4.0,3.0,False
10001813,2023-12-24 17:46:33,69,United States,Fashion,Marketplace,PayPal,1,32.06,0.2,25.65,,4.0,8.0,False
10002437,2023-12-24 22:41:32,446,United Kingdom,Home & Garden,Web,PayPal,2,73.94,0.2,118.3,57.0,4.0,4.0,False
10004344,2023-12-25 05:14:04,545,Canada,Fashion,Store,Credit Card,3,20.51,0.0,61.53,54.0,4.0,7.0,False
10001216,2023-12-25 06:36:40,34,Italy,Electronics,Marketplace,Credit Card,3,217.21,0.05,619.05,38.0,5.0,2.0,False
10003200,2023-12-25 08:32:27,435,Canada,Electronics,Web,Credit Card,2,255.59,0.2,408.94,48.0,3.0,3.0,False
10001689,2023-12-25 11:03:48,172,United States,Home & Garden,Marketplace,Credit Card,2,64.97,0.1,116.95,56.0,4.0,6.0,False
10004003,2023-12-26 01:44:27,597,Germany,Home & Garden,Mobile App,Credit Card,4,99.11,0.0,396.44,28.0,4.0,4.0,False
10003477,2023-12-26 14:19:04,413,United Kingdom,Sports,Web,Bank Transfer,1,58.08,0.0,58.08,41.0,3.0,4.0,False
10000497,2023-12-26 21:52:50,416,Italy,Fashion,Web,Credit Card,4,90.73,0.05,344.77,31.0,5.0,3.0,False
10002116,2023-12-27 03:53:02,158,United States,Home & Garden,Store,Credit Card,3,126.81,0.0,380.43,34.0,4.0,5.0,False
10002826,2023-12-27 08:10:09,460,United States,Electronics,Store,Gift Card,2,220.94,0.0,441.88,43.0,4.0,4.0,False
10000418,2023-12-27 12:30:49,617,Spain,Beauty,Web,Credit Card,2,25.58,0.1,46.04,59.0,5.0,1.0,False
10003519,2023-12-27 14:29:32,464,Italy,Electronics,Web,PayPal,2,143.48,0.0,286.96,,4.0,7.0,False
10000987,2023-12-27 15:38:01,298,United States,Fashion,Web,Bank Transfer,1,62.31,0.2,49.85,18.0,4.0,5.0,False
10004952,2023-12-27 19:03:01,396,United Kingdom,Home & Garden,Mobile App,Bank Transfer,3,41.89,0.05,119.39,51.0,5.0,8.0,False
10002997,2023-12-28 09:27:53,53,Italy,Home & Garden,Mobile App,PayPal,2,104.01,0.3,145.61,32.0,3.0,6.0,False
10000599,2023-12-28 10:41:18,115,United States,Electronics,Marketplace,Credit Card,1,176.43,0.0,176.43,51.0,4.0,5.0,False
10002025,2023-12-28 19:22:06,451,Italy,Home & Garden,Store,Credit Card,5,127.35,0.1,573.08,43.0,3.0,8.0,False
10004096,2023-12-29 10:52:02,11,Italy,Home & Garden,Store,Credit Card,5,53.64,0.05,254.79,36.0,4.0,6.0,True
10000446,2023-12-29 16:44:25,306,India,Beauty,Marketplace,Credit Card,5,42.96,0.0,214.8,42.0,4.0,7.0,False
10001187,2023-12-29 21:22:00,134,France,Sports,Web,Credit Card,2,77.42,0.2,123.87,54.0,4.0,4.0,False
10003003,2023-12-30 23:18:49,423,India,Beauty,Web,Gift Card,3,53.54,0.0,160.62,22.0,3.0,4.0,False
10000128,2024-01-01 03:00:58,63,United States,Beauty,Mobile App,Credit Card,3,36.18,0.0,108.54,27.0,5.0,5.0,False
10003515,2024-01-01 05:07:40,348,Brazil,Home & Garden,Web,Credit Card,2,143.9,0.0,287.8,26.0,5.0,5.0,False
10004146,2024-01-01 17:32:26,479,United States,Beauty,Web,Credit Card,2,27.4,0.1,49.32,36.0,5.0,4.0,False
10000091,2024-01-02 00:37:00,602,India,Toys,Web,PayPal,5,19.88,0.1,89.46,60.0,3.0,3.0,False
10000807,2024-01-02 01:50:31,595,Italy,Beauty,Web,Credit Card,1,29.62,0.0,29.62,33.0,5.0,3.0,False
10002720,2024-01-02 02:20:17,263,United States,Electronics,Web,Credit Card,3,124.16,0.0,372.48,52.0,4.0,8.0,False
10004521,2024-01-02 02:24:25,154,Italy,Toys,Web,PayPal,4,42.38,0.2,135.62,,4.0,4.0,False
10004901,2024-01-02 05:38:21,456,United States,Fashion,Web,Credit Card,5,72.59,0.0,362.95,39.0,4.0,8.0,False
10000279,2024-01-02 10:32:49,338,United States,Sports,Marketplace,PayPal,2,117.35,0.05,222.96,44.0,4.0,5.0,False
10001771,2024-01-02 12:21:25,181,France,Home & Garden,Marketplace,Credit Card,2,57.28,0.3,80.19,21.0,3.0,6.0,False
10000802,2024-01-02 16:35:53,439,Italy,Beauty,Marketplace,Credit Card,4,15.14,0.0,60.56,18.0,5.0,6.0,False
10004114,2024-01-03 00:16:38,441,United States,Home & Garden,Web,Bank Transfer,3,74.68,0.0,224.04,47.0,4.0,7.0,False
10003579,2024-01-03 15:31:05,570,United Kingdom,Electronics,Mobile App,PayPal,3,280.63,0.0,841.89,26.0,4.0,6.0,False
10003563,2024-01-03 19:31:10,63,Germany,Electronics,Web,Credit Card,2,167.22,0.1,301.0,28.0,4.0,2.0,False
10000340,2024-01-04 04:09:17,553,United Kingdom,Toys,Web,PayPal,2,16.74,0.0,33.48,18.0,5.0,4.0,False
10003455,2024-01-04 06:33:24,187,Italy,Sports,Mobile App,Credit Card,1,52.71,0.2,42.17,37.0,4.0,6.0,False
10003391,2024-01-04 21:57:36,289,Japan,Fashion,Marketplace,Bank Transfer,2,88.9,0.0,177.8,28.0,4.0,1.0,False
10002082,2024-01-04 22:37:31,567,Japan,Sports,Web,Credit Card,3,77.43,0.0,232.29,38.0,5.0,9.0,False
10002639,2024-01-05 03:54:01,276,Germany,Beauty,Web,Gift Card,4,19.89,0.0,79.56,18.0,2.0,7.0,False
10004122,2024-01-05 12:41:41,450,Germany,Electronics,Web,Credit Card,1,354.84,0.0,354.84,37.0,5.0,5.0,True
10002177,2024-01-05 19:31:34,300,United States,Home & Garden,Web,Credit Card,1,81.61,0.2,65.29,18.0,5.0,7.0,False
10002156,2024-01-05 20:35:00,263,Germany,Beauty,Web,Credit Card,2,36.27,0.2,58.03,30.0,,4.0,False
10002055,2024-01-05 22:43:48,554,United States,Beauty,Store,Bank Transfer,2,20.49,0.05,38.93,18.0,5.0,3.0,True
10004905,2024-01-06 06:58:16,66,Germany,Home & Garden,Mobile App,Credit Card,2,98.55,0.05,187.24,32.0,4.0,6.0,False
10002435,2024-01-06 07:30:14,451,United States,Toys,Mobile App,Bank Transfer,4,26.7,0.2,85.44,49.0,5.0,8.0,False
10004808,2024-01-06 10:05:05,41,Germany,Fashion,Web,Gift Card,2,62.24,0.0,124.48,34.0,5.0,5.0,False
10002476,2024-01-06 13:32:44,503,United States,Toys,Web,Credit Card,3,29.02,0.3,60.94,45.0,2.0,5.0,False
10004046,2024-01-06 18:46:05,82,Italy,Beauty,Mobile App,Credit Card,3,37.87,0.2,90.89,53.0,4.0,7.0,False
10004870,2024-01-06 20:31:52,549,France,Home & Garden,Web,Gift Card,3,72.58,0.0,217.74,45.0,4.0,7.0,False
10003951,2024-01-06 21:21:45,16,Canada,Home & Garden,Mobile App,PayPal,1,88.23,0.0,88.23,40.0,4.0,6.0,False
10000374,2024-01-07 21:33:40,232,United States,Home & Garden,Web,PayPal,3,47.13,0.0,141.39,60.0,4.0,8.0,False
10001113,2024-01-08 06:38:36,510,United States,Toys,Web,Credit Card,1,79.98,0.05,75.98,29.0,3.0,11.0,False
10002923,2024-01-08 22:29:48,94,Brazil,Sports,Mobile App,PayPal,3,143.86,0.1,388.42,29.0,4.0,6.0,False
10001664,2024-01-09 06:35:26,596,United States,Electronics,Mobile App,PayPal,2,259.24,0.05,492.56,32.0,3.0,2.0,False
10003462,2024-01-09 16:23:13,139,India,Electronics,Marketplace,Credit Card,4,327.8,0.0,1311.2,44.0,5.0,7.0,False
10001096,2024-01-09 17:34:55,411,Germany,Sports,Mobile App,Credit Card,3,18.23,0.0,54.69,37.0,,3.0,False
10002176,2024-01-09 18:03:11,135,Germany,Home & Garden,Mobile App,Credit Card,3,50.88,0.1,137.38,30.0,3.0,5.0,False
10003335,2024-01-10 03:05:47,401,Brazil,Electronics,Web,Gift Card,2,127.79,0.0,255.58,41.0,,2.0,False
10003903,2024-01-10 06:32:17,290,Brazil,Sports,Mobile App,Gift Card,5,69.52,0.0,347.6,38.0,5.0,4.0,False
10000264,2024-01-10 18:10:47,40,Japan,Fashion,Web,PayPal,3,48.98,0.05,139.59,33.0,4.0,10.0,False
10000988,2024-01-10 18:54:12,245,Brazil,Fashion,Store,Credit Card,1,26.33,0.3,18.43,24.0,3.0,3.0,False
10001772,2024-01-10 19:26:40,90,India,Fashion,Mobile App,Credit Card,3,40.85,0.0,122.55,46.0,4.0,7.0,False
10003784,2024-01-10 22:35:50,323,France,Fashion,Marketplace,Bank Transfer,3,93.59,0.3,196.54,22.0,5.0,5.0,False
10001431,2024-01-10 23:14:25,321,Canada,Home & Garden,Web,Bank Transfer,1,200.97,0.1,180.87,,5.0,4.0,False
10004027,2024-01-11 03:02:53,624,Brazil,Fashion,Mobile App,Credit Card,4,49.42,0.0,197.68,46.0,3.0,4.0,False
10000810,2024-01-11 14:38:45,265,Japan,Toys,Web,Credit Card,1,41.9,0.3,29.33,44.0,3.0,11.0,False
10003479,2024-01-11 17:35:10,4,France,Electronics,Store,Credit Card,3,137.6,0.0,412.8,35.0,3.0,5.0,False
10000582,2024-01-11 18:23:17,407,Japan,Home & Garden,Mobile App,Credit Card,3,43.25,0.05,123.26,48.0,4.0,3.0,False
10003740,2024-01-12 07:08:42,549,United States,Beauty,Web,PayPal,2,12.53,0.3,17.54,53.0,4.0,4.0,False
10002155,2024-01-12 19:27:29,458,Germany,Sports,Mobile App,PayPal,4,59.17,0.0,236.68,25.0,3.0,1.0,False
10002010,2024-01-13 04:14:41,366,United States,Fashion,Web,Credit Card,3,125.45,0.2,301.08,49.0,4.0,2.0,False
10002475,2024-01-13 14:56:24,447,United States,Home & Garden,Mobile App,Bank Transfer,1,56.73,0.0,56.73,25.0,2.0,5.0,True
10001960,2024-01-13 20:13:25,412,France,Fashion,Marketplace,Credit Card,2,48.75,0.3,68.25,55.0,5.0,2.0,False
10002066,2024-01-13 22:04:35,546,Brazil,Home & Garden,Marketplace,Credit Card,2,47.36,0.05,89.98,30.0,5.0,9.0,False
10002938,2024-01-14 01:51:04,82,Germany,Fashion,Mobile App,Credit Card,3,73.21,0.0,219.63,27.0,3.0,9.0,False
10002538,2024-01-14 03:35:53,292,Brazil,Sports,Web,Credit Card,3,150.02,0.1,405.05,32.0,4.0,9.0,False
10001611,2024-01-14 05:58:33,530,Germany,Fashion,Mobile App,PayPal,1,54.08,0.1,48.67,39.0,4.0,7.0,False
10002502,2024-01-14 08:42:51,495,Italy,Sports,Web,PayPal,2,124.19,0.05,235.96,36.0,5.0,5.0,False
10004819,2024-01-14 16:37:26,471,United States,Home & Garden,Web,Bank Transfer,4,53.27,0.0,213.08,42.0,4.0,4.0,False
10001938,2024-01-14 17:07:41,161,United Kingdom,Beauty,Web,Credit Card,2,69.35,0.05,131.76,38.0,4.0,6.0,False
10003094,2024-01-14 20:36:43,525,United States,Electronics,Web,PayPal,2,140.3,0.05,266.57,47.0,4.0,2.0,False
10003680,2024-01-14 23:19:20,132,United States,Fashion,Mobile App,Credit Card,2,53.48,0.0,106.96,37.0,,5.0,False
10004483,2024-01-15 04:15:54,215,United States,Electronics,Mobile App,PayPal,2,159.02,0.1,286.24,44.0,5.0,4.0,False
10004723,2024-01-15 12:42:31,615,United States,Fashion,Marketplace,Gift Card,2,57.74,0.0,115.48,36.0,3.0,4.0,False
10001920,2024-01-15 21:50:38,156,Italy,Sports,Mobile App,PayPal,9,89.54,0.1,725.27,39.0,3.0,7.0,False
10004484,2024-01-16 04:38:03,360,United States,Sports,Mobile App,PayPal,3,103.78,0.0,311.34,33.0,5.0,1.0,False
10002712,2024-01-16 07:39:41,132,Brazil,Electronics,Web,Credit Card,4,79.08,0.2,253.06,,3.0,5.0,False
10003997,2024-01-16 16:02:03,442,India,Home & Garden,Web,Credit Card,1,93.38,0.0,93.38,40.0,3.0,3.0,False
10000461,2024-01-16 16:46:12,317,France,Electronics,Mobile App,PayPal,2,198.76,0.2,318.02,42.0,4.0,7.0,False
10001639,2024-01-16 17:46:10,301,Brazil,Sports,Mobile App,PayPal,2,93.59,0.05,177.82,23.0,3.0,3.0,False
10002037,2024-01-17 02:25:37,371,Germany,Home & Garden,Mobile App,Gift Card,2,72.35,0.05,137.46,49.0,3.0,7.0,False
10002001,2024-01-17 04:15:34,13,United Kingdom,Electronics,Web,PayPal,2,251.64,0.0,503.28,40.0,4.0,1.0,False
10001535,2024-01-17 09:26:43,486,India,Home & Garden,Web,Credit Card,4,70.55,0.0,282.2,21.0,4.0,5.0,False
10002960,2024-01-17 17:47:27,411,Canada,Toys,Mobile App,Bank Transfer,4,17.96,0.0,71.84,37.0,5.0,2.0,False
10000180,2024-01-17 23:14:49,174,Italy,Sports,Marketplace,Gift Card,1,141.32,0.0,141.32,34.0,3.0,10.0,False
10003155,2024-01-18 11:13:49,94,United Kingdom,Beauty,Web,PayPal,4,32.76,0.05,124.49,,5.0,3.0,False
10004933,2024-01-19 04:57:07,72,Canada,Electronics,Mobile App,Credit Card,2,210.14,0.0,420.28,22.0,5.0,7.0,False
10003273,2024-01-19 05:06:40,166,United Kingdom,Fashion,Marketplace,Credit Card,2,86.97,0.05,165.24,34.0,3.0,9.0,False
10001995,2024-01-19 05:42:57,423,United Kingdom,Fashion,Web,Credit Card,3,41.75,0.2,100.2,53.0,4.0,2.0,False
10002002,2024-01-19 10:26:13,131,United States,Fashion,Web,Credit Card,6,54.72,0.05,311.9,39.0,,8.0,False
10003846,2024-01-19 10:30:52,490,Germany,Beauty,Mobile App,Credit Card,2,37.98,0.0,75.96,29.0,4.0,3.0,False
10001042,2024-01-19 11:45:40,58,Brazil,Electronics,Store,PayPal,1,479.71,0.0,479.71,34.0,3.0,2.0,False
10004841,2024-01-20 07:57:48,584,France,Electronics,Web,PayPal,2,244.49,0.3,342.29,35.0,5.0,5.0,False
10001575,2024-01-20 13:54:36,159,United Kingdom,Electronics,Marketplace,Bank Transfer,6,239.79,0.0,1438.74,24.0,5.0,3.0,False
10004047,2024-01-20 16:23:30,313,United States,Beauty,Mobile App,Bank Transfer,3,44.95,0.3,94.4,18.0,4.0,7.0,False
10000042,2024-01-20 21:21:00,557,Brazil,Toys,Web,PayPal,1,44.93,0.0,44.93,54.0,3.0,4.0,False
10002236,2024-01-20 22:54:03,302,India,Sports,Mobile App,Credit Card,3,95.74,0.0,287.22,,3.0,5.0,False
10000961,2024-01-20 23:46:03,571,Canada,Fashion,Web,Credit Card,4,53.06,0.0,212.24,36.0,4.0,6.0,False
10004271,2024-01-21 03:06:40,345,Germany,Toys,Web,PayPal,5,30.02,0.0,150.1,51.0,4.0,2.0,False
10002894,2024-01-21 04:07:06,324,Italy,Toys,Web,PayPal,3,15.26,0.0,45.78,49.0,4.0,5.0,False
10000184,2024-01-21 08:52:47,524,Germany,Electronics,Store,Credit Card,3,294.44,0.05,839.15,46.0,5.0,5.0,False
10004792,2024-01-21 09:58:12,432,United States,Home & Garden,Web,PayPal,4,50.94,0.05,193.57,18.0,5.0,5.0,False
10002401,2024-01-21 21:52:09,162,Brazil,Electronics,Mobile App,Credit Card,3,335.37,0.05,955.8,30.0,5.0,4.0,False
10001759,2024-01-22 03:06:42,507,United States,Beauty,Store,Credit Card,1,32.48,0.05,30.86,47.0,4.0,7.0,False
10000747,2024-01-22 13:32:36,219,Germany,Sports,Web,Credit Card,4,256.74,0.0,1026.96,30.0,4.0,4.0,True
10003108,2024-01-23 03:54:18,597,United States,Home & Garden,Mobile App,Bank Transfer,2,75.06,0.05,142.61,55.0,3.0,7.0,False
10003567,2024-01-23 13:47:24,373,United States,Sports,Mobile App,Credit Card,3,98.71,0.0,296.13,57.0,5.0,3.0,False
10003531,2024-01-23 21:57:29,607,India,Toys,Marketplace,Credit Card,2,34.68,0.0,69.36,31.0,3.0,5.0,False
10002058,2024-01-23 22:00:11,274,United Kingdom,Home & Garden,Mobile App,Credit Card,2,74.23,0.0,148.46,47.0,3.0,2.0,False
10003856,2024-01-24 06:19:42,228,United States,Electronics,Mobile App,Credit Card,3,87.99,0.05,250.77,25.0,3.0,5.0,False
10001267,2024-01-24 07:34:11,54,United States,Electronics,Web,Gift Card,1,581.67,0.2,465.34,32.0,3.0,8.0,False
10000398,2024-01-24 14:11:52,407,United Kingdom,Fashion,Mobile App,Bank Transfer,4,77.28,0.05,293.66,59.0,3.0,7.0,False
10002879,2024-01-24 15:12:51,587,United States,Electronics,Marketplace,PayPal,2,198.5,0.05,377.15,33.0,3.0,1.0,False
10001048,2024-01-24 20:45:23,362,Spain,Fashion,Store,Credit Card,3,52.99,0.1,143.07,56.0,5.0,10.0,False
10004252,2024-01-25 22:56:00,527,India,Beauty,Mobile App,Credit Card,3,42.91,0.05,122.29,53.0,4.0,4.0,False
10000055,2024-01-26 01:54:15,598,Canada,Beauty,Mobile App,PayPal,3,42.65,0.1,115.15,35.0,4.0,3.0,False
10004895,2024-01-26 06:17:12,344,Canada,Electronics,Web,Credit Card,2,650.38,0.2,1040.61,36.0,4.0,3.0,False
10004667,2024-01-26 09:22:38,194,United States,Beauty,Web,Credit Card,2,53.64,0.1,96.55,30.0,3.0,4.0,False
10000474,2024-01-26 15:28:14,443,Canada,Sports,Store,Credit Card,2,39.68,0.05,75.39,,5.0,4.0,False
10002376,2024-01-26 18:36:27,579,United States,Electronics,Mobile App,Gift Card,2,197.17,0.0,394.34,48.0,5.0,4.0,False
10002799,2024-01-26 19:20:52,112,Spain,Toys,Marketplace,Bank Transfer,1,59.53,0.0,59.53,40.0,3.0,2.0,False
10003674,2024-01-26 19:55:30,338,United States,Electronics,Mobile App,PayPal,3,421.73,0.2,1012.15,47.0,3.0,9.0,False
10002462,2024-01-27 13:54:34,90,Germany,Home & Garden,Mobile App,PayPal,4,136.81,0.1,492.52,36.0,5.0,2.0,False
10003668,2024-01-28 04:34:49,11,United Kingdom,Toys,Web,Credit Card,3,15.75,0.0,47.25,23.0,4.0,10.0,False
10003934,2024-01-28 11:52:19,54,United States,Fashion,Store,Credit Card,2,58.02,0.0,116.04,57.0,3.0,5.0,False
10000923,2024-01-28 17:13:14,87,India,Home & Garden,Web,PayPal,3,27.28,0.05,77.75,38.0,5.0,5.0,False
10000790,2024-01-29 18:25:06,499,India,Fashion,Marketplace,Bank Transfer,4,100.52,0.2,321.66,34.0,3.0,7.0,False
10001749,2024-01-30 23:59:51,20,India,Fashion,Web,Credit Card,1,112.65,0.2,90.12,34.0,5.0,2.0,False
10000866,2024-01-31 05:41:36,502,Brazil,Sports,Mobile App,Credit Card,1,49.1,0.05,46.64,18.0,4.0,7.0,True
10003512,2024-01-31 09:38:21,590,Japan,Home & Garden,Marketplace,Credit Card,3,74.04,0.0,222.12,38.0,5.0,2.0,False
10003154,2024-01-31 11:34:32,217,France,Home & Garden,Web,Bank Transfer,1,55.99,0.0,55.99,32.0,5.0,2.0,False
10004592,2024-01-31 14:58:41,96,India,Sports,Store,Bank Transfer,3,84.83,0.05,241.77,55.0,4.0,5.0,False
10004918,2024-02-01 06:40:16,287,Germany,Electronics,Marketplace,Bank Transfer,2,75.2,0.0,150.4,37.0,5.0,5.0,False
10004138,2024-02-01 10:13:39,92,United States,Fashion,Store,PayPal,4,58.42,0.0,233.68,35.0,5.0,3.0,False
10004932,2024-02-01 12:20:39,114,India,Home & Garden,Marketplace,PayPal,1,102.12,0.0,102.12,40.0,4.0,6.0,False
10004369,2024-02-01 13:19:32,580,Germany,Beauty,Web,PayPal,2,26.6,0.05,50.54,35.0,4.0,8.0,False
10003304,2024-02-01 21:24:32,586,Canada,Home & Garden,Web,Credit Card,1,187.25,0.0,187.25,34.0,5.0,4.0,False
10003855,2024-02-02 04:30:21,102,Japan,Fashion,Web,Credit Card,3,43.89,0.2,105.34,33.0,4.0,6.0,False
10000917,2024-02-02 08:32:16,321,United States,Beauty,Mobile App,PayPal,2,36.95,0.0,73.9,49.0,4.0,3.0,False
10004771,2024-02-02 14:24:52,544,Canada,Fashion,Marketplace,Credit Card,3,70.6,0.0,211.8,48.0,5.0,3.0,False
10002532,2024-02-02 16:42:58,419,Japan,Fashion,Mobile App,Credit Card,3,50.18,0.0,150.54,19.0,4.0,6.0,False
10001195,2024-02-03 02:27:02,303,India,Sports,Web,Credit Card,5,33.63,0.0,168.15,40.0,,13.0,False
10000992,2024-02-03 10:34:32,109,United States,Beauty,Store,PayPal,4,20.95,0.05,79.61,40.0,5.0,3.0,False
10003315,2024-02-03 11:54:10,299,United States,Fashion,Web,Credit Card,4,101.85,0.05,387.03,46.0,4.0,7.0,False
10000025,2024-02-03 19:04:06,330,India,Sports,Marketplace,Credit Card,3,47.72,0.05,136.0,46.0,2.0,7.0,False
10001519,2024-02-03 21:56:43,482,United States,Beauty,Web,Credit Card,2,46.3,0.0,92.6,39.0,4.0,5.0,False
10001500,2024-02-04 07:17:14,276,United Kingdom,Fashion,Marketplace,Credit Card,3,36.77,0.0,110.31,34.0,1.0,5.0,False
10001528,2024-02-04 15:25:36,241,United Kingdom,Sports,Web,PayPal,2,82.0,0.0,164.0,50.0,3.0,4.0,False
10001429,2024-02-04 17:08:13,146,Canada,Toys,Mobile App,Bank Transfer,1,74.27,0.0,74.27,47.0,,8.0,False
10002210,2024-02-04 17:35:42,257,Italy,Home & Garden,Mobile App,PayPal,3,57.34,0.05,163.42,18.0,4.0,5.0,False
10003194,2024-02-04 19:20:46,410,France,Home & Garden,Web,Credit Card,1,97.77,0.1,87.99,25.0,3.0,11.0,False
10000560,2024-02-05 05:14:20,52,Canada,Fashion,Web,PayPal,2,140.4,0.1,252.72,35.0,5.0,6.0,False
10000329,2024-02-05 08:24:52,278,United States,Home & Garden,Web,Credit Card,1,91.42,0.2,73.14,32.0,5.0,2.0,False
10002420,2024-02-05 18:42:26,235,United States,Toys,Web,Credit Card,1,20.17,0.1,18.15,35.0,5.0,5.0,False
10003166,2024-02-06 11:01:28,524,United States,Electronics,Mobile App,Credit Card,2,200.05,0.0,400.1,28.0,4.0,2.0,False
10003973,2024-02-06 13:04:03,210,United States,Sports,Marketplace,PayPal,3,95.49,0.1,257.82,40.0,5.0,2.0,False
10001272,2024-02-06 14:37:15,211,Spain,Sports,Marketplace,PayPal,4,59.01,0.05,224.24,53.0,3.0,5.0,False
10004407,2024-02-06 16:35:38,602,Germany,Electronics,Web,PayPal,1,373.29,0.2,298.63,32.0,4.0,5.0,False
10001386,2024-02-06 23:16:17,19,India,Home & Garden,Mobile App,Gift Card,4,93.13,0.05,353.89,18.0,,4.0,False
10002816,2024-02-07 08:05:27,530,India,Electronics,Mobile App,Credit Card,2,272.4,0.1,490.32,51.0,5.0,7.0,False
10003418,2024-02-07 12:03:19,248,United States,Fashion,Web,Gift Card,3,83.28,0.05,237.35,23.0,5.0,9.0,False
10001354,2024-02-07 16:02:20,591,United Kingdom,Fashion,Mobile App,Bank Transfer,4,77.18,0.05,293.28,45.0,4.0,11.0,False
10003375,2024-02-08 00:52:30,89,France,Home & Garden,Mobile App,Credit Card,2,59.89,0.05,113.79,51.0,4.0,5.0,False
10004201,2024-02-08 01:40:22,147,Japan,Home & Garden,Web,PayPal,5,59.29,0.0,296.45,28.0,5.0,5.0,False
10000586,2024-02-08 11:02:03,624,United Kingdom,Home & Garden,Store,PayPal,2,105.68,0.05,200.79,,4.0,7.0,False
10003597,2024-02-08 17:56:55,361,Brazil,Beauty,Web,Credit Card,1,21.14,0.0,21.14,39.0,5.0,5.0,False
10002863,2024-02-08 17:58:28,297,United Kingdom,Toys,Web,PayPal,2,28.48,0.0,56.96,31.0,3.0,3.0,False
10004528,2024-02-08 18:15:07,208,United Kingdom,Beauty,Mobile App,Bank Transfer,2,40.23,0.05,76.44,18.0,4.0,1.0,False
10002438,2024-02-09 13:54:29,382,Spain,Beauty,Web,Credit Card,2,51.64,0.0,103.28,32.0,3.0,9.0,False
10001309,2024-02-09 19:50:03,533,United States,Toys,Store,Bank Transfer,1,39.68,0.0,39.68,18.0,3.0,6.0,False
10000594,2024-02-11 09:30:32,72,United Kingdom,Toys,Marketplace,Credit Card,5,31.81,0.0,159.05,60.0,5.0,4.0,False
10001372,2024-02-11 13:47:25,355,United States,Toys,Web,Credit Card,1,56.0,0.0,56.0,18.0,3.0,6.0,False
10000406,2024-02-11 15:37:24,502,United States,Fashion,Web,Credit Card,2,59.86,0.2,95.78,,4.0,5.0,False
10002883,2024-02-11 17:26:47,427,India,Toys,Marketplace,PayPal,2,35.38,0.0,70.76,18.0,4.0,6.0,False
10000433,2024-02-11 20:00:25,85,United States,Electronics,Store,Bank Transfer,4,229.34,0.1,825.62,26.0,3.0,3.0,False
10003503,2024-02-12 05:58:25,92,France,Electronics,Web,PayPal,3,99.24,0.0,297.72,38.0,5.0,2.0,False
10000001,2024-02-12 11:15:36,392,France,Beauty,Mobile App,PayPal,6,36.11,0.3,151.66,39.0,,4.0,False
10001118,2024-02-12 11:19:07,150,India,Sports,Store,Credit Card,6,85.64,0.0,513.84,34.0,3.0,5.0,False
10001774,2024-02-12 14:57:30,514,United States,Toys,Marketplace,Gift Card,2,22.93,0.1,41.27,52.0,4.0,5.0,False
10003130,2024-02-12 17:21:20,299,Canada,Beauty,Mobile App,Credit Card,2,28.23,0.0,56.46,61.0,4.0,9.0,False
10000489,2024-02-13 05:41:47,602,Japan,Sports,Web,PayPal,3,133.76,0.0,401.28,32.0,5.0,11.0,False
10003367,2024-02-13 09:27:23,353,brazil,Electronics,Web,PayPal,5,213.3,0.1,959.85,39.0,4.0,8.0,False
10000361,2024-02-13 14:03:14,470,Italy,Fashion,Web,PayPal,4,47.88,0.2,153.22,36.0,5.0,2.0,False
10003887,2024-02-14 01:27:56,483,Brazil,Electronics,Web,Credit Card,3,133.49,0.0,400.47,30.0,5.0,6.0,False
10001169,2024-02-14 03:50:16,26,United States,Fashion,Web,Bank Transfer,1,44.19,0.1,39.77,35.0,,4.0,False
10002636,2024-02-14 10:03:39,408,Italy,Beauty,Marketplace,Credit Card,2,24.42,0.05,46.4,44.0,4.0,7.0,False
10000979,2024-02-14 10:50:34,238,United Kingdom,Fashion,Marketplace,Credit Card,3,32.69,0.0,98.07,48.0,5.0,4.0,False
10004166,2024-02-14 12:44:53,568,Germany,Electronics,Marketplace,PayPal,3,108.06,0.05,307.97,19.0,3.0,4.0,False
10001219,2024-02-14 13:10:47,617,Spain,Fashion,Mobile App,PayPal,1,78.16,0.0,78.16,55.0,5.0,4.0,True
10004748,2024-02-15 05:26:05,379,Germany,Fashion,Web,Credit Card,3,56.55,0.0,169.65,29.0,,6.0,False
10003032,2024-02-15 08:45:47,67,Italy,Toys,Marketplace,PayPal,1,12.82,0.0,12.82,45.0,4.0,4.0,False
10000429,2024-02-15 09:53:51,50,United States,Fashion,Store,Credit Card,2,227.42,0.05,432.1,40.0,2.0,6.0,False
10001961,2024-02-15 14:39:26,175,United States,Home & Garden,Web,Credit Card,3,77.4,0.2,185.76,42.0,,7.0,False
10001433,2024-02-15 15:24:05,226,United States,Electronics,Mobile App,Gift Card,2,122.7,0.2,196.32,45.0,4.0,2.0,False
10001486,2024-02-15 16:57:49,252,Germany,Home & Garden,Mobile App,Credit Card,5,57.7,0.2,230.8,51.0,4.0,8.0,False
10000715,2024-02-16 06:06:15,341,France,Beauty,Web,Bank Transfer,2,73.4,0.1,132.12,25.0,4.0,7.0,False
10002292,2024-02-16 09:34:03,449,Japan,Electronics,Mobile App,PayPal,4,427.27,0.05,1623.63,18.0,5.0,6.0,False
10001322,2024-02-16 14:12:18,529,Germany,Sports,Marketplace,Credit Card,2,51.91,0.0,103.82,28.0,4.0,4.0,False
10001752,2024-02-16 15:17:07,42,United States,Home & Garden,Store,PayPal,1,133.88,0.3,93.72,18.0,5.0,6.0,False
10000716,2024-02-16 16:02:42,594,United Kingdom,Fashion,Web,PayPal,3,47.34,0.2,113.62,45.0,3.0,9.0,False
10002185,2024-02-17 08:09:53,454,United Kingdom,Electronics,Marketplace,Credit Card,2,174.6,0.3,244.44,28.0,5.0,1.0,False
10001395,2024-02-17 20:13:50,582,United States,Fashion,Web,Credit Card,2,82.14,0.0,164.28,44.0,4.0,9.0,False
10002221,2024-02-18 03:09:54,193,United States,Sports,Mobile App,Gift Card,1,75.77,0.05,71.98,43.0,5.0,2.0,False
10000483,2024-02-18 07:12:05,309,United States,Sports,Web,PayPal,3,59.0,0.0,177.0,,5.0,8.0,False
10000705,2024-02-18 08:34:18,552,Japan,Sports,Mobile App,Credit Card,2,116.62,0.05,221.58,41.0,4.0,6.0,False
10000978,2024-02-18 21:39:48,44,Canada,Beauty,Web,Credit Card,3,28.0,0.0,84.0,24.0,4.0,6.0,False
10002265,2024-02-19 02:00:13,94,United States,Beauty,Mobile App,Credit Card,3,40.73,0.0,122.19,25.0,4.0,2.0,False
10000744,2024-02-19 10:30:38,555,Italy,Electronics,Web,Gift Card,2,408.68,0.1,735.62,27.0,5.0,6.0,False
10001102,2024-02-19 11:52:53,586,France,Fashion,Mobile App,Bank Transfer,2,33.86,0.0,67.72,31.0,5.0,2.0,False
10003231,2024-02-19 12:30:42,163,France,Fashion,Mobile App,Credit Card,3,33.83,0.05,96.42,22.0,5.0,5.0,False
10004060,2024-02-19 16:54:34,30,United States,Sports,Mobile App,Credit Card,4,64.77,0.0,259.08,55.0,4.0,5.0,False
10000330,2024-02-19 18:30:32,135,France,Beauty,Mobile App,PayPal,2,20.96,0.05,39.82,18.0,4.0,2.0,False
10002910,2024-02-19 19:56:17,622,Germany,Fashion,Store,Credit Card,2,35.7,0.0,71.4,47.0,4.0,3.0,False
10004669,2024-02-20 07:24:18,500,Brazil,Sports,Web,PayPal,2,93.33,0.0,186.66,31.0,3.0,4.0,False
10003742,2024-02-20 09:17:22,317,Italy,Fashion,Mobile App,Credit Card,3,113.65,0.0,340.95,20.0,5.0,3.0,False
10000603,2024-02-20 12:05:03,555,United States,Electronics,Web,PayPal,1,200.01,0.0,200.01,41.0,5.0,7.0,False
10002900,2024-02-20 13:28:51,177,United Kingdom,Beauty,Mobile App,PayPal,1,29.12,0.2,23.3,19.0,3.0,6.0,False
10003629,2024-02-20 18:29:56,136,Spain,Home & Garden,Mobile App,Credit Card,2,70.78,0.05,134.48,46.0,5.0,7.0,False
10000373,2024-02-20 19:55:08,93,United States,Fashion,Mobile App,Credit Card,4,29.85,0.0,119.4,35.0,2.0,6.0,False
10001669,2024-02-21 00:11:59,506,United States,Toys,Mobile App,Bank Transfer,2,27.13,0.0,54.26,46.0,5.0,3.0,False
10004845,2024-02-21 15:14:02,359,Italy,Sports,Web,Bank Transfer,2,35.17,0.0,70.34,51.0,5.0,9.0,False
10003998,2024-02-21 20:02:10,261,United States,Fashion,Marketplace,Credit Card,1,78.35,0.05,74.43,33.0,5.0,8.0,False
10004492,2024-02-22 08:10:29,486,Germany ,Electronics,Mobile App,PayPal,1,170.31,0.05,161.79,33.0,4.0,6.0,False
10001870,2024-02-22 22:14:34,104,France,Beauty,Store,Credit Card,2,18.06,0.05,34.31,39.0,2.0,8.0,False
10003035,2024-02-23 11:28:21,318,Germany,Fashion,Web,Bank Transfer,2,41.88,0.0,83.76,40.0,,2.0,False
10003808,2024-02-23 13:58:18,196,Germany,Fashion,Web,Credit Card,1,49.4,0.0,49.4,29.0,,2.0,False
10000115,2024-02-23 20:25:07,218,United States,Fashion,Web,Credit Card,1,63.07,0.05,59.92,59.0,2.0,9.0,False
10000346,2024-02-23 20:29:12,480,Italy,Electronics,Mobile App,PayPal,4,259.48,0.0,1037.92,50.0,5.0,7.0,False
10000521,2024-02-23 20:48:37,170,Brazil,Fashion,Store,Credit Card,3,39.04,0.2,93.7,23.0,2.0,4.0,False
10002486,2024-02-24 00:42:41,112,United States,Beauty,Mobile App,Credit Card,3,32.66,0.0,97.98,23.0,5.0,10.0,False
10000997,2024-02-24 04:00:22,70,United States,Toys,Mobile App,Credit Card,3,19.43,0.0,58.29,28.0,5.0,8.0,True
10001116,2024-02-24 04:43:48,378,India,Beauty,Mobile App,Credit Card,2,29.57,0.0,59.14,56.0,4.0,2.0,False
10000117,2024-02-24 10:20:48,459,Italy,Home & Garden,Mobile App,Credit Card,2,70.17,0.0,140.34,34.0,4.0,4.0,False
10002366,2024-02-24 15:09:33,288,Spain,Electronics,Mobile App,PayPal,3,204.67,0.3,429.81,37.0,4.0,4.0,False
10002919,2024-02-24 20:22:52,123,United States,Fashion,Web,Bank Transfer,3,52.06,0.0,156.18,37.0,,4.0,False
10004703,2024-02-25 01:04:43,295,Germany,Electronics,Mobile App,Credit Card,6,268.26,0.0,1609.56,25.0,4.0,1.0,False
10000145,2024-02-25 12:00:19,56,United States,Home & Garden,Marketplace,Credit Card,3,72.95,0.0,218.85,44.0,4.0,4.0,False
10002348,2024-02-25 15:11:12,548,Canada,Home & Garden,Web,Credit Card,1,91.94,0.1,82.75,31.0,3.0,4.0,False
10004683,2024-02-26 04:22:53,199,United States,Fashion,Web,Credit Card,2,35.81,0.3,50.13,53.0,4.0,5.0,False
10000456,2024-02-26 11:17:09,470,United States,Electronics,Web,Bank Transfer,1,414.7,0.1,373.23,65.0,5.0,6.0,False
10003672,2024-02-26 13:51:07,225,Canada,Beauty,Web,Credit Card,3,25.35,0.2,60.84,18.0,4.0,9.0,False
10003837,2024-02-26 14:04:51,99,United States,Toys,Marketplace,Credit Card,2,61.6,0.1,110.88,40.0,2.0,5.0,False
10001806,2024-02-26 17:25:50,245,United States,Beauty,Mobile App,Credit Card,3,50.17,0.1,135.46,49.0,3.0,6.0,False
10003103,2024-02-26 18:23:55,342,United Kingdom,Toys,Mobile App,Credit Card,1,22.63,0.0,22.63,36.0,4.0,3.0,False
10004032,2024-02-26 23:09:53,297,United States,Home & Garden,Web,Credit Card,2,112.1,0.1,201.78,25.0,5.0,4.0,False
10001604,2024-02-27 00:51:31,56,United States,Electronics,Marketplace,PayPal,2,278.17,0.05,528.52,37.0,4.0,5.0,False
10004245,2024-02-27 10:42:54,295,United States,Beauty,Marketplace,Gift Card,2,23.43,0.0,46.86,28.0,4.0,5.0,False
10003364,2024-02-28 05:48:59,479,Spain,Beauty,Web,Bank Transfer,3,41.8,0.1,112.86,22.0,5.0,8.0,False
10001331,2024-02-28 09:12:20,31,United Kingdom,Fashion,Web,PayPal,2,84.36,0.1,151.85,28.0,3.0,4.0,False
10002411,2024-02-28 13:34:32,486,Brazil,Fashion,Mobile App,Credit Card,2,38.08,0.1,68.54,,4.0,4.0,False
10004795,2024-02-28 14:25:40,296,India,Home & Garden,Web,Credit Card,1,109.06,0.0,109.06,27.0,3.0,7.0,False
10000727,2024-02-28 15:11:48,231,India,Fashion,Mobile App,Credit Card,1,40.59,0.0,40.59,43.0,5.0,6.0,False
10000533,2024-02-28 22:16:30,201,Japan,Fashion,Mobile App,Credit Card,4,40.78,0.0,163.12,22.0,4.0,2.0,False
10000466,2024-02-29 00:04:52,557,United States,Home & Garden,Web,Credit Card,2,88.56,0.2,141.7,29.0,5.0,3.0,True
10003580,2024-02-29 02:47:14,492,India,Sports,Web,Credit Card,3,40.51,0.0,121.53,37.0,3.0,4.0,False
10000643,2024-02-29 07:19:08,111,United States,Fashion,Mobile App,PayPal,6,101.56,0.05,578.89,31.0,5.0,4.0,False
10004217,2024-02-29 13:18:52,303,United States,Home & Garden,Marketplace,PayPal,3,77.51,0.05,220.9,49.0,4.0,9.0,False
10003405,2024-02-29 18:44:36,321,France,Toys,Web,Credit Card,2,30.32,0.2,48.51,35.0,3.0,7.0,False
10003113,2024-02-29 19:39:34,152,Brazil,Fashion,Store,Credit Card,4,20.45,0.3,57.26,33.0,3.0,5.0,False
10003792,2024-03-01 04:18:23,497,Canada,Electronics,Mobile App,Credit Card,2,194.63,0.0,389.26,40.0,3.0,6.0,False
10004801,2024-03-01 06:21:44,594,United States,Toys,Web,Credit Card,3,13.87,0.05,39.53,,5.0,6.0,False
10003092,2024-03-01 06:47:57,365,India,Fashion,Web,Credit Card,3,130.95,0.3,274.99,47.0,4.0,13.0,False
10004418,2024-03-01 15:17:35,511,Italy,Home & Garden,Web,Credit Card,4,69.04,0.05,262.35,44.0,4.0,4.0,False
10001457,2024-03-01 17:27:45,618,Germany,Beauty,Marketplace,PayPal,3,35.41,0.05,100.92,37.0,4.0,4.0,False
10001404,2024-03-02 04:37:15,176,Brazil,Electronics,Mobile App,Credit Card,3,319.48,0.3,670.91,50.0,3.0,3.0,False
10003325,2024-03-02 10:55:23,376,Italy,Fashion,Mobile App,Credit Card,3,54.0,0.0,162.0,44.0,3.0,3.0,False
10003800,2024-03-02 14:43:43,384,Brazil,Fashion,Web,Credit Card,4,26.85,0.0,107.4,38.0,5.0,5.0,False
10003008,2024-03-02 21:01:48,209,United Kingdom,Fashion,Marketplace,PayPal,2,39.48,0.0,78.96,41.0,5.0,5.0,False
10003677,2024-03-02 23:14:08,95,France,Fashion,Mobile App,Credit Card,2,66.74,0.0,133.48,49.0,5.0,8.0,False
10001862,2024-03-03 00:03:15,169,Spain,Fashion,Mobile App,Gift Card,3,47.46,0.2,113.9,27.0,2.0,5.0,True
10003481,2024-03-03 09:41:53,30,United Kingdom,Beauty,Web,PayPal,2,16.37,0.0,32.74,41.0,4.0,5.0,False
10004902,2024-03-03 09:57:07,266,Spain,Sports,Marketplace,Credit Card,4,38.49,0.1,138.56,,3.0,5.0,False
10002349,2024-03-03 12:43:37,5,Spain,Toys,Web,Gift Card,4,37.56,0.1,135.22,22.0,,3.0,False
10003260,2024-03-03 22:02:17,43,France,Fashion,Marketplace,Credit Card,3,54.31,0.3,114.05,27.0,3.0,4.0,False
10004977,2024-03-03 22:33:34,592,United Kingdom,Beauty,Web,PayPal,2,59.71,0.0,119.42,40.0,5.0,4.0,False
10000416,2024-03-04 00:13:38,199,Brazil,Sports,Mobile App,Bank Transfer,1,55.07,0.0,55.07,42.0,3.0,4.0,False
10004431,2024-03-04 02:20:58,192,United States,Home & Garden,Mobile App,PayPal,4,47.02,0.05,178.68,24.0,5.0,6.0,False
10000828,2024-03-04 06:19:29,334,France,Home & Garden,Store,PayPal,4,136.15,0.0,544.6,41.0,4.0,5.0,False
10000210,2024-03-04 07:07:14,269,Canada,Fashion,Mobile App,Gift Card,5,82.03,0.1,369.14,60.0,4.0,5.0,False
10003456,2024-03-04 07:29:41,419,United Kingdom,Fashion,Web,Credit Card,5,46.86,0.0,234.3,34.0,,10.0,False
10001206,2024-03-04 08:17:24,263,India,Electronics,Web,Credit Card,5,135.61,0.0,678.05,41.0,4.0,5.0,False
10001748,2024-03-04 09:42:30,203,Spain,Sports,Web,Credit Card,2,63.3,0.0,126.6,51.0,5.0,7.0,False
10000358,2024-03-04 22:09:22,279,United States,Home & Garden,Web,Credit Card,3,49.41,0.1,133.41,47.0,4.0,2.0,False
10003214,2024-03-05 07:07:23,353,United States,Toys,Store,PayPal,1,21.32,0.0,21.32,52.0,,5.0,False
10004523,2024-03-05 09:22:34,63,United States,Fashion,Mobile App,PayPal,3,123.04,0.2,295.3,34.0,5.0,6.0,False
10000874,2024-03-05 09:47:22,322,Japan,Fashion,Web,Bank Transfer,1,40.45,0.3,28.32,24.0,1.0,6.0,False
10001758,2024-03-05 16:20:08,65,Spain,Fashion,Mobile App,Bank Transfer,3,45.65,0.1,123.26,50.0,3.0,8.0,False
10002105,2024-03-06 03:08:54,103,Italy,Fashion,Mobile App,Credit Card,4,48.77,0.0,195.08,34.0,4.0,3.0,False
10004466,2024-03-06 16:46:20,476,United States,Home & Garden,Web,Credit Card,3,69.57,0.1,187.84,29.0,4.0,4.0,False
10002507,2024-03-07 03:53:16,197,United States,Electronics,Mobile App,PayPal,1,68.85,0.05,65.41,27.0,3.0,5.0,False
10003009,2024-03-07 08:02:47,6,Brazil,Sports,Web,Credit Card,3,64.9,0.05,184.96,,5.0,4.0,False
10003381,2024-03-07 08:30:04,347,United Kingdom,Sports,Web,Credit Card,5,31.34,0.0,156.7,18.0,4.0,2.0,False
10001957,2024-03-07 14:01:51,15,France,Home & Garden,Web,PayPal,2,81.07,0.1,145.93,53.0,3.0,7.0,False
10000546,2024-03-07 21:45:28,452,United States,Home & Garden,Mobile App,Credit Card,3,68.55,0.05,195.37,32.0,4.0,3.0,False
10000651,2024-03-07 22:39:59,47,India,Home & Garden,Mobile App,Credit Card,5,154.9,0.0,774.5,24.0,4.0,4.0,False
10002510,2024-03-08 00:54:02,10,Italy,Toys,Marketplace,Credit Card,4,24.99,0.05,94.96,42.0,5.0,3.0,False
10000713,2024-03-08 06:29:33,81,Spain,Electronics,Web,Gift Card,2,591.84,0.0,1183.68,38.0,5.0,6.0,False
10004786,2024-03-08 08:10:46,392,United States,Home & Garden,Web,Bank Transfer,2,93.26,0.05,177.19,52.0,5.0,6.0,False
10002603,2024-03-08 10:27:55,110,United States,Home & Garden,Web,Credit Card,2,85.26,0.1,153.47,29.0,3.0,4.0,False
10001694,2024-03-08 11:07:44,170,India,Beauty,Web,Credit Card,6,42.78,0.2,205.34,45.0,2.0,3.0,False
10004287,2024-03-08 12:32:57,220,United Kingdom,Toys,Marketplace,Credit Card,3,20.06,0.0,60.18,29.0,5.0,6.0,False
10003870,2024-03-08 21:34:57,385,Canada,Toys,Web,Credit Card,2,48.96,0.0,97.92,68.0,5.0,6.0,False
10003187,2024-03-08 23:16:11,397,Germany,Fashion,Web,Gift Card,2,83.07,0.1,149.53,37.0,2.0,8.0,False
10003065,2024-03-09 07:21:13,497,United States,Sports,Store,Credit Card,2,68.39,0.0,136.78,29.0,4.0,3.0,False
10004912,2024-03-09 09:25:28,44,France,Fashion,Mobile App,Gift Card,2,51.49,0.1,92.68,36.0,4.0,6.0,False
10004306,2024-03-09 12:02:39,288,United States,Sports,Mobile App,Credit Card,5,110.85,0.0,554.25,62.0,5.0,8.0,False
10004281,2024-03-09 20:52:50,596,Canada,Sports,Store,PayPal,1,92.07,0.05,87.47,38.0,3.0,11.0,False
10003373,2024-03-10 19:13:49,308,United States,Toys,Mobile App,Bank Transfer,6,43.14,0.2,207.07,33.0,5.0,9.0,False
10001919,2024-03-11 08:27:57,341,Germany,Electronics,Store,Credit Card,2,80.21,0.05,152.4,27.0,4.0,6.0,False
10002121,2024-03-11 12:57:38,582,United States,Beauty,Marketplace,Credit Card,4,17.2,0.0,68.8,29.0,3.0,4.0,False
10001264,2024-03-11 16:48:32,390,Italy,Electronics,Mobile App,Credit Card,2,249.06,0.05,473.21,50.0,2.0,4.0,False
10001370,2024-03-12 00:40:33,584,Brazil,Fashion,Web,PayPal,4,140.4,0.1,505.44,60.0,5.0,7.0,False
10000255,2024-03-12 17:11:15,316,United States,Home & Garden,Store,Credit Card,2,64.39,0.0,128.78,32.0,3.0,7.0,False
10004324,2024-03-13 07:50:52,594,Canada,Toys,Web,Credit Card,3,25.22,0.3,52.96,39.0,5.0,6.0,False
10004535,2024-03-13 08:25:29,323,Canada,Fashion,Marketplace,PayPal,2,35.59,0.0,71.18,46.0,4.0,3.0,False
10002495,2024-03-13 10:14:26,451,Spain,Fashion,Web,PayPal,2,64.32,0.0,128.64,52.0,,7.0,False
10001657,2024-03-13 12:00:04,338,Germany,Home & Garden,Web,Credit Card,3,70.27,0.0,210.81,19.0,5.0,6.0,False
10001212,2024-03-13 14:18:30,160,Italy,Electronics,Web,Credit Card,3,167.94,0.0,503.82,18.0,4.0,5.0,False
10002934,2024-03-13 18:18:35,483,Brazil,Beauty,Mobile App,Credit Card,7,43.04,0.0,301.28,40.0,4.0,3.0,False
10004948,2024-03-13 22:44:14,273,Italy,Electronics,Web,Credit Card,2,269.08,0.3,376.71,58.0,4.0,9.0,False
10004259,2024-03-14 00:22:01,570,United Kingdom,Home & Garden,Store,Credit Card,1,81.45,0.05,77.38,47.0,5.0,4.0,False
10000615,2024-03-14 04:39:24,255,France,Electronics,Web,Credit Card,2,121.39,0.05,230.64,41.0,5.0,4.0,False
10001049,2024-03-14 11:18:28,545,France,Beauty,Marketplace,Credit Card,2,31.62,0.0,63.24,43.0,5.0,6.0,False
10003976,2024-03-14 11:47:28,229,United States,Home & Garden,Mobile App,PayPal,5,98.08,0.0,490.4,18.0,4.0,4.0,False
10001970,2024-03-14 13:34:08,476,United States,Electronics,Store,PayPal,2,402.34,0.0,804.68,39.0,5.0,4.0,False
10002741,2024-03-14 22:06:12,450,Canada,Electronics,Web,Bank Transfer,4,320.33,0.05,1217.25,41.0,4.0,4.0,False
10002757,2024-03-14 23:54:54,484,United Kingdom,Fashion,Marketplace,Gift Card,1,35.26,0.0,35.26,18.0,4.0,5.0,False
10000451,2024-03-15 16:37:08,220,United States,Fashion,Web,Credit Card,4,37.8,0.0,151.2,53.0,4.0,6.0,False
10004117,2024-03-16 02:49:35,347,Germany,Beauty,Mobile App,Credit Card,3,87.06,0.0,261.18,44.0,5.0,6.0,False
10002820,2024-03-17 01:31:57,242,Spain,Beauty,Web,Credit Card,3,27.39,0.1,73.95,48.0,4.0,5.0,False
10002076,2024-03-17 02:32:15,602,United States,Fashion,Marketplace,Credit Card,4,50.64,0.05,192.43,29.0,4.0,1.0,False
10000752,2024-03-17 03:37:31,505,India,Sports,Web,Credit Card,4,48.91,0.0,195.64,34.0,5.0,6.0,False
10001623,2024-03-17 06:22:58,476,Canada,Fashion,Mobile App,Credit Card,1,39.12,0.3,27.38,29.0,,7.0,False
10001661,2024-03-17 12:01:06,90,France,Home & Garden,Web,PayPal,3,179.3,0.0,537.9,,5.0,4.0,False
10004949,2024-03-17 13:06:27,248,Germany,Electronics,Web,Gift Card,1,81.25,0.0,81.25,24.0,5.0,7.0,False
10002414,2024-03-17 13:07:25,557,Brazil,Fashion,Web,Bank Transfer,3,45.01,0.0,135.03,32.0,3.0,6.0,False
10002414,2024-03-17 13:07:25,557,Brazil,Fashion,Web,Bank Transfer,3,45.01,0.0,135.03,32.0,3.0,6.0,False
10001563,2024-03-17 13:33:40,150,United States,Electronics,Web,Credit Card,1,205.98,0.2,164.78,37.0,3.0,8.0,False
10002563,2024-03-17 15:20:16,236,India,Fashion,Web,Bank Transfer,1,48.52,0.0,48.52,46.0,3.0,6.0,False
10002592,2024-03-17 16:22:50,3,Germany,Electronics,Mobile App,Credit Card,3,669.17,0.0,2007.51,18.0,5.0,5.0,False
10000131,2024-03-17 17:45:26,107,United Kingdom,Toys,Web,Credit Card,2,36.4,0.0,72.8,37.0,,6.0,False
10004470,2024-03-17 22:16:15,616,Italy,Home & Garden,Web,PayPal,2,61.19,0.0,122.38,48.0,3.0,7.0,False
10002423,2024-03-17 23:49:58,207,India,Electronics,Store,Bank Transfer,3,346.76,0.05,988.27,69.0,2.0,3.0,False
10003327,2024-03-18 02:10:53,419,Brazil,Home & Garden,Mobile App,PayPal,5,79.35,0.0,396.75,50.0,4.0,6.0,False
10003376,2024-03-18 11:11:36,361,United States,Beauty,Mobile App,PayPal,4,40.78,0.0,163.12,40.0,4.0,5.0,False
10000099,2024-03-19 03:47:06,322,United States,Sports,Marketplace,Credit Card,2,75.91,0.1,136.64,40.0,4.0,4.0,False
10003618,2024-03-19 06:23:27,120,Canada,Electronics,Marketplace,PayPal,3,264.97,0.1,715.42,45.0,5.0,2.0,False
10001655,2024-03-19 10:05:29,594,United Kingdom,Toys,Web,Credit Card,4,20.85,0.1,75.06,34.0,4.0,9.0,False
10003223,2024-03-19 10:39:39,48,United Kingdom,Electronics,Web,Credit Card,1,133.57,0.0,133.57,,,3.0,False
10002973,2024-03-19 12:32:58,247,Japan,Fashion,Web,Credit Card,2,40.48,0.05,76.91,48.0,5.0,6.0,False
10001607,2024-03-19 20:22:24,574,Brazil,Home & Garden,Mobile App,Credit Card,3,102.05,0.05,290.84,39.0,4.0,7.0,False
10002607,2024-03-19 20:43:15,344,United States,Beauty,Web,PayPal,3,31.56,0.0,94.68,37.0,4.0,3.0,False
10003404,2024-03-20 20:32:46,343,United States,Fashion,Mobile App,Credit Card,2,41.11,0.05,78.11,50.0,4.0,8.0,False
10004720,2024-03-21 06:04:13,348,United States,Toys,Web,Credit Card,2,21.24,0.0,42.48,30.0,4.0,3.0,False
10000833,2024-03-21 13:52:34,76,Brazil,Beauty,Web,Credit Card,4,64.07,0.0,256.28,42.0,3.0,4.0,False
10004209,2024-03-21 18:00:57,578,India,Toys,Marketplace,Credit Card,1,34.26,0.05,32.55,43.0,5.0,5.0,False
10002815,2024-03-21 22:46:07,487,United States,Home & Garden,Web,Bank Transfer,1,65.28,0.0,65.28,41.0,4.0,2.0,False
10003080,2024-03-22 06:43:30,459,United States,Fashion,Mobile App,Credit Card,3,16.74,0.05,47.71,60.0,4.0,4.0,False
10002243,2024-03-22 09:08:56,227,United States,Home & Garden,Web,Credit Card,5,63.76,0.0,318.8,18.0,4.0,6.0,False
10003158,2024-03-22 12:11:25,522,Italy,Fashion,Mobile App,Credit Card,1,137.26,0.05,130.4,58.0,5.0,4.0,False
10000230,2024-03-22 12:12:36,194,United Kingdom,Fashion,Mobile App,PayPal,1,40.57,0.0,40.57,26.0,3.0,1.0,False
10004946,2024-03-22 13:29:36,566,United States,Sports,Web,Bank Transfer,2,47.7,0.1,85.86,36.0,4.0,6.0,False
10000530,2024-03-22 13:45:16,68,United Kingdom,Fashion,Web,Credit Card,1,54.55,0.2,43.64,29.0,3.0,4.0,False
10003959,2024-03-22 16:04:04,422,Brazil,Sports,Mobile App,Credit Card,1,35.85,0.05,34.06,42.0,3.0,7.0,False
10003927,2024-03-22 22:46:19,102,Germany,Fashion,Web,Gift Card,2,67.47,0.3,94.46,28.0,2.0,4.0,False
10001893,2024-03-23 00:03:37,45,United Kingdom,Sports,Marketplace,PayPal,4,31.64,0.05,120.23,40.0,3.0,9.0,False
10001232,2024-03-23 01:41:15,218,Germany,Fashion,Marketplace,PayPal,4,47.16,0.1,169.78,48.0,2.0,3.0,False
10000642,2024-03-23 05:44:13,15,France,Beauty,Web,Credit Card,4,85.92,0.0,343.68,39.0,4.0,4.0,False
10002285,2024-03-23 07:13:30,596,India,Home & Garden,Mobile App,Credit Card,1,100.01,0.0,100.01,27.0,2.0,3.0,False
10004926,2024-03-23 08:53:05,104,United Kingdom,Fashion,Web,Bank Transfer,2,80.53,0.05,153.01,23.0,4.0,3.0,False
10001417,2024-03-23 10:44:35,141,United States,Home & Garden,Web,Credit Card,1,336.61,0.2,269.29,35.0,5.0,4.0,False
10001686,2024-03-23 16:50:15,25,France,Beauty,Mobile App,Credit Card,2,11.57,0.05,21.98,37.0,5.0,4.0,False
10002162,2024-03-24 08:48:48,7,Spain,Home & Garden,Web,PayPal,3,53.47,0.0,160.41,30.0,4.0,6.0,False
10002878,2024-03-24 11:53:11,27,United Kingdom,Fashion,Mobile App,Credit Card,4,82.64,0.0,330.56,22.0,4.0,6.0,False
10003442,2024-03-24 12:20:09,533,Spain,Fashion,Web,Credit Card,1,95.77,0.0,95.77,20.0,4.0,3.0,False
10003651,2024-03-24 17:46:43,341,United Kingdom,Beauty,Marketplace,Gift Card,2,40.12,0.2,64.19,38.0,3.0,3.0,False
10002605,2024-03-24 23:39:54,560,India,Beauty,Web,PayPal,2,67.35,0.0,134.7,41.0,5.0,4.0,False
10000569,2024-03-25 02:13:12,309,India,Beauty,Mobile App,Credit Card,2,48.7,0.0,97.4,36.0,4.0,2.0,False
10004611,2024-03-25 19:00:01,134,Canada,Fashion,Marketplace,PayPal,1,72.48,0.0,72.48,32.0,5.0,3.0,False
10002194,2024-03-25 21:53:30,350,United States,Electronics,Mobile App,Credit Card,2,300.91,0.05,571.73,36.0,4.0,3.0,False
10003666,2024-03-26 00:18:41,369,United States,Toys,Web,PayPal,2,20.93,0.0,41.86,54.0,4.0,3.0,False
10001693,2024-03-26 01:26:44,364,France,Fashion,Mobile App,PayPal,3,24.69,0.05,70.37,46.0,5.0,11.0,False
10004735,2024-03-26 19:49:56,149,India,Electronics,Web,PayPal,4,91.54,0.0,366.16,37.0,4.0,5.0,False
10001291,2024-03-27 00:40:03,259,United States,Electronics,Mobile App,Credit Card,4,132.78,0.0,531.12,50.0,3.0,3.0,False
10000303,2024-03-27 04:20:56,410,Spain,Beauty,Mobile App,Credit Card,4,34.17,0.05,129.85,32.0,4.0,6.0,False
10002525,2024-03-27 05:52:54,461,United States,Home & Garden,Marketplace,Credit Card,2,99.34,0.3,139.08,,,5.0,False
10001810,2024-03-27 07:48:05,366,United Kingdom,Fashion,Web,Credit Card,1,51.52,0.05,48.94,28.0,3.0,51.0,False
10003979,2024-03-27 09:12:46,302,France,Home & Garden,Web,Credit Card,3,63.86,0.2,153.26,32.0,3.0,4.0,False
10000265,2024-03-27 09:47:03,511,Spain,Fashion,Web,PayPal,3,86.83,0.05,247.47,50.0,,3.0,False
10004794,2024-03-27 12:27:32,258,Germany,Fashion,Mobile App,Gift Card,3,82.82,0.0,248.46,18.0,5.0,3.0,False
10003023,2024-03-27 13:25:18,452,United States,Electronics,Mobile App,Credit Card,3,152.96,0.0,458.88,51.0,5.0,4.0,False
10003316,2024-03-27 19:34:06,341,India,Beauty,Mobile App,Credit Card,3,27.15,0.0,81.45,55.0,5.0,5.0,False
10000946,2024-03-27 20:16:40,47,United States,Electronics,Mobile App,PayPal,1,296.72,0.05,281.88,42.0,3.0,2.0,False
10002589,2024-03-27 20:37:57,169,United States,Home & Garden,Mobile App,Credit Card,1,40.71,0.1,36.64,34.0,5.0,6.0,False
10001761,2024-03-28 04:23:59,348,France,Electronics,Web,Credit Card,3,125.1,0.2,300.24,,,2.0,False
10001142,2024-03-28 09:03:19,9,Germany,Beauty,Mobile App,Credit Card,3,26.6,0.05,75.81,18.0,3.0,11.0,False
10003448,2024-03-28 09:32:08,272,Germany,Fashion,Web,PayPal,5,44.33,0.0,221.65,36.0,,1.0,False
10000652,2024-03-28 14:46:56,551,Japan,Electronics,Mobile App,Credit Card,5,267.5,0.0,1337.5,55.0,,4.0,False
10003044,2024-03-28 16:02:06,51,India,Sports,Marketplace,Credit Card,2,101.23,0.0,202.46,34.0,4.0,6.0,False
10001651,2024-03-28 16:10:16,589,Germany,Toys,Web,PayPal,2,27.07,0.0,54.14,52.0,4.0,6.0,False
10003060,2024-03-28 16:48:16,578,India,Home & Garden,Web,PayPal,4,41.07,0.0,164.28,37.0,2.0,2.0,False
10002679,2024-03-28 17:30:14,318,Brazil,Electronics,Store,Credit Card,2,574.37,0.0,1148.74,63.0,3.0,4.0,False
10004907,2024-03-29 00:38:56,33,Japan,Toys,Mobile App,Credit Card,3,48.35,0.05,137.8,63.0,5.0,9.0,False
10001067,2024-03-29 12:38:49,563,Germany,Electronics,Mobile App,PayPal,1,147.35,0.05,139.98,40.0,4.0,6.0,False
10000442,2024-03-30 03:54:08,612,Japan,Beauty,Mobile App,Bank Transfer,2,50.26,0.0,100.52,31.0,3.0,4.0,False
10003727,2024-03-30 04:24:35,80,India,Fashion,Web,Credit Card,1,70.26,0.0,70.26,18.0,3.0,3.0,False
10002169,2024-03-30 14:37:40,2,Germany,Sports,Marketplace,Gift Card,3,23.36,0.1,63.07,35.0,,3.0,False
10004580,2024-03-30 20:51:50,299,Germany,Electronics,Mobile App,PayPal,1,309.7,0.0,309.7,55.0,3.0,8.0,False
10001477,2024-03-31 04:34:30,166,Germany,Electronics,Web,Credit Card,2,426.23,0.1,767.21,45.0,5.0,3.0,False
10002115,2024-03-31 05:38:41,482,Italy,Fashion,Mobile App,Credit Card,2,127.25,0.2,203.6,50.0,5.0,7.0,False
10001606,2024-03-31 08:40:31,193,Germany,Beauty,Mobile App,PayPal,4,23.5,0.0,94.0,31.0,,4.0,False
10000939,2024-03-31 13:17:44,335,France,Fashion,Marketplace,Credit Card,4,41.74,0.0,166.96,28.0,,4.0,False
10004370,2024-03-31 14:59:36,294,United States,Home & Garden,Mobile App,Credit Card,1,65.73,0.0,65.73,48.0,3.0,6.0,False
10004430,2024-04-01 13:23:07,386,India,Electronics,Mobile App,Credit Card,3,120.67,0.0,362.01,49.0,4.0,4.0,False
10004442,2024-04-02 00:05:52,592,Brazil,Fashion,Mobile App,Credit Card,6,38.64,0.2,185.47,27.0,,8.0,False
10001766,2024-04-02 02:26:11,157,India,Fashion,Web,PayPal,2,109.07,0.05,207.23,48.0,4.0,3.0,False
10002362,2024-04-02 06:01:40,146,United States,Fashion,Store,Credit Card,2,70.74,0.0,141.48,32.0,5.0,7.0,False
10000605,2024-04-02 08:08:35,349,Italy,Sports,Web,Bank Transfer,3,72.68,0.0,218.04,39.0,5.0,6.0,False
10003468,2024-04-02 15:00:50,490,United States,Fashion,Web,Credit Card,2,72.93,0.0,145.86,42.0,4.0,3.0,False
10003089,2024-04-02 19:58:52,163,France,Home & Garden,Web,PayPal,1,48.5,0.0,48.5,34.0,4.0,4.0,False
10004864,2024-04-02 20:14:48,73,Brazil,Toys,Marketplace,Credit Card,1,18.35,0.0,18.35,32.0,5.0,5.0,False
10003431,2024-04-03 03:22:56,51,Germany,Home & Garden,Mobile App,Bank Transfer,2,111.04,0.05,210.98,40.0,4.0,5.0,False
10001997,2024-04-03 08:48:57,511,United States,Toys,Web,Gift Card,2,15.39,0.05,29.24,50.0,,7.0,False
10001376,2024-04-04 01:53:29,508,United States,Electronics,Web,Credit Card,1,191.76,0.0,191.76,42.0,5.0,3.0,False
10003484,2024-04-04 02:53:28,209,United States,Home & Garden,Marketplace,PayPal,2,58.38,0.05,110.92,41.0,4.0,3.0,False
10000897,2024-04-04 07:04:59,245,United States,Fashion,Web,PayPal,5,32.42,0.2,129.68,46.0,4.0,6.0,False
10002143,2024-04-04 11:06:42,497,United States,Fashion,Web,Credit Card,5,63.87,0.0,319.35,41.0,5.0,2.0,False
10004724,2024-04-04 15:33:45,217,United States,Beauty,Mobile App,Credit Card,1,36.82,0.05,34.98,48.0,4.0,6.0,False
10003199,2024-04-04 17:38:10,13,United Kingdom,Toys,Web,Credit Card,1,15.79,0.0,15.79,46.0,5.0,4.0,False
10004073,2024-04-04 18:07:11,343,United States,Sports,Web,Credit Card,4,93.79,0.2,300.13,35.0,5.0,5.0,False
10002708,2024-04-04 22:30:36,608,Germany,Electronics,Web,Credit Card,2,343.79,0.0,687.58,32.0,5.0,3.0,False
10002524,2024-04-05 08:56:36,202,Japan,Fashion,Marketplace,PayPal,3,10.9,0.0,32.7,26.0,3.0,4.0,False
10003026,2024-04-05 15:22:49,74,Canada,Home & Garden,Store,Credit Card,2,146.54,0.05,278.43,29.0,3.0,5.0,False
10002513,2024-04-05 19:50:41,53,United States,Sports,Mobile App,Credit Card,1,60.37,0.05,57.35,39.0,5.0,3.0,False
10002400,2024-04-06 03:51:39,279,Canada,Home & Garden,Web,Bank Transfer,3,42.56,0.0,127.68,42.0,5.0,8.0,False
10002646,2024-04-06 10:00:57,408,France,Home & Garden,Marketplace,PayPal,6,92.33,0.0,553.98,65.0,4.0,3.0,False
10001596,2024-04-06 13:10:18,44,India,Fashion,Web,Credit Card,3,69.74,0.0,209.22,36.0,5.0,5.0,False
10002541,2024-04-06 13:42:02,106,United States,Toys,Web,PayPal,3,26.27,0.1,70.93,33.0,4.0,2.0,False
10001949,2024-04-06 22:54:34,616,Spain,Toys,Web,PayPal,2,20.89,0.1,37.6,28.0,4.0,6.0,False
10003045,2024-04-07 09:33:47,605,Spain,Electronics,Web,Credit Card,2,210.84,0.2,337.34,51.0,4.0,4.0,False
10005000,2024-04-07 09:34:57,108,Spain,Beauty,Web,Credit Card,3,19.29,0.05,54.98,,4.0,4.0,False
10003543,2024-04-07 10:30:48,5,Spain,Beauty,Web,Credit Card,2,65.84,0.05,125.1,50.0,5.0,5.0,False
10003224,2024-04-07 12:01:12,123,United States,Fashion,Marketplace,Credit Card,5,109.05,0.05,517.99,43.0,,5.0,False
10003097,2024-04-08 01:45:37,538,United States,Electronics,Web,Credit Card,3,128.9,0.0,386.7,39.0,5.0,7.0,False
10002649,2024-04-08 02:47:53,408,Canada,Home & Garden,Web,Credit Card,3,49.79,0.0,149.37,21.0,,8.0,False
10002648,2024-04-09 03:44:34,405,Germany,Beauty,Web,Credit Card,2,38.92,0.0,77.84,53.0,5.0,3.0,False
10004038,2024-04-09 10:34:12,577,France,Fashion,Web,Bank Transfer,2,76.73,0.0,153.46,43.0,4.0,3.0,False
10001178,2024-04-09 11:12:48,312,Canada,Beauty,Web,PayPal,2,17.17,0.0,34.34,35.0,,4.0,False
10002334,2024-04-09 13:36:52,452,Canada,Sports,Web,PayPal,3,177.86,0.0,533.58,29.0,3.0,5.0,False
10002869,2024-04-09 15:03:09,450,United States,Beauty,Mobile App,PayPal,3,44.69,0.0,134.07,32.0,5.0,5.0,False
10000798,2024-04-09 19:51:53,583,Canada,Fashion,Mobile App,PayPal,5,118.14,0.1,531.63,29.0,4.0,8.0,False
10003147,2024-04-10 04:46:28,171,Germany,Electronics,Web,PayPal,2,225.97,0.05,429.34,34.0,4.0,5.0,False
10004740,2024-04-10 10:21:59,466,Brazil,Electronics,Web,Credit Card,2,138.72,0.0,277.44,23.0,,7.0,False
10000072,2024-04-10 14:26:39,144,United States,Fashion,Mobile App,Gift Card,2,61.08,0.0,122.16,25.0,3.0,4.0,False
10003288,2024-04-10 18:57:57,279,Japan,Home & Garden,Web,Credit Card,3,34.48,0.0,103.44,31.0,5.0,2.0,False
10000369,2024-04-10 22:34:03,455,Japan,Beauty,Store,Credit Card,2,27.8,0.1,50.04,41.0,3.0,6.0,False
10001408,2024-04-10 22:36:45,126,Italy,Beauty,Marketplace,Gift Card,3,48.12,0.0,144.36,44.0,4.0,4.0,False
10004900,2024-04-11 07:51:47,397,United States,Beauty,Mobile App,PayPal,1,13.81,0.0,13.81,28.0,5.0,3.0,False
10000437,2024-04-11 22:15:33,485,Germany,Fashion,Marketplace,Credit Card,5,72.54,0.0,362.7,45.0,4.0,4.0,False
10000515,2024-04-12 10:06:06,60,Canada,Beauty,Web,Credit Card,3,19.1,0.0,57.3,47.0,4.0,7.0,False
10000019,2024-04-12 11:07:14,558,Germany,Toys,Mobile App,PayPal,2,42.64,0.1,76.75,49.0,4.0,9.0,False
10002479,2024-04-12 12:49:21,347,Germany,Home & Garden,Web,PayPal,2,76.38,0.0,152.76,48.0,4.0,5.0,False
10001724,2024-04-12 15:01:43,137,United States,Fashion,Marketplace,PayPal,2,36.39,0.05,69.14,35.0,3.0,3.0,False
10000633,2024-04-12 16:17:16,456,United States,Home & Garden,Mobile App,Credit Card,1,127.98,0.0,127.98,50.0,4.0,3.0,False
10003219,2024-04-13 00:49:04,506,France,Electronics,Web,Credit Card,1,591.96,0.0,591.96,50.0,5.0,5.0,False
10004834,2024-04-13 10:05:12,194,United States,Fashion,Store,Credit Card,3,43.02,0.1,116.15,49.0,4.0,4.0,False
10001647,2024-04-13 17:13:50,441,Germany,Home & Garden,Web,PayPal,3,135.81,0.2,325.94,37.0,3.0,5.0,True
10000584,2024-04-13 18:39:23,250,France,Home & Garden,Marketplace,Credit Card,4,32.57,0.1,117.25,34.0,3.0,4.0,False
10002467,2024-04-13 20:27:07,264,France,Toys,Web,Bank Transfer,1,37.04,0.05,35.19,35.0,4.0,7.0,False
10003297,2024-04-13 22:51:26,562,United States,Beauty,Mobile App,Credit Card,4,22.83,0.1,82.19,28.0,3.0,4.0,False
10002841,2024-04-14 07:46:37,95,India,Electronics,Web,Credit Card,2,258.34,0.0,516.68,43.0,4.0,6.0,False
10000033,2024-04-14 08:04:50,618,United States,Fashion,Mobile App,PayPal,3,55.71,0.0,167.13,37.0,4.0,6.0,False
10000215,2024-04-14 09:10:19,467,Spain,Home & Garden,Web,PayPal,3,185.2,0.1,500.04,29.0,5.0,5.0,False
10000188,2024-04-14 09:32:20,454,United States,Fashion,Web,PayPal,2,35.2,0.0,70.4,35.0,,8.0,False
10003129,2024-04-14 23:07:59,251,United States,Electronics,Web,Credit Card,3,248.0,0.0,744.0,33.0,5.0,2.0,False
10001529,2024-04-15 19:33:55,187,United States,Home & Garden,Mobile App,Credit Card,3,60.21,0.0,180.63,18.0,4.0,5.0,False
10002484,2024-04-15 21:40:48,566,France,Electronics,Web,Credit Card,3,206.76,0.0,620.28,33.0,3.0,3.0,False
10003957,2024-04-15 23:24:30,125,United States,Sports,Store,Credit Card,3,41.72,0.05,118.9,37.0,4.0,5.0,True
10003905,2024-04-16 03:33:56,255,United States,Home & Garden,Marketplace,Credit Card,1,41.91,0.0,41.91,50.0,5.0,4.0,False
10001835,2024-04-16 14:05:02,524,France,Home & Garden,Marketplace,Credit Card,3,61.55,0.2,147.72,50.0,5.0,5.0,False
10000621,2024-04-16 14:18:07,187,Brazil,Home & Garden,Web,Bank Transfer,1,97.35,0.05,92.48,18.0,5.0,4.0,False
10004941,2024-04-16 22:58:23,323,United Kingdom,Home & Garden,Mobile App,Bank Transfer,4,92.8,0.0,371.2,34.0,,6.0,False
10004455,2024-04-17 06:43:50,390,Spain,Fashion,Web,PayPal,1,34.79,0.0,34.79,44.0,5.0,3.0,False
10000840,2024-04-17 07:31:29,552,Canada,Electronics,Mobile App,PayPal,1,189.5,0.0,189.5,22.0,4.0,8.0,False
10004278,2024-04-18 01:16:11,421,Germany,Home & Garden,Marketplace,Gift Card,6,54.16,0.0,324.96,23.0,,3.0,False
10000999,2024-04-18 22:17:05,285,Brazil,Fashion,Web,Credit Card,4,35.89,0.05,136.38,31.0,2.0,4.0,True
10004500,2024-04-19 00:16:19,439,India,Sports,Mobile App,PayPal,3,46.65,0.05,132.95,28.0,5.0,7.0,False
10003813,2024-04-19 10:52:50,592,Japan,Sports,Marketplace,Bank Transfer,1,49.63,0.0,49.63,19.0,3.0,3.0,False
10003068,2024-04-19 17:30:22,395,Brazil,Electronics,Mobile App,Bank Transfer,2,269.91,0.1,485.84,44.0,4.0,2.0,False
10002241,2024-04-19 20:50:01,598,Spain,Fashion,Marketplace,PayPal,2,44.97,0.0,89.94,35.0,5.0,2.0,False
10002456,2024-04-20 01:53:15,41,United States,Fashion,Web,PayPal,3,56.15,0.0,168.45,31.0,4.0,2.0,False
10002652,2024-04-20 07:57:06,190,Spain,Fashion,Web,Credit Card,2,45.77,0.0,91.54,43.0,4.0,4.0,False
10003446,2024-04-20 10:18:20,444,United Kingdom,Electronics,Marketplace,Credit Card,1,356.92,0.0,356.92,32.0,4.0,5.0,False
10002804,2024-04-20 13:20:55,286,United States,Beauty,Mobile App,Gift Card,2,67.71,0.1,121.88,38.0,3.0,11.0,False
10001588,2024-04-20 15:02:36,83,Germany,Electronics,Store,Credit Card,6,180.22,0.2,865.06,46.0,4.0,6.0,False
10000601,2024-04-20 20:39:24,32,United Kingdom,Electronics,Web,PayPal,3,288.95,0.05,823.51,43.0,,2.0,False
10004090,2024-04-20 21:13:37,174,United States,Home & Garden,Marketplace,Gift Card,4,47.06,0.05,178.83,29.0,3.0,4.0,False
10000566,2024-04-20 22:37:28,110,Italy,Electronics,Marketplace,PayPal,2,140.05,0.0,280.1,22.0,5.0,4.0,False
10001574,2024-04-21 06:36:20,349,United Kingdom,Toys,Web,Credit Card,1,24.33,0.0,24.33,30.0,4.0,4.0,False
10000534,2024-04-21 08:50:13,360,Italy,Beauty,Web,Credit Card,1,13.38,0.05,12.71,69.0,4.0,5.0,False
10003146,2024-04-21 10:19:09,256,France,Fashion,Marketplace,PayPal,3,151.87,0.0,455.61,30.0,5.0,4.0,False
10001860,2024-04-21 11:32:34,432,Japan,Electronics,Web,Bank Transfer,4,159.75,0.1,575.1,36.0,4.0,3.0,False
10004867,2024-04-21 13:03:18,168,Spain,Electronics,Web,Credit Card,3,228.82,0.2,549.17,55.0,3.0,4.0,False
10004699,2024-04-21 23:34:17,460,United States,Toys,Web,PayPal,3,13.78,0.1,37.21,45.0,3.0,5.0,False
10004323,2024-04-22 04:01:50,25,United States,Beauty,Marketplace,PayPal,2,75.14,0.1,135.25,30.0,4.0,5.0,False
10004677,2024-04-22 09:43:03,101,Canada,Beauty,Mobile App,Gift Card,2,30.52,0.0,61.04,46.0,3.0,4.0,False
10000964,2024-04-22 13:25:44,94,India,Sports,Web,Credit Card,4,27.79,0.2,88.93,60.0,4.0,6.0,False
10004578,2024-04-22 21:43:48,32,Italy,Toys,Mobile App,Credit Card,1,31.36,0.0,31.36,47.0,,4.0,False
10000179,2024-04-23 08:07:56,505,Canada,Home & Garden,Mobile App,PayPal,2,78.23,0.3,109.52,41.0,4.0,8.0,False
10004760,2024-04-23 10:27:45,277,Spain,Beauty,Mobile App,Credit Card,2,30.41,0.0,60.82,32.0,4.0,5.0,False
10002048,2024-04-23 11:17:42,59,United States,Fashion,Marketplace,PayPal,2,58.65,0.05,111.43,27.0,4.0,4.0,False
10001976,2024-04-23 11:42:10,505,Brazil,Beauty,Web,PayPal,2,60.35,0.05,114.66,32.0,5.0,2.0,False
10003061,2024-04-24 00:27:15,504,Italy,Electronics,Web,Bank Transfer,3,254.48,0.05,725.27,35.0,,3.0,False
10001234,2024-04-24 05:43:16,373,Brazil,Sports,Web,Credit Card,2,79.65,0.1,143.37,67.0,4.0,4.0,False
10002051,2024-04-24 13:31:34,377,United States,Fashion,Web,Credit Card,2,122.31,0.2,195.7,18.0,4.0,5.0,False
10001426,2024-04-24 15:33:38,208,Japan,Fashion,Mobile App,Credit Card,2,97.38,0.05,185.02,29.0,4.0,3.0,False
10002326,2024-04-24 16:57:40,72,United States,Home & Garden,Web,Credit Card,1,51.09,0.0,51.09,35.0,4.0,7.0,False
10000355,2024-04-24 21:19:43,89,Brazil,Fashion,Marketplace,PayPal,2,83.47,0.2,133.55,35.0,,6.0,False
10002216,2024-04-24 21:29:40,574,United States,Fashion,Web,PayPal,2,87.8,0.05,166.82,28.0,5.0,5.0,True
10000141,2024-04-24 23:51:57,334,Canada,Toys,Web,Credit Card,2,24.92,0.0,49.84,18.0,4.0,6.0,False
10004189,2024-04-25 01:09:42,394,United States,Electronics,Mobile App,Credit Card,2,523.74,0.0,1047.48,50.0,2.0,5.0,False
10003117,2024-04-25 03:20:06,292,United States,Electronics,Web,Credit Card,4,109.46,0.05,415.95,39.0,3.0,6.0,False
10002257,2024-04-25 12:13:31,232,United States,Fashion,Marketplace,Credit Card,5,47.82,0.05,227.14,43.0,4.0,7.0,False
10002800,2024-04-25 23:03:37,97,Brazil,Beauty,Mobile App,Credit Card,5,41.38,0.0,206.9,40.0,3.0,5.0,False
10001213,2024-04-25 23:19:13,410,India,Fashion,Marketplace,Credit Card,1,47.53,0.0,47.53,32.0,,1.0,False
10001318,2024-04-26 04:39:39,20,United States,Fashion,Store,Credit Card,2,38.35,0.0,76.7,52.0,5.0,3.0,False
10000835,2024-04-26 07:22:03,581,Spain,Beauty,Web,Credit Card,2,19.34,0.0,38.68,33.0,5.0,5.0,False
10004463,2024-04-26 09:01:26,258,Germany,Fashion,Web,Credit Card,1,27.44,0.2,21.95,40.0,3.0,7.0,False
10001642,2024-04-26 11:35:16,46,Japan,Sports,Mobile App,Credit Card,4,47.77,0.0,191.08,66.0,4.0,5.0,False
10004373,2024-04-26 13:27:04,552,United Kingdom,Fashion,Mobile App,Credit Card,2,65.09,0.0,130.18,41.0,4.0,5.0,False
10001407,2024-04-26 13:43:08,122,France,Home & Garden,Marketplace,Credit Card,3,80.01,0.0,240.03,41.0,4.0,7.0,True
10003595,2024-04-26 16:22:34,494,Canada,Toys,Web,Credit Card,1,48.26,0.0,48.26,31.0,,7.0,False
10002674,2024-04-26 23:11:42,81,Canada,Electronics,Web,Bank Transfer,2,207.5,0.0,415.0,51.0,5.0,6.0,False
10001474,2024-04-27 00:13:34,435,India,Fashion,Web,PayPal,3,67.61,0.05,192.69,60.0,4.0,6.0,False
10000079,2024-04-27 05:50:10,568,Japan,Fashion,Store,Gift Card,4,41.33,0.3,115.72,29.0,5.0,3.0,False
10001105,2024-04-28 08:46:47,249,United States,Fashion,Web,Credit Card,1,28.93,0.0,28.93,37.0,,3.0,False
10003120,2024-04-28 12:25:50,64,India,Home & Garden,Web,Credit Card,2,149.22,0.3,208.91,40.0,4.0,9.0,False
10004537,2024-04-28 20:03:57,113,France,Fashion,Mobile App,PayPal,3,44.28,0.0,132.84,41.0,4.0,7.0,False
10001892,2024-04-28 20:48:54,130,United States,Electronics,Mobile App,Bank Transfer,2,327.35,0.0,654.7,36.0,5.0,4.0,False
10000133,2024-04-28 22:38:30,369,Spain,Electronics,Mobile App,Credit Card,3,182.39,0.1,492.45,56.0,,4.0,False
10000125,2024-04-29 01:20:50,386,Canada,Sports,Store,PayPal,1,81.68,0.0,81.68,51.0,,4.0,False
10003819,2024-04-29 02:29:45,302,Japan,Beauty,Web,Credit Card,1,40.51,0.0,40.51,37.0,4.0,5.0,False
10000191,2024-04-29 04:59:26,408,United Kingdom,Toys,Mobile App,PayPal,1,18.88,0.0,18.88,41.0,4.0,4.0,False
10002632,2024-04-29 05:54:37,568,France,Sports,Web,Credit Card,4,32.33,0.0,129.32,67.0,5.0,6.0,False
10001356,2024-04-29 08:28:20,111,Germany,Fashion,Web,PayPal,2,100.72,0.05,191.37,41.0,4.0,2.0,False
10001369,2024-04-29 14:42:09,142,India,Home & Garden,Mobile App,Credit Card,3,93.47,0.0,280.41,57.0,4.0,4.0,False
10001261,2024-04-29 18:54:20,534,Italy,Toys,Mobile App,Credit Card,3,36.06,0.0,108.18,29.0,5.0,5.0,False
10002640,2024-04-30 05:12:42,519,United States,Home & Garden,Web,PayPal,2,68.16,0.0,136.32,56.0,3.0,5.0,False
10001150,2024-04-30 19:44:00,361,India,Home & Garden,Mobile App,PayPal,4,88.88,0.05,337.74,18.0,4.0,4.0,False
10001074,2024-05-01 02:38:05,326,France,Electronics,Web,Credit Card,3,204.62,0.0,613.86,46.0,4.0,5.0,False
10004457,2024-05-01 07:22:44,471,Italy,Electronics,Marketplace,Credit Card,3,319.84,0.0,959.52,54.0,4.0,3.0,False
10004465,2024-05-01 17:41:02,397,Japan,Fashion,Store,PayPal,2,54.11,0.05,102.81,22.0,4.0,4.0,False
10004832,2024-05-02 04:41:31,82,France,Fashion,Web,Gift Card,1,109.25,0.1,98.32,18.0,3.0,4.0,False
10001473,2024-05-02 14:05:36,492,India,Home & Garden,Web,Bank Transfer,3,290.19,0.05,827.04,26.0,5.0,4.0,False
10000328,2024-05-02 16:20:36,311,Canada,Fashion,Marketplace,Credit Card,3,55.95,0.05,159.46,,5.0,6.0,False
10004283,2024-05-02 18:14:41,232,France,Beauty,Mobile App,Credit Card,1,51.9,0.0,51.9,38.0,5.0,3.0,False
10002360,2024-05-02 22:35:12,270,Brazil,Electronics,Web,Bank Transfer,2,164.92,0.2,263.87,34.0,4.0,4.0,False
10004850,2024-05-03 03:22:22,4,Canada,Home & Garden,Marketplace,PayPal,4,46.21,0.05,175.6,50.0,,4.0,False
10003346,2024-05-03 12:07:36,283,France,Fashion,Marketplace,Credit Card,5,38.74,0.0,193.7,,5.0,5.0,False
10000949,2024-05-03 22:20:58,586,United States,Fashion,Mobile App,Credit Card,3,42.71,0.05,121.72,37.0,5.0,7.0,False
10002141,2024-05-04 03:52:55,607,Germany,Sports,Web,Bank Transfer,3,56.86,0.0,170.58,39.0,4.0,7.0,False
10003066,2024-05-04 04:10:27,299,Spain,Sports,Store,Gift Card,1,51.64,0.2,41.31,60.0,5.0,3.0,False
10001590,2024-05-04 10:34:51,245,India,Beauty,Mobile App,PayPal,2,32.85,0.0,65.7,26.0,4.0,6.0,False
10003230,2024-05-04 11:20:33,146,Italy,Sports,Store,Gift Card,1,63.59,0.1,57.23,46.0,,4.0,False
10003289,2024-05-04 12:02:40,191,United Kingdom,Electronics,Mobile App,Gift Card,2,249.2,0.0,498.4,62.0,5.0,3.0,False
10003400,2024-05-04 13:03:46,618,United States,Toys,Marketplace,Credit Card,4,13.19,0.3,36.93,35.0,4.0,7.0,False
10002585,2024-05-05 05:38:18,601,France,Electronics,Web,PayPal,2,216.76,0.0,433.52,30.0,3.0,11.0,False
10002008,2024-05-05 08:27:56,225,India,Electronics,Web,PayPal,4,159.58,0.0,638.32,32.0,5.0,2.0,False
10004340,2024-05-05 09:48:04,285,Brazil,Home & Garden,Mobile App,PayPal,4,84.69,0.2,271.01,36.0,3.0,4.0,False
10002308,2024-05-05 15:22:01,375,United Kingdom,Electronics,Mobile App,PayPal,2,370.82,0.05,704.56,61.0,3.0,5.0,False
10000313,2024-05-05 19:30:23,497,Spain,Home & Garden,Store,PayPal,2,73.84,0.0,147.68,45.0,5.0,4.0,False
10003278,2024-05-05 22:24:43,83,Italy,Sports,Mobile App,PayPal,1,121.82,0.1,109.64,36.0,4.0,8.0,False
10004414,2024-05-05 22:34:57,584,Brazil,Sports,Web,Credit Card,2,55.41,0.05,105.28,38.0,4.0,4.0,False
10001134,2024-05-06 13:25:55,451,United States,Fashion,Mobile App,PayPal,3,81.66,0.0,244.98,38.0,3.0,4.0,False
10000518,2024-05-06 14:28:03,363,Germany,Fashion,Web,Credit Card,4,51.99,0.1,187.16,26.0,,4.0,False
10003533,2024-05-06 14:56:51,491,Canada,Home & Garden,Web,PayPal,1,76.65,0.0,76.65,32.0,5.0,5.0,False
10004496,2024-05-07 04:13:36,494,France,Beauty,Web,PayPal,2,57.05,0.1,102.69,36.0,5.0,4.0,False
10004115,2024-05-07 08:22:21,67,United Kingdom,Home & Garden,Mobile App,Credit Card,3,94.66,0.05,269.78,44.0,4.0,4.0,False
10003696,2024-05-07 10:30:19,239,United States,Home & Garden,Mobile App,Credit Card,2,89.18,0.1,160.52,50.0,3.0,2.0,False
10001884,2024-05-07 11:08:27,520,United Kingdom,Toys,Mobile App,Credit Card,1,26.24,0.1,23.62,37.0,3.0,4.0,False
10001103,2024-05-07 15:47:13,92,United Kingdom,Home & Garden,Marketplace,Credit Card,1,83.72,0.0,83.72,37.0,4.0,8.0,False
10003494,2024-05-08 03:16:17,135,United States,Sports,Store,Credit Card,1,39.37,0.1,35.43,39.0,4.0,6.0,False
10002903,2024-05-08 07:47:27,611,United States,Electronics,Mobile App,Credit Card,2,91.63,0.0,183.26,18.0,3.0,2.0,False
10003086,2024-05-08 19:28:29,374,United States,Fashion,Web,Credit Card,3,73.18,0.0,219.54,,4.0,2.0,False
10004731,2024-05-08 21:01:55,604,Canada,Home & Garden,Mobile App,Credit Card,2,54.13,0.0,108.26,27.0,5.0,4.0,False
10003435,2024-05-08 23:19:13,109,Brazil,Electronics,Store,Credit Card,3,224.1,0.1,605.07,18.0,4.0,6.0,False
10001851,2024-05-09 05:29:13,210,United States,Fashion,Web,Bank Transfer,2,69.61,0.0,139.22,21.0,5.0,7.0,False
10002375,2024-05-09 08:08:02,142,Germany,Beauty,Store,Credit Card,3,35.87,0.0,107.61,55.0,4.0,3.0,False
10003847,2024-05-09 13:03:20,154,India,Fashion,Store,Credit Card,4,36.58,0.05,139.0,44.0,5.0,11.0,False
10004891,2024-05-10 03:47:05,45,United States,Beauty,Web,Gift Card,1,28.52,0.0,28.52,25.0,5.0,4.0,False
10003489,2024-05-10 05:49:08,511,United States,Toys,Web,Credit Card,5,46.99,0.2,187.96,,4.0,2.0,False
10003546,2024-05-10 10:42:21,509,Italy,Sports,Web,Bank Transfer,2,75.07,0.0,150.14,18.0,4.0,4.0,False
10001412,2024-05-10 13:48:58,227,United States,Toys,Store,Gift Card,2,27.85,0.0,55.7,27.0,5.0,5.0,False
10003604,2024-05-10 20:22:26,325,United Kingdom,Fashion,Web,Credit Card,3,48.95,0.0,146.85,33.0,4.0,8.0,False
10000585,2024-05-10 20:29:39,348,United Kingdom,Fashion,Web,PayPal,2,28.32,0.2,45.31,25.0,4.0,6.0,False
10001718,2024-05-11 05:09:48,339,United States,Sports,Mobile App,PayPal,1,49.44,0.0,49.44,31.0,5.0,6.0,False
10000646,2024-05-11 18:49:01,207,Spain,Electronics,Marketplace,PayPal,1,168.26,0.0,168.26,55.0,,7.0,False
10001269,2024-05-11 20:37:57,364,Spain,Sports,Web,PayPal,3,79.14,0.0,237.42,42.0,4.0,6.0,False
10002042,2024-05-11 23:19:53,285,United States,Sports,Mobile App,Credit Card,4,77.77,0.2,248.86,27.0,4.0,7.0,False
10001699,2024-05-12 04:38:07,359,India,Sports,Web,PayPal,2,101.64,0.05,193.12,32.0,4.0,5.0,False
10004804,2024-05-12 05:10:42,436,United States,Beauty,Marketplace,Credit Card,3,29.26,0.1,79.0,30.0,2.0,3.0,False
10001782,2024-05-12 10:04:07,40,United Kingdom,Fashion,Web,Bank Transfer,3,51.03,0.2,122.47,48.0,3.0,5.0,False
10001580,2024-05-12 11:35:19,276,Spain,Sports,Web,Bank Transfer,2,87.97,0.1,158.35,52.0,2.0,3.0,False
10000334,2024-05-13 01:40:11,144,United States,Beauty,Mobile App,Credit Card,3,52.53,0.0,157.59,29.0,4.0,3.0,False
10004579,2024-05-13 04:59:34,202,France,Electronics,Store,Credit Card,2,129.04,0.0,258.08,24.0,4.0,4.0,False
10001233,2024-05-13 09:43:19,250,Spain,Sports,Marketplace,PayPal,3,68.41,0.05,194.97,18.0,5.0,9.0,False
10000701,2024-05-13 10:02:05,333,Canada,Beauty,Web,Bank Transfer,6,34.74,0.0,208.44,44.0,4.0,10.0,False
10004713,2024-05-13 13:34:39,447,France,Electronics,Web,Credit Card,2,110.35,0.0,220.7,38.0,3.0,5.0,False
10001787,2024-05-14 01:26:05,602,Brazil,Beauty,Web,Credit Card,1,19.72,0.2,15.78,47.0,4.0,3.0,False
10000337,2024-05-14 02:52:23,403,Germany,Sports,Mobile App,Credit Card,3,24.56,0.1,66.31,24.0,5.0,5.0,False
10001897,2024-05-14 08:50:57,173,United States,Beauty,Marketplace,PayPal,3,86.79,0.2,208.3,24.0,4.0,7.0,False
10002579,2024-05-14 12:30:16,606,Brazil,Toys,Marketplace,Credit Card,3,28.22,0.0,84.66,46.0,4.0,5.0,False
10000199,2024-05-14 15:34:25,583,United States,Electronics,Mobile App,PayPal,2,193.07,0.1,347.53,,4.0,5.0,False
10003014,2024-05-15 03:53:40,550,Germany,Fashion,Mobile App,Credit Card,1,87.73,0.2,70.18,66.0,4.0,5.0,False
10002824,2024-05-15 13:09:43,530,Brazil,Sports,Web,Credit Card,2,53.67,0.0,107.34,44.0,4.0,4.0,False
10003854,2024-05-15 14:17:51,445,United States,Electronics,Mobile App,PayPal,3,190.02,0.05,541.56,45.0,,6.0,False
10002803,2024-05-15 16:56:18,371,United States,Home & Garden,Mobile App,Credit Card,2,106.48,0.0,212.96,26.0,,5.0,False
10003949,2024-05-15 18:34:07,619,United States,Home & Garden,Store,Gift Card,6,112.18,0.0,673.08,25.0,4.0,3.0,False
10000207,2024-05-15 22:31:14,316,France,Toys,Marketplace,Credit Card,1,43.36,0.1,39.02,36.0,4.0,8.0,False
10001016,2024-05-16 02:11:46,608,United States,Fashion,Web,Gift Card,3,80.63,0.0,241.89,35.0,,4.0,False
10003067,2024-05-16 05:29:03,73,United States,Electronics,Web,Credit Card,1,256.28,0.05,243.47,49.0,5.0,2.0,False
10000275,2024-05-16 07:35:07,410,Spain,Home & Garden,Web,PayPal,6,28.65,0.1,154.71,49.0,5.0,5.0,False
10003834,2024-05-16 13:01:08,117,United States,Sports,Web,PayPal,5,59.59,0.0,297.95,33.0,4.0,7.0,False
10000472,2024-05-16 22:28:23,508,Italy,Home & Garden,Mobile App,PayPal,2,72.29,0.1,130.12,51.0,4.0,8.0,False
10000459,2024-05-16 22:46:24,57,United States,Fashion,Marketplace,Credit Card,5,59.3,0.0,296.5,32.0,3.0,7.0,False
10002834,2024-05-17 08:25:17,419,Brazil,Electronics,Web,PayPal,3,116.34,0.2,279.22,32.0,5.0,5.0,True
10002572,2024-05-17 08:49:27,56,United Kingdom,Home & Garden,Web,Credit Card,2,60.02,0.05,114.04,25.0,4.0,4.0,False
10004361,2024-05-17 09:01:20,13,Brazil,Home & Garden,Mobile App,Bank Transfer,1,69.95,0.05,66.45,43.0,5.0,6.0,False
10004923,2024-05-17 13:28:13,146,Germany,Sports,Mobile App,Credit Card,2,66.93,0.1,120.47,32.0,5.0,5.0,False
10000563,2024-05-17 15:43:02,246,United States,Beauty,Marketplace,Credit Card,4,48.34,0.05,183.69,34.0,5.0,5.0,False
10004232,2024-05-17 16:02:50,53,Japan,Fashion,Marketplace,PayPal,2,32.73,0.0,65.46,37.0,4.0,6.0,False
10002264,2024-05-18 03:13:38,141,United States,Home & Garden,Web,Credit Card,4,53.85,0.2,172.32,38.0,3.0,3.0,False
10004247,2024-05-18 08:16:59,70,Canada,Home & Garden,Mobile App,Credit Card,1,86.76,0.1,78.08,37.0,3.0,5.0,False
10000882,2024-05-18 15:48:25,193,United Kingdom,Toys,Web,Gift Card,2,35.6,0.0,71.2,61.0,5.0,3.0,False
10000532,2024-05-18 20:39:57,464,United States,Toys,Web,Credit Card,2,20.92,0.0,41.84,32.0,,8.0,False
10000668,2024-05-19 02:21:30,278,Italy,Fashion,Marketplace,PayPal,1,69.78,0.0,69.78,34.0,5.0,3.0,False
10004987,2024-05-19 03:49:55,362,France,Beauty,Web,Gift Card,4,108.77,0.0,435.08,38.0,5.0,2.0,False
10002561,2024-05-19 10:51:27,166,Canada,Fashion,Web,Credit Card,2,167.04,0.0,334.08,22.0,4.0,6.0,False
10001685,2024-05-19 22:30:49,376,India,Fashion,Mobile App,Credit Card,3,91.79,0.05,261.6,51.0,3.0,6.0,False
10001652,2024-05-20 02:37:46,352,United States,Sports,Mobile App,PayPal,2,71.48,0.0,142.96,46.0,3.0,3.0,False
10002555,2024-05-20 05:31:51,116,United States,Home & Garden,Web,Credit Card,4,128.96,0.05,490.05,48.0,4.0,7.0,False
10001811,2024-05-20 06:20:08,287,Spain,Fashion,Mobile App,Credit Card,2,78.47,0.05,149.09,49.0,5.0,5.0,False
10004132,2024-05-20 10:17:22,507,United States,Beauty,Mobile App,PayPal,3,27.9,0.0,83.7,39.0,,7.0,False
10003037,2024-05-20 22:32:44,501,India,Toys,Web,Credit Card,4,23.32,0.05,88.62,42.0,4.0,5.0,False
10000574,2024-05-21 00:25:24,232,United States,Fashion,Web,PayPal,3,61.63,0.05,175.65,,5.0,4.0,False
10000491,2024-05-21 13:54:53,273,France,Fashion,Marketplace,Credit Card,1,65.87,0.0,65.87,43.0,5.0,6.0,False
10002659,2024-05-21 18:01:07,393,Italy,Toys,Store,Credit Card,1,26.34,0.0,26.34,48.0,3.0,8.0,False
10002471,2024-05-21 21:25:02,457,Spain,Home & Garden,Mobile App,Credit Card,4,47.65,0.05,181.07,45.0,4.0,6.0,False
10002697,2024-05-21 23:07:44,50,United States,Fashion,Mobile App,PayPal,3,159.63,0.0,478.89,21.0,5.0,5.0,False
10001222,2024-05-22 00:28:21,256,United States,Sports,Web,PayPal,3,63.82,0.0,191.46,36.0,4.0,9.0,False
10003763,2024-05-22 02:27:40,276,Italy,Electronics,Mobile App,Gift Card,5,203.4,0.0,1017.0,68.0,5.0,5.0,False
10001365,2024-05-22 09:04:52,303,United States,Sports,Mobile App,PayPal,1,109.29,0.0,109.29,45.0,4.0,5.0,False
10003709,2024-05-23 03:37:23,135,Germany,Home & Garden,Web,Credit Card,3,93.01,0.05,265.08,27.0,5.0,7.0,False
10001201,2024-05-23 06:16:24,469,India,Electronics,Mobile App,PayPal,2,285.59,0.3,399.83,31.0,4.0,6.0,False
10001735,2024-05-23 07:15:12,123,United States,Beauty,Marketplace,Credit Card,4,32.48,0.1,116.93,41.0,3.0,6.0,False
10003267,2024-05-23 14:53:50,90,United States,Beauty,Mobile App,Credit Card,1,36.47,0.0,36.47,38.0,4.0,4.0,False
10001204,2024-05-23 16:21:11,446,India,Fashion,Marketplace,PayPal,3,58.5,0.1,157.95,64.0,5.0,5.0,True
10004978,2024-05-23 21:45:39,120,United States,Fashion,Web,Gift Card,1,37.15,0.0,37.15,,3.0,4.0,False
10002728,2024-05-24 02:41:52,99,Brazil,Sports,Web,Credit Card,3,84.04,0.0,252.12,18.0,3.0,7.0,False
10004234,2024-05-24 04:26:24,324,Japan,Beauty,Web,PayPal,4,56.94,0.0,227.76,37.0,4.0,5.0,False
10004647,2024-05-24 07:36:09,268,France,Electronics,Web,Credit Card,1,272.02,0.2,217.62,21.0,4.0,2.0,False
10002184,2024-05-24 15:43:36,40,Italy,Home & Garden,Web,PayPal,4,75.71,0.0,302.84,46.0,3.0,5.0,False
10004200,2024-05-24 18:07:43,362,Germany,Toys,Mobile App,Credit Card,2,15.33,0.0,30.66,48.0,4.0,2.0,False
10002335,2024-05-24 19:55:16,588,Brazil,Fashion,Store,Credit Card,2,44.15,0.0,88.3,37.0,4.0,5.0,False
10002662,2024-05-24 19:57:51,205,United States,Beauty,Web,Credit Card,3,90.67,0.0,272.01,36.0,4.0,7.0,False
10002822,2024-05-25 02:27:28,239,United Kingdom,Toys,Mobile App,PayPal,2,35.48,0.1,63.86,26.0,,9.0,False
10000576,2024-05-25 04:32:18,209,United Kingdom,Sports,Mobile App,Credit Card,3,47.88,0.0,143.64,19.0,5.0,5.0,False
10002393,2024-05-25 21:46:02,76,Germany,Electronics,Web,Credit Card,2,142.64,0.05,271.02,18.0,4.0,5.0,False
10002902,2024-05-25 21:50:16,495,Japan,Fashion,Mobile App,Credit Card,1,46.54,0.1,41.89,25.0,3.0,6.0,False
10000232,2024-05-26 09:15:20,369,France,Home & Garden,Marketplace,PayPal,2,35.47,0.0,70.94,39.0,4.0,5.0,False
10000130,2024-05-26 14:12:26,622,United Kingdom,Fashion,Web,Credit Card,3,71.57,0.0,214.71,49.0,4.0,3.0,False
10001279,2024-05-26 16:07:46,473,Canada,Beauty,Mobile App,Bank Transfer,4,22.7,0.0,90.8,18.0,4.0,3.0,False
10001097,2024-05-26 17:03:50,178,France,Beauty,Mobile App,Credit Card,1,50.64,0.1,45.58,39.0,2.0,1.0,False
10004016,2024-05-26 17:48:40,507,Italy,Fashion,Marketplace,Bank Transfer,2,21.89,0.0,43.78,55.0,5.0,3.0,False
10000411,2024-05-27 00:22:55,184,Canada,Toys,Web,PayPal,1,41.18,0.0,41.18,62.0,5.0,3.0,False
10004339,2024-05-27 02:38:40,122,India,Electronics,Store,PayPal,3,281.2,0.0,843.6,30.0,5.0,5.0,False
10004650,2024-05-27 05:36:16,328,Canada,Electronics,Mobile App,Credit Card,5,250.81,0.2,1003.24,28.0,3.0,4.0,False
10003185,2024-05-27 07:39:25,80,Japan,Sports,Web,PayPal,4,171.57,0.0,686.28,50.0,4.0,5.0,False
10003589,2024-05-27 11:15:19,444,Germany,Electronics,Marketplace,Credit Card,1,167.31,0.0,167.31,34.0,,3.0,False
10002469,2024-05-27 16:15:58,286,Japan,Electronics,Store,Credit Card,3,209.45,0.0,628.35,45.0,4.0,3.0,False
10002469,2024-05-27 16:15:58,286,Japan,Electronics,Store,Credit Card,3,209.45,0.0,628.35,45.0,4.0,3.0,False
10000241,2024-05-27 18:52:37,107,United States,Beauty,Web,Credit Card,1,29.67,0.1,26.7,39.0,3.0,4.0,False
10000935,2024-05-27 20:20:54,292,France,Electronics,Web,Credit Card,2,381.91,0.0,763.82,52.0,4.0,1.0,False
10002397,2024-05-28 00:57:28,82,France,Home & Garden,Web,Credit Card,2,101.32,0.0,202.64,60.0,4.0,9.0,False
10002655,2024-05-28 08:38:50,102,Italy,Electronics,Mobile App,Credit Card,2,115.7,0.0,231.4,43.0,4.0,5.0,False
10004034,2024-05-28 12:15:43,208,United States,Home & Garden,Mobile App,Gift Card,3,70.39,0.05,200.61,45.0,5.0,3.0,False
10001933,2024-05-28 22:41:22,442,Germany,Home & Garden,Mobile App,PayPal,3,88.62,0.05,252.57,39.0,5.0,2.0,False
10000973,2024-05-29 11:07:44,561,Brazil,Fashion,Web,PayPal,1,100.8,0.0,100.8,41.0,5.0,4.0,False
10002777,2024-05-29 11:45:38,601,Germany,Home & Garden,Mobile App,Gift Card,1,67.27,0.0,67.27,49.0,4.0,3.0,False
10000814,2024-05-29 14:13:01,610,Italy,Home & Garden,Mobile App,PayPal,1,77.72,0.3,54.4,46.0,2.0,5.0,True
10004137,2024-05-29 15:58:59,49,Germany,Fashion,Web,Credit Card,2,34.59,0.0,69.18,40.0,4.0,3.0,False
10004661,2024-05-29 16:14:30,111,Italy,Home & Garden,Marketplace,Bank Transfer,2,55.95,0.05,106.3,37.0,4.0,3.0,False
10003251,2024-05-29 19:52:34,261,United States,Home & Garden,Mobile App,Credit Card,2,48.99,0.0,97.98,31.0,4.0,4.0,False
10002733,2024-05-30 02:15:29,560,United Kingdom,Sports,Mobile App,PayPal,5,113.96,0.1,512.82,49.0,3.0,4.0,False
10000513,2024-05-30 09:46:10,535,United States,Fashion,Web,Credit Card,2,40.52,0.2,64.83,36.0,3.0,7.0,False
10002945,2024-05-30 10:38:58,372,Brazil,Toys,Web,Credit Card,3,52.66,0.05,150.08,47.0,3.0,3.0,False
10001033,2024-05-30 20:26:38,475,Italy,Fashion,Web,Credit Card,1,20.82,0.3,14.57,55.0,3.0,8.0,False
10001979,2024-05-31 02:32:17,321,United States,Fashion,Web,Credit Card,4,31.99,0.0,127.96,41.0,4.0,4.0,False
10003372,2024-05-31 04:28:23,252,United States,Fashion,Mobile App,Bank Transfer,4,77.73,0.1,279.83,57.0,3.0,4.0,False
10001251,2024-05-31 07:36:20,368,India,Beauty,Marketplace,Credit Card,5,31.57,0.0,157.85,37.0,3.0,5.0,False
10002860,2024-05-31 10:04:31,565,France,Home & Garden,Web,Credit Card,2,188.84,0.0,377.68,29.0,4.0,6.0,False
10001079,2024-05-31 12:55:43,232,Canada,Fashion,Mobile App,PayPal,3,78.96,0.0,236.88,38.0,4.0,5.0,False
10000670,2024-05-31 14:38:47,603,Japan,Fashion,Marketplace,PayPal,3,23.78,0.0,71.34,28.0,4.0,3.0,False
10001632,2024-05-31 17:57:48,196,United States,Electronics,Mobile App,Credit Card,2,125.58,0.0,251.16,43.0,4.0,3.0,False
10003889,2024-06-01 00:48:53,372,India,Home & Garden,Mobile App,Credit Card,2,84.57,0.2,135.31,48.0,5.0,4.0,False
10001410,2024-06-01 01:24:49,492,Spain,Electronics,Web,PayPal,3,162.92,0.05,464.32,44.0,3.0,4.0,False
10002219,2024-06-01 15:22:52,142,France,Electronics,Marketplace,Credit Card,2,172.03,0.0,344.06,33.0,3.0,5.0,False
10003582,2024-06-02 04:35:04,199,France,Home & Garden,Mobile App,Credit Card,3,97.16,0.05,276.91,49.0,,5.0,False
10002966,2024-06-02 06:38:38,184,Spain,Fashion,Mobile App,Credit Card,5,55.15,0.05,261.96,33.0,3.0,6.0,False
10000930,2024-06-02 16:20:37,29,Japan,Sports,Marketplace,PayPal,3,127.99,0.1,345.57,42.0,4.0,5.0,False
10002023,2024-06-03 02:25:34,351,India,Home & Garden,Store,PayPal,4,121.23,0.0,484.92,56.0,2.0,8.0,False
10000906,2024-06-03 15:19:57,118,United Kingdom,Sports,Marketplace,Credit Card,1,48.85,0.2,39.08,52.0,4.0,4.0,False
10001462,2024-06-03 16:41:41,443,United States,Sports,Mobile App,Gift Card,2,67.56,0.0,135.12,24.0,5.0,4.0,True
10001253,2024-06-03 23:55:35,539,United States,Electronics,Mobile App,Credit Card,1,229.77,0.05,218.28,31.0,4.0,6.0,False
10002711,2024-06-04 01:07:42,237,United Kingdom,Home & Garden,Web,Credit Card,2,44.42,0.0,88.84,52.0,,6.0,False
10004663,2024-06-04 07:45:03,484,United States,Fashion,Mobile App,Credit Card,2,103.64,0.05,196.92,34.0,5.0,4.0,False
10004416,2024-06-04 21:22:49,374,Germany,Beauty,Mobile App,Bank Transfer,1,34.69,0.05,32.96,60.0,4.0,5.0,False
10001561,2024-06-04 22:00:10,333,Italy,Fashion,Web,Credit Card,3,65.16,0.3,136.84,35.0,,4.0,False
10001423,2024-06-05 01:18:24,3,United Kingdom,Fashion,Store,Credit Card,1,62.46,0.0,62.46,29.0,3.0,6.0,False
10000298,2024-06-05 04:04:29,312,Germany,Home & Garden,Web,Credit Card,2,51.56,0.1,92.81,45.0,5.0,3.0,False
10000151,2024-06-05 18:12:01,361,Japan,Beauty,Web,PayPal,2,39.36,0.0,78.72,49.0,5.0,6.0,False
10004788,2024-06-06 06:11:42,437,United States,Home & Garden,Web,Credit Card,4,54.18,0.0,216.72,32.0,4.0,6.0,False
10002842,2024-06-06 17:00:33,556,Spain,Electronics,Web,Credit Card,1,169.52,0.0,169.52,50.0,5.0,2.0,False
10004384,2024-06-06 20:36:12,174,Brazil,Electronics,Store,Credit Card,5,158.03,0.0,790.15,36.0,3.0,5.0,False
10000852,2024-06-07 03:03:42,480,United States,Home & Garden,Web,PayPal,2,69.07,0.1,124.33,43.0,5.0,8.0,False
10003992,2024-06-07 04:22:14,29,Japan,Fashion,Web,Credit Card,1,75.56,0.1,68.0,30.0,,3.0,False
10000692,2024-06-07 08:51:16,32,France,Fashion,Web,Credit Card,2,105.95,0.0,211.9,29.0,4.0,4.0,False
10003781,2024-06-07 13:44:59,101,United States,Electronics,Store,Credit Card,1,255.52,0.05,242.74,54.0,5.0,9.0,False
10000541,2024-06-07 21:51:25,127,United States,Toys,Web,Credit Card,2,28.31,0.0,56.62,27.0,4.0,5.0,False
10000927,2024-06-08 01:46:24,332,India,Home & Garden,Mobile App,Credit Card,3,46.98,0.0,140.94,32.0,,8.0,False
10000424,2024-06-08 03:36:53,188,United States,Fashion,Web,PayPal,6,33.65,0.0,201.9,36.0,3.0,5.0,False
10004485,2024-06-08 03:41:28,114,United States,Sports,Marketplace,Credit Card,5,96.99,0.0,484.95,29.0,4.0,6.0,False
10001114,2024-06-08 04:10:54,233,Brazil,Home & Garden,Web,Credit Card,2,87.84,0.1,158.11,33.0,5.0,6.0,False
10002835,2024-06-08 07:12:24,213,United States,Home & Garden,Mobile App,Credit Card,5,79.27,0.05,376.53,44.0,5.0,4.0,False
10003873,2024-06-08 14:19:38,333,Brazil,Home & Garden,Marketplace,Gift Card,3,42.54,0.05,121.24,18.0,4.0,5.0,False
10000506,2024-06-08 18:31:48,131,United States,Fashion,Marketplace,Credit Card,2,26.4,0.0,52.8,39.0,5.0,7.0,False
10001572,2024-06-09 00:24:46,388,Brazil,Sports,Mobile App,PayPal,6,104.64,0.1,565.06,42.0,5.0,4.0,False
10001942,2024-06-09 10:49:33,127,Germany,Fashion,Mobile App,Credit Card,1,39.44,0.0,39.44,31.0,4.0,8.0,False
10001506,2024-06-09 11:03:31,216,France,Fashion,Web,Credit Card,2,36.79,0.0,73.58,39.0,5.0,4.0,False
10000005,2024-06-09 11:23:20,205,Canada,Home & Garden,Store,Credit Card,2,32.82,0.1,59.08,46.0,4.0,4.0,False
10001162,2024-06-09 18:45:31,13,Japan,Fashion,Web,PayPal,3,71.63,0.0,214.89,49.0,4.0,9.0,False
10000423,2024-06-09 19:04:21,209,Germany,Beauty,Mobile App,Gift Card,5,19.91,0.0,99.55,70.0,5.0,5.0,False
10002676,2024-06-10 00:40:44,165,France,Electronics,Mobile App,Credit Card,1,394.77,0.0,394.77,54.0,4.0,6.0,False
10000307,2024-06-10 03:12:57,127,United States,Electronics,Web,Credit Card,4,93.49,0.05,355.26,41.0,5.0,6.0,False
10004924,2024-06-10 11:05:54,77,France,Home & Garden,Marketplace,Credit Card,2,65.89,0.1,118.6,30.0,4.0,4.0,False
10004996,2024-06-10 16:52:26,166,France,Sports,Mobile App,Credit Card,3,139.1,0.2,333.84,47.0,3.0,5.0,False
10001536,2024-06-10 17:26:03,484,Brazil,Beauty,Store,Bank Transfer,1,32.98,0.05,31.33,,3.0,3.0,False
10000276,2024-06-11 01:37:01,367,India,Fashion,Web,Bank Transfer,2,74.05,0.0,148.1,61.0,,5.0,False
10001320,2024-06-11 01:39:32,214,India,Home & Garden,Mobile App,Credit Card,1,57.4,0.2,45.92,49.0,,6.0,False
10001281,2024-06-11 19:29:37,235,Germany,Beauty,Web,Credit Card,2,41.01,0.3,57.41,54.0,4.0,3.0,False
10001696,2024-06-11 23:38:10,309,Germany,Electronics,Mobile App,Bank Transfer,3,170.0,0.0,510.0,49.0,5.0,5.0,False
10000101,2024-06-12 00:36:10,199,France,Fashion,Web,Credit Card,4,138.5,0.3,387.8,30.0,4.0,5.0,False
10002382,2024-06-12 03:31:32,150,Italy,Beauty,Web,PayPal,3,30.53,0.0,91.59,46.0,5.0,5.0,True
10001601,2024-06-12 08:43:49,121,Canada,Beauty,Web,Bank Transfer,1,33.49,0.0,33.49,18.0,4.0,7.0,False
10001601,2024-06-12 08:43:49,121,Canada,Beauty,Web,Bank Transfer,1,33.49,0.0,33.49,18.0,4.0,7.0,False
10004606,2024-06-12 11:29:02,401,Japan,Fashion,Mobile App,Bank Transfer,4,93.2,0.0,372.8,32.0,4.0,6.0,False
10000808,2024-06-13 06:33:52,487,France,Fashion,Mobile App,PayPal,2,55.62,0.1,100.12,,4.0,4.0,False
10003428,2024-06-13 11:13:46,504,United Kingdom,Beauty,Web,Credit Card,2,41.05,0.0,82.1,47.0,2.0,6.0,False
10002568,2024-06-13 19:08:04,142,Brazil,Toys,Web,Credit Card,3,27.79,0.0,83.37,36.0,,4.0,False
10000806,2024-06-13 21:28:38,466,France,Sports,Mobile App,Gift Card,4,40.68,0.0,162.72,20.0,5.0,4.0,False
10004583,2024-06-13 21:30:18,12,United Kingdom,Beauty,Marketplace,Credit Card,4,28.92,0.2,92.54,48.0,4.0,3.0,False
10003900,2024-06-14 03:52:04,5,Germany,Sports,Web,Gift Card,2,68.49,0.0,136.98,45.0,4.0,3.0,False
10001599,2024-06-14 07:27:17,197,Canada,Beauty,Mobile App,Credit Card,6,27.25,0.0,163.5,53.0,4.0,4.0,False
10002227,2024-06-14 14:09:11,336,France,Electronics,Mobile App,Credit Card,2,121.79,0.05,231.4,45.0,3.0,7.0,False
10004893,2024-06-14 14:18:20,545,Japan,Beauty,Web,Bank Transfer,2,35.04,0.0,70.08,40.0,3.0,5.0,False
10003119,2024-06-14 14:37:47,513,Italy,Electronics,Mobile App,Gift Card,2,338.57,0.0,677.14,,3.0,6.0,False
10004297,2024-06-14 16:04:02,319,United States,Fashion,Web,PayPal,2,107.24,0.0,214.48,45.0,4.0,9.0,True
10004920,2024-06-14 17:17:57,304,United Kingdom,Home & Garden,Store,Gift Card,2,45.44,0.1,81.79,46.0,,5.0,False
10004406,2024-06-14 17:29:25,300,France,Sports,Web,PayPal,2,57.63,0.1,103.73,59.0,4.0,2.0,False
10003602,2024-06-14 18:18:30,71,Japan,Home & Garden,Web,PayPal,3,49.25,0.1,132.98,49.0,5.0,4.0,False
10002451,2024-06-14 18:56:15,51,United States,Fashion,Mobile App,Bank Transfer,1,58.59,0.0,58.59,29.0,3.0,5.0,False
10002191,2024-06-14 20:37:31,217,Brazil,Sports,Mobile App,Credit Card,3,115.41,0.0,346.23,34.0,5.0,3.0,False
10004653,2024-06-14 21:16:04,352,Brazil,Toys,Web,Credit Card,3,42.51,0.05,121.15,36.0,5.0,4.0,False
10000415,2024-06-15 03:53:13,211,Japan,Fashion,Mobile App,Gift Card,3,71.28,0.2,171.07,35.0,5.0,5.0,False
10000663,2024-06-15 14:33:36,549,Spain,Home & Garden,Store,Credit Card,2,57.19,0.0,114.38,44.0,3.0,5.0,False
10003294,2024-06-15 15:45:04,210,Germany,Toys,Mobile App,Credit Card,1,17.7,0.0,17.7,59.0,5.0,3.0,False
10002057,2024-06-15 17:38:48,519,France,Beauty,Store,Credit Card,6,72.16,0.0,432.96,42.0,4.0,11.0,False
10001464,2024-06-15 18:38:03,602,France,Sports,Store,Credit Card,1,45.88,0.05,43.59,18.0,4.0,4.0,False
10000938,2024-06-16 03:44:17,458,United States,Home & Garden,Web,Credit Card,2,38.34,0.0,76.68,56.0,4.0,5.0,False
10000471,2024-06-16 08:47:43,289,Italy,Sports,Mobile App,Credit Card,1,68.89,0.0,68.89,30.0,5.0,2.0,False
10002190,2024-06-16 17:02:07,624,United Kingdom,Home & Garden,Web,PayPal,3,94.34,0.0,283.02,38.0,4.0,6.0,False
10002912,2024-06-16 21:57:35,227,India,Home & Garden,Web,Credit Card,2,119.08,0.1,214.34,18.0,3.0,5.0,False
10003385,2024-06-17 00:47:37,64,India,Electronics,Mobile App,Credit Card,3,180.69,0.1,487.86,47.0,3.0,4.0,False
10000301,2024-06-17 12:16:29,231,Spain,Sports,Mobile App,Credit Card,1,74.06,0.0,74.06,27.0,2.0,6.0,False
10002993,2024-06-17 18:04:06,493,Italy,Home & Garden,Web,Credit Card,2,83.37,0.05,158.4,24.0,,9.0,False
10001992,2024-06-17 18:34:35,506,United States,Fashion,Mobile App,PayPal,2,87.39,0.2,139.82,52.0,5.0,6.0,False
10002267,2024-06-18 01:00:55,572,India,Electronics,Marketplace,PayPal,3,426.54,0.05,1215.64,30.0,3.0,2.0,False
10000160,2024-06-18 08:37:42,544,Japan,Electronics,Mobile App,Credit Card,1,102.32,0.1,92.09,37.0,5.0,3.0,False
10002119,2024-06-18 11:10:07,15,France,Sports,Web,Gift Card,3,81.57,0.1,220.24,25.0,5.0,3.0,False
10003399,2024-06-18 16:46:03,550,Italy,Beauty,Mobile App,Credit Card,3,49.86,0.1,134.62,24.0,4.0,9.0,False
10004131,2024-06-18 20:32:06,158,Brazil,Electronics,Mobile App,Credit Card,5,370.27,0.0,1851.35,,4.0,6.0,True
10000869,2024-06-19 04:05:45,7,Germany,Electronics,Store,PayPal,4,187.05,0.0,748.2,18.0,4.0,4.0,True
10002390,2024-06-19 04:33:35,533,United States,Beauty,Mobile App,Credit Card,1,41.74,0.1,37.57,23.0,5.0,3.0,False
10002361,2024-06-19 04:38:36,173,Spain,Fashion,Mobile App,Credit Card,2,40.01,0.0,80.02,28.0,4.0,4.0,False
10003388,2024-06-19 05:36:38,95,Spain,Home & Garden,Mobile App,Bank Transfer,2,73.48,0.1,132.26,18.0,4.0,5.0,False
10004706,2024-06-19 09:06:03,347,India,Electronics,Web,PayPal,1,277.46,0.1,249.71,33.0,3.0,7.0,False
10004086,2024-06-19 11:37:39,310,Italy,Toys,Web,PayPal,3,31.94,0.05,91.03,28.0,5.0,7.0,False
10002075,2024-06-20 05:43:22,481,France,Beauty,Marketplace,PayPal,4,21.66,0.1,77.98,50.0,3.0,4.0,False
10000455,2024-06-20 06:41:54,608,India,Sports,Web,Credit Card,3,89.52,0.0,268.56,33.0,3.0,4.0,False
10002785,2024-06-20 07:00:41,490,Brazil,Fashion,Mobile App,Credit Card,4,54.74,0.0,218.96,51.0,5.0,4.0,False
10002964,2024-06-20 10:05:21,193,United Kingdom,Electronics,Web,Credit Card,3,174.81,0.0,524.43,24.0,4.0,8.0,False
10004397,2024-06-20 11:36:00,506,United Kingdom,Beauty,Mobile App,Credit Card,1,39.07,0.0,39.07,25.0,,8.0,False
10001422,2024-06-20 13:20:11,20,United Kingdom,Beauty,Mobile App,Credit Card,3,33.83,0.0,101.49,42.0,5.0,3.0,False
10004558,2024-06-20 17:07:26,285,United Kingdom,Home & Garden,Mobile App,Credit Card,4,78.72,0.0,314.88,62.0,4.0,4.0,False
10004188,2024-06-20 17:15:51,600,Spain,Electronics,Web,Credit Card,1,421.32,0.0,421.32,20.0,3.0,5.0,False
10000761,2024-06-20 18:31:07,580,Spain,Fashion,Web,PayPal,2,59.96,0.0,119.92,18.0,5.0,6.0,False
10002814,2024-06-20 22:13:50,279,Italy,Toys,Mobile App,Credit Card,3,37.94,0.05,108.13,33.0,4.0,5.0,False
10002041,2024-06-20 23:47:04,351,Canada,Home & Garden,Marketplace,Credit Card,3,77.11,0.05,219.76,33.0,5.0,6.0,False
10002713,2024-06-21 15:40:00,416,France,Fashion,Marketplace,Credit Card,5,31.06,0.05,147.53,,3.0,8.0,False
10002970,2024-06-21 17:43:02,57,United States,Electronics,Store,PayPal,2,400.38,0.0,800.76,21.0,5.0,3.0,False
10000496,2024-06-21 18:35:43,385,United States,Toys,Web,PayPal,3,39.41,0.0,118.23,25.0,4.0,7.0,False
10003734,2024-06-22 07:34:55,114,Spain,Electronics,Mobile App,Credit Card,3,211.58,0.1,571.27,25.0,3.0,3.0,False
10002214,2024-06-22 10:40:35,502,United Kingdom,Home & Garden,Store,Credit Card,2,173.94,0.3,243.52,31.0,4.0,7.0,False
10004842,2024-06-22 23:11:39,295,United States,Fashion,Mobile App,Credit Card,1,87.91,0.1,79.12,55.0,4.0,5.0,False
10001302,2024-06-23 04:22:36,246,France,Fashion,Marketplace,PayPal,4,61.18,0.0,244.72,33.0,4.0,3.0,False
10001827,2024-06-23 07:14:46,139,France,Electronics,Web,Gift Card,2,142.46,0.0,284.92,36.0,5.0,4.0,False
10002247,2024-06-23 10:27:56,109,Spain,Beauty,Web,Bank Transfer,1,54.26,0.1,48.83,18.0,5.0,7.0,False
10000138,2024-06-24 10:29:49,481,United Kingdom,Sports,Web,Gift Card,2,90.92,0.0,181.84,19.0,3.0,7.0,False
10001823,2024-06-24 21:45:41,493,Germany,Sports,Marketplace,Credit Card,2,72.72,0.0,145.44,24.0,5.0,7.0,False
10000631,2024-06-24 22:00:21,468,India,Fashion,Store,Credit Card,2,50.65,0.2,81.04,57.0,3.0,4.0,False
10002771,2024-06-25 12:48:55,584,United States,Beauty,Marketplace,PayPal,2,42.48,0.05,80.71,33.0,,5.0,False
10004854,2024-06-25 19:33:15,606,United States,Electronics,Mobile App,Credit Card,2,243.7,0.0,487.4,44.0,3.0,5.0,False
10004009,2024-06-26 03:47:31,224,Italy,Home & Garden,Web,Credit Card,2,63.9,0.2,102.24,50.0,3.0,8.0,False
10000251,2024-06-26 09:02:51,76,India,Beauty,Mobile App,Credit Card,1,23.86,0.2,19.09,26.0,1.0,3.0,False
10002337,2024-06-27 03:23:16,225,United Kingdom,Fashion,Mobile App,PayPal,2,42.0,0.0,84.0,,4.0,6.0,False
10004568,2024-06-27 04:03:42,570,Germany,Home & Garden,Web,Credit Card,2,188.45,0.1,339.21,31.0,,4.0,False
10003720,2024-06-27 04:45:38,24,Canada,Electronics,Web,Bank Transfer,2,115.89,0.0,231.78,33.0,4.0,5.0,False
10004527,2024-06-27 07:45:50,417,United States,Sports,Web,Credit Card,5,53.17,0.0,265.85,46.0,4.0,4.0,False
10001120,2024-06-27 08:56:25,611,United States,Fashion,Web,PayPal,3,69.44,0.2,166.66,,,6.0,False
10000468,2024-06-27 13:33:13,332,United States,Sports,Web,PayPal,4,145.39,0.0,581.56,37.0,,7.0,False
10002533,2024-06-27 22:09:56,154,United States,Fashion,Web,PayPal,1,60.22,0.2,48.18,55.0,3.0,5.0,False
10000680,2024-06-28 07:06:46,258,Germany,Beauty,Web,Credit Card,1,22.56,0.2,18.05,40.0,4.0,4.0,False
10003407,2024-06-28 14:00:01,109,Germany,Home & Garden,Store,Credit Card,6,96.33,0.0,577.98,40.0,3.0,4.0,False
10002270,2024-06-28 15:28:16,98,France,Fashion,Store,Credit Card,3,21.97,0.0,65.91,24.0,3.0,5.0,False
10001559,2024-06-28 17:02:46,573,United States,Home & Garden,Mobile App,Credit Card,3,154.64,0.0,463.92,55.0,3.0,5.0,False
10002248,2024-06-28 23:35:21,127,United States,Sports,Web,Credit Card,4,28.99,0.05,110.16,31.0,,6.0,False
10002575,2024-06-29 01:04:03,370,United States,Home & Garden,Web,Credit Card,3,36.89,0.1,99.6,40.0,5.0,8.0,False
10004152,2024-06-30 02:49:01,511,United Kingdom,Electronics,Mobile App,Credit Card,2,83.16,0.05,158.0,23.0,3.0,8.0,False
10000545,2024-06-30 08:17:48,37,Brazil,Electronics,Mobile App,Credit Card,2,166.49,0.0,332.98,58.0,5.0,1.0,False
10001338,2024-06-30 12:14:43,9,United States,Home & Garden,Web,PayPal,4,98.76,0.3,276.53,26.0,4.0,4.0,False
10002263,2024-06-30 15:36:42,247,Spain,Beauty,Mobile App,Credit Card,2,46.61,0.0,93.22,18.0,2.0,3.0,False
10004754,2024-06-30 21:06:12,84,Germany,Fashion,Marketplace,PayPal,4,30.99,0.0,123.96,27.0,4.0,5.0,False
10000262,2024-06-30 23:05:59,547,United States,Fashion,Web,PayPal,2,73.51,0.0,147.02,35.0,4.0,5.0,False
10001335,2024-07-01 05:24:54,45,Brazil,Beauty,Marketplace,Credit Card,5,16.11,0.3,56.38,32.0,,4.0,False
10002850,2024-07-01 11:55:11,374,United States,Home & Garden,Mobile App,Bank Transfer,4,70.07,0.1,252.25,35.0,3.0,5.0,True
10000322,2024-07-02 00:39:52,193,United States,Beauty,Web,PayPal,3,44.83,0.3,94.14,25.0,2.0,4.0,False
10004120,2024-07-02 05:10:36,211,Spain,Beauty,Mobile App,Credit Card,2,21.6,0.1,38.88,18.0,5.0,7.0,False
10004676,2024-07-02 17:31:46,439,Brazil,Sports,Web,Credit Card,1,146.15,0.0,146.15,24.0,4.0,7.0,False
10001947,2024-07-03 02:15:31,408,India,Toys,Web,Credit Card,3,23.51,0.0,70.53,64.0,5.0,4.0,False
10001658,2024-07-03 08:49:04,331,Canada,Fashion,Store,Credit Card,4,53.57,0.2,171.42,44.0,5.0,3.0,False
10002918,2024-07-03 11:32:01,440,Spain,Fashion,Web,Gift Card,1,42.69,0.2,34.15,27.0,4.0,3.0,False
10004263,2024-07-04 02:57:49,61,United States,Fashion,Web,Credit Card,2,91.47,0.0,182.94,54.0,,5.0,False
10004472,2024-07-04 03:24:33,361,Italy,Fashion,Marketplace,PayPal,2,91.84,0.3,128.58,,4.0,8.0,False
10004004,2024-07-04 04:06:42,64,Germany,Toys,Marketplace,Credit Card,4,25.18,0.0,100.72,31.0,4.0,4.0,False
10004909,2024-07-04 15:30:08,431,Italy,Electronics,Mobile App,Credit Card,3,125.25,0.0,375.75,39.0,4.0,4.0,False
10000880,2024-07-04 19:56:09,432,France,Electronics,Web,PayPal,3,184.62,0.1,498.47,36.0,3.0,6.0,False
10000226,2024-07-04 20:10:38,141,United States,Beauty,Mobile App,PayPal,2,35.47,0.0,70.94,18.0,5.0,8.0,False
10004250,2024-07-04 22:39:20,267,United States,Fashion,Web,Credit Card,3,41.46,0.0,124.38,31.0,3.0,3.0,False
10000659,2024-07-05 12:23:10,333,Brazil,Home & Garden,Web,Credit Card,2,78.57,0.1,141.43,41.0,3.0,4.0,False
10000658,2024-07-05 13:17:06,420,Brazil,Toys,Marketplace,Credit Card,2,23.12,0.05,43.93,34.0,4.0,10.0,False
10002698,2024-07-05 18:14:02,401,France,Toys,Web,Gift Card,3,28.06,0.0,84.18,55.0,4.0,7.0,False
10004707,2024-07-05 19:46:05,460,United Kingdom,Electronics,Web,Credit Card,2,143.12,0.0,286.24,32.0,,5.0,False
10002581,2024-07-05 22:17:24,343,United States,Home & Garden,Mobile App,Credit Card,2,99.23,0.05,188.54,21.0,4.0,3.0,False
10000077,2024-07-06 06:32:50,344,Germany,Home & Garden,Marketplace,PayPal,3,62.06,0.0,186.18,53.0,5.0,10.0,False
10001170,2024-07-06 06:36:11,353,Spain,Fashion,Web,Bank Transfer,2,24.38,0.0,48.76,,5.0,7.0,False
10002535,2024-07-06 17:47:45,348,United States,Electronics,Marketplace,Credit Card,4,192.6,0.2,616.32,56.0,5.0,6.0,False
10004285,2024-07-07 09:16:33,589,Brazil,Fashion,Web,PayPal,1,32.9,0.0,32.9,40.0,4.0,8.0,False
10000222,2024-07-07 14:33:21,60,India,Electronics,Web,PayPal,5,158.99,0.3,556.46,58.0,,3.0,False
10000253,2024-07-07 16:44:45,595,Japan,Electronics,Web,PayPal,3,201.0,0.0,603.0,46.0,4.0,4.0,False
10003526,2024-07-07 20:44:41,594,Brazil,Electronics,Web,PayPal,1,310.03,0.05,294.53,27.0,3.0,3.0,False
10002670,2024-07-08 01:43:50,44,United States,Fashion,Mobile App,Credit Card,1,29.97,0.0,29.97,19.0,5.0,5.0,False
10001383,2024-07-08 01:48:59,606,Italy,Electronics,Marketplace,Credit Card,3,285.85,0.0,857.55,54.0,5.0,9.0,False
10003717,2024-07-08 01:52:20,472,United States,Beauty,Marketplace,Credit Card,1,61.9,0.0,61.9,45.0,4.0,3.0,False
10002678,2024-07-08 02:06:19,292,United States,Home & Garden,Mobile App,PayPal,2,80.85,0.1,145.53,42.0,5.0,6.0,False
10000788,2024-07-08 04:16:14,518,United Kingdom,Beauty,Marketplace,PayPal,3,29.16,0.05,83.11,18.0,3.0,5.0,False
10001297,2024-07-08 10:07:06,396,India,Fashion,Web,Gift Card,3,48.53,0.2,116.47,35.0,4.0,5.0,False
10003318,2024-07-08 13:44:47,123,Canada,Beauty,Mobile App,Credit Card,1,39.48,0.0,39.48,64.0,4.0,7.0,False
10001579,2024-07-08 15:02:58,407,United States,Sports,Mobile App,Credit Card,3,56.52,0.0,169.56,51.0,4.0,3.0,False
10004453,2024-07-08 16:26:52,621,United States,Electronics,Web,Gift Card,2,449.74,0.0,899.48,72.0,4.0,5.0,False
10002748,2024-07-08 18:08:35,76,United States,Fashion,Mobile App,Credit Card,2,41.06,0.0,82.12,36.0,5.0,4.0,False
10002111,2024-07-09 00:26:06,196,United States,Sports,Mobile App,Credit Card,3,29.71,0.0,89.13,20.0,4.0,5.0,False
10004099,2024-07-09 00:58:16,347,Brazil,Electronics,Marketplace,Bank Transfer,1,505.53,0.1,454.98,32.0,4.0,3.0,False
10003101,2024-07-09 01:47:55,341,France,Home & Garden,Web,Bank Transfer,3,67.74,0.2,162.58,37.0,4.0,5.0,False
10004618,2024-07-09 02:21:25,14,Germany,Beauty,Web,Bank Transfer,3,57.34,0.0,172.02,35.0,5.0,4.0,False
10003718,2024-07-09 08:48:39,35,United States,Fashion,Web,PayPal,4,106.17,0.0,424.68,41.0,5.0,6.0,False
10001015,2024-07-09 18:34:16,418,Italy,Fashion,Web,PayPal,2,45.37,0.2,72.59,44.0,4.0,5.0,False
10000548,2024-07-10 00:28:59,108,India,Toys,Web,Credit Card,1,28.57,0.0,28.57,33.0,5.0,6.0,False
10003918,2024-07-10 11:33:05,263,Spain,Home & Garden,Store,Bank Transfer,4,91.93,0.0,367.72,37.0,5.0,7.0,False
10000815,2024-07-10 20:17:20,530,United States,Fashion,Mobile App,Credit Card,5,55.8,0.2,223.2,18.0,3.0,8.0,False
10000097,2024-07-11 01:55:10,513,Japan,Electronics,Web,PayPal,1,548.17,0.0,548.17,33.0,5.0,5.0,False
10002926,2024-07-11 05:15:11,236,Germany,Electronics,Web,Credit Card,3,347.08,0.1,937.12,33.0,4.0,4.0,False
10000158,2024-07-11 13:40:27,119,France,Electronics,Store,Credit Card,3,170.88,0.05,487.01,,5.0,4.0,False
10000218,2024-07-11 14:59:42,484,Italy,Home & Garden,Store,Credit Card,2,72.73,0.0,145.46,33.0,4.0,7.0,False
10004035,2024-07-11 17:18:36,163,Italy,Toys,Store,Bank Transfer,3,46.47,0.0,139.41,41.0,4.0,4.0,False
10000984,2024-07-11 17:45:02,423,United Kingdom,Fashion,Mobile App,Credit Card,2,109.29,0.1,196.72,35.0,4.0,4.0,False
10000653,2024-07-12 01:12:54,127,United States,Electronics,Web,Credit Card,2,316.01,0.0,632.02,32.0,3.0,2.0,False
10001241,2024-07-12 03:39:21,581,United Kingdom,Sports,Web,Credit Card,1,64.44,0.05,61.22,34.0,,8.0,False
10004270,2024-07-12 08:30:53,95,United States,Home & Garden,Mobile App,PayPal,3,97.78,0.2,234.67,18.0,4.0,7.0,False
10001943,2024-07-12 10:00:48,60,France,Sports,Mobile App,Credit Card,2,112.32,0.0,224.64,39.0,5.0,3.0,False
10002957,2024-07-12 10:02:14,559,United States,Fashion,Marketplace,Credit Card,4,123.45,0.0,493.8,64.0,4.0,5.0,False
10000396,2024-07-12 22:32:55,587,Canada,Home & Garden,Store,Bank Transfer,2,76.52,0.05,145.39,47.0,,4.0,False
10000703,2024-07-13 00:13:53,516,Japan,Electronics,Web,PayPal,1,360.59,0.0,360.59,46.0,4.0,8.0,False
10001098,2024-07-13 00:32:14,81,Spain,Electronics,Store,Credit Card,3,339.32,0.1,916.16,38.0,4.0,52.0,False
10003420,2024-07-13 01:31:41,237,Italy,Fashion,Web,Credit Card,3,88.76,0.0,266.28,25.0,4.0,6.0,True
10003922,2024-07-13 09:08:56,418,United Kingdom,Fashion,Mobile App,Credit Card,1,90.41,0.0,90.41,34.0,3.0,3.0,False
10002440,2024-07-13 21:55:48,379,India,Home & Garden,Web,Credit Card,1,119.34,0.05,113.37,29.0,4.0,3.0,False
10002696,2024-07-14 00:13:05,24,Spain,Fashion,Store,Credit Card,4,99.89,0.1,359.6,35.0,3.0,6.0,False
10002187,2024-07-14 17:30:09,558,Germany,Sports,Web,Credit Card,2,107.73,0.1,193.91,38.0,3.0,6.0,False
10003994,2024-07-15 00:58:19,610,United States,Electronics,Web,Credit Card,3,200.76,0.2,481.82,39.0,4.0,3.0,False
10003675,2024-07-15 04:03:06,401,Brazil,Fashion,Mobile App,Bank Transfer,4,85.17,0.05,323.65,31.0,3.0,3.0,False
10001691,2024-07-16 22:43:29,124,Germany,Electronics,Mobile App,Credit Card,2,331.35,0.05,629.57,36.0,4.0,5.0,True
10003143,2024-07-17 02:48:38,537,United States,Fashion,Mobile App,Bank Transfer,1,96.78,0.3,67.75,60.0,,5.0,False
10003296,2024-07-17 03:03:44,236,United States,Sports,Web,PayPal,1,89.12,0.0,89.12,41.0,4.0,8.0,False
10001508,2024-07-17 07:15:48,295,Japan,Beauty,Mobile App,Bank Transfer,2,35.77,0.0,71.54,26.0,4.0,5.0,False
10001798,2024-07-18 05:52:02,297,India,Home & Garden,Web,Credit Card,3,41.43,0.0,124.29,40.0,5.0,3.0,False
10003896,2024-07-18 05:56:11,230,Italy,Beauty,Web,Credit Card,3,29.93,0.2,71.83,36.0,4.0,5.0,False
10001719,2024-07-18 08:46:16,400,United States,Fashion,Mobile App,Credit Card,2,59.86,0.1,107.75,56.0,3.0,3.0,False
10003276,2024-07-18 09:35:33,452,United Kingdom,Fashion,Web,Bank Transfer,3,76.31,0.0,228.93,40.0,4.0,8.0,False
10003111,2024-07-18 15:02:38,220,Canada,Toys,Web,Credit Card,2,17.25,0.0,34.5,47.0,4.0,5.0,False
10001927,2024-07-18 15:09:14,108,United States,Home & Garden,Mobile App,PayPal,2,64.99,0.3,90.99,,4.0,9.0,False
10000773,2024-07-18 15:13:56,254,United States,Electronics,Store,PayPal,1,228.85,0.05,217.41,39.0,4.0,1.0,False
10003403,2024-07-18 20:06:59,364,Spain,Electronics,Marketplace,Credit Card,2,349.22,0.05,663.52,33.0,4.0,4.0,False
10001993,2024-07-18 21:33:19,326,United States,Fashion,Web,Credit Card,4,75.48,0.0,301.92,48.0,4.0,3.0,False
10003509,2024-07-18 23:22:07,545,Germany,Beauty,Marketplace,Credit Card,4,26.88,0.1,96.77,18.0,1.0,5.0,False
10001610,2024-07-19 06:50:39,589,Canada,Home & Garden,Web,Bank Transfer,3,44.7,0.3,93.87,38.0,,3.0,False
10001513,2024-07-19 08:48:17,248,Japan,Electronics,Web,Gift Card,2,222.44,0.0,444.88,30.0,3.0,5.0,False
10000263,2024-07-20 03:25:06,540,Italy,Home & Garden,Store,Credit Card,4,30.04,0.0,120.16,27.0,4.0,8.0,False
10000600,2024-07-20 06:55:50,379,Canada,Sports,Mobile App,Gift Card,4,81.46,0.1,293.26,36.0,4.0,6.0,False
10001775,2024-07-20 07:44:03,499,United States,Electronics,Web,Credit Card,2,256.83,0.3,359.56,43.0,4.0,2.0,False
10002665,2024-07-20 11:38:15,411,Germany,Electronics,Mobile App,PayPal,1,198.55,0.0,198.55,48.0,4.0,10.0,False
10001329,2024-07-20 17:26:13,99,United States,Fashion,Mobile App,Bank Transfer,5,58.32,0.0,291.6,38.0,3.0,4.0,False
10001765,2024-07-20 20:22:13,310,Canada,Fashion,Web,Credit Card,2,59.69,0.0,119.38,41.0,5.0,7.0,False
10003925,2024-07-21 03:16:46,207,Brazil,Home & Garden,Web,Credit Card,3,54.24,0.0,162.72,27.0,5.0,7.0,False
10001199,2024-07-21 04:16:49,377,Germany,Home & Garden,Mobile App,Gift Card,1,51.57,0.05,48.99,40.0,5.0,5.0,False
10000793,2024-07-21 06:11:42,603,United Kingdom,Fashion,Mobile App,Credit Card,2,98.86,0.2,158.18,18.0,4.0,3.0,False
10001371,2024-07-21 13:25:03,616,United States,Home & Garden,Web,PayPal,4,52.19,0.0,208.76,64.0,4.0,4.0,False
10001531,2024-07-21 16:42:57,606,United States,Beauty,Web,Credit Card,2,15.05,0.05,28.6,31.0,4.0,7.0,False
10003906,2024-07-22 04:37:46,212,United States,Toys,Mobile App,Gift Card,2,37.45,0.0,74.9,24.0,3.0,6.0,False
10002543,2024-07-22 16:00:45,385,Germany,Beauty,Web,PayPal,1,55.64,0.1,50.08,44.0,4.0,5.0,False
10003617,2024-07-22 22:35:19,92,Germany,Fashion,Web,Credit Card,1,55.15,0.05,52.39,33.0,5.0,5.0,False
10002049,2024-07-23 07:52:15,439,United States,Beauty,Mobile App,PayPal,3,29.89,0.05,85.19,47.0,4.0,1.0,False
10001294,2024-07-23 08:10:37,393,United States,Electronics,Web,PayPal,3,380.86,0.05,1085.45,33.0,3.0,6.0,False
10003362,2024-07-23 11:33:58,35,United States,Fashion,Mobile App,Credit Card,2,61.39,0.0,122.78,58.0,,5.0,False
10003242,2024-07-23 15:51:17,280,Spain,Home & Garden,Web,Credit Card,4,55.94,0.05,212.57,50.0,4.0,2.0,False
10004862,2024-07-23 17:00:36,619,Germany,Electronics,Mobile App,Credit Card,1,338.12,0.05,321.21,42.0,4.0,5.0,False
10004372,2024-07-23 20:09:36,196,Italy,Fashion,Web,Gift Card,3,117.51,0.0,352.53,36.0,4.0,4.0,False
10000060,2024-07-23 20:40:45,183,Brazil,Sports,Web,Bank Transfer,1,140.91,0.0,140.91,47.0,4.0,6.0,False
10001804,2024-07-24 02:13:42,143,Spain,Home & Garden,Store,Gift Card,3,99.62,0.3,209.2,34.0,3.0,5.0,False
10001708,2024-07-24 08:30:16,589,Germany,Home & Garden,Mobile App,Gift Card,3,156.59,0.05,446.28,40.0,5.0,1.0,False
10003336,2024-07-24 15:33:23,368,Italy,Electronics,Web,PayPal,3,261.23,0.0,783.69,38.0,4.0,8.0,False
10003383,2024-07-24 19:46:09,245,Brazil,Fashion,Mobile App,PayPal,2,43.42,0.0,86.84,43.0,2.0,4.0,True
10002623,2024-07-24 21:13:52,288,Canada,Home & Garden,Marketplace,Credit Card,2,49.03,0.05,93.16,36.0,5.0,5.0,False
10004066,2024-07-24 22:41:26,582,Spain,Electronics,Mobile App,Gift Card,3,263.84,0.3,554.06,22.0,,7.0,False
10000685,2024-07-25 10:19:16,9,France,Sports,Mobile App,Credit Card,1,51.41,0.0,51.41,36.0,3.0,3.0,False
10000871,2024-07-25 15:02:50,570,Brazil,Beauty,Mobile App,Credit Card,4,46.98,0.0,187.92,39.0,5.0,5.0,False
10002429,2024-07-25 16:01:05,191,United Kingdom,Fashion,Mobile App,Credit Card,1,24.1,0.3,16.87,39.0,5.0,4.0,True
10001126,2024-07-25 17:59:09,514,Italy,Electronics,Mobile App,Credit Card,3,218.5,0.0,655.5,51.0,5.0,5.0,False
10002488,2024-07-25 18:37:59,512,Canada,Fashion,Marketplace,PayPal,5,31.9,0.05,151.52,31.0,2.0,4.0,False
10001821,2024-07-25 20:10:07,108,United States,Beauty,Mobile App,Credit Card,2,40.65,0.1,73.17,55.0,4.0,6.0,False
10004543,2024-07-25 21:24:38,121,Brazil,Home & Garden,Mobile App,Credit Card,6,164.79,0.0,988.74,39.0,5.0,5.0,False
10003236,2024-07-25 23:14:40,321,Brazil,Home & Garden,Web,Credit Card,3,54.53,0.05,155.41,27.0,3.0,6.0,False
10000457,2024-07-25 23:45:06,282,Brazil,Electronics,Marketplace,Bank Transfer,2,269.94,0.0,539.88,41.0,5.0,5.0,False
10000748,2024-07-25 23:59:21,282,United Kingdom,Electronics,Mobile App,Credit Card,1,209.43,0.1,188.49,36.0,4.0,8.0,False
10004937,2024-07-26 01:41:45,19,France,Beauty,Mobile App,Bank Transfer,1,34.61,0.1,31.15,42.0,4.0,5.0,False
10000023,2024-07-26 08:15:56,106,India,Toys,Marketplace,Credit Card,2,29.88,0.3,41.83,43.0,4.0,5.0,False
10001340,2024-07-26 08:49:30,595,India,Electronics,Store,Credit Card,3,277.24,0.0,831.72,33.0,3.0,4.0,False
10003807,2024-07-26 10:55:08,88,Germany,Home & Garden,Marketplace,Credit Card,3,40.54,0.0,121.62,34.0,,3.0,False
10003252,2024-07-26 14:07:20,617,India,Beauty,Web,Credit Card,5,25.9,0.2,103.6,56.0,3.0,4.0,False
10001110,2024-07-27 10:30:27,362,United States,Beauty,Store,Credit Card,2,38.43,0.0,76.86,65.0,4.0,9.0,False
10000056,2024-07-27 14:10:04,262,Italy,Toys,Mobile App,Credit Card,2,22.5,0.05,42.75,45.0,4.0,5.0,False
10000080,2024-07-27 18:14:05,530,United States,Toys,Mobile App,Credit Card,3,26.2,0.0,78.6,30.0,5.0,3.0,False
10000998,2024-07-27 19:25:02,171,United States,Fashion,Mobile App,Credit Card,1,52.48,0.0,52.48,35.0,2.0,6.0,False
10002166,2024-07-27 19:31:36,353,United Kingdom,Sports,Store,PayPal,3,81.48,0.2,195.55,75.0,2.0,2.0,False
10000299,2024-07-27 22:48:48,472,France,Sports,Store,Credit Card,1,99.43,0.1,89.49,49.0,4.0,5.0,False
10000519,2024-07-28 01:23:57,112,France,Electronics,Web,PayPal,3,103.07,0.05,293.75,60.0,,7.0,False
10004104,2024-07-28 10:33:21,185,United States,Sports,Mobile App,Credit Card,3,137.58,0.0,412.74,35.0,4.0,4.0,False
10000626,2024-07-28 17:52:08,350,Brazil,Home & Garden,Web,Credit Card,3,88.27,0.0,264.81,38.0,4.0,4.0,False
10000996,2024-07-28 21:36:26,344,Japan,Fashion,Web,Credit Card,5,74.85,0.0,374.25,52.0,4.0,6.0,False
10000879,2024-07-29 08:43:33,174,Germany,Toys,Web,Gift Card,4,22.79,0.0,91.16,,5.0,5.0,False
10004955,2024-07-29 10:19:22,404,United States,Fashion,Web,Credit Card,1,44.14,0.0,44.14,36.0,3.0,4.0,False
10001807,2024-07-29 14:57:55,288,Canada,Electronics,Web,PayPal,2,410.58,0.2,656.93,50.0,4.0,7.0,False
10004269,2024-07-29 21:23:43,252,Spain,Home & Garden,Web,PayPal,3,71.35,0.0,214.05,18.0,4.0,8.0,False
10003943,2024-07-29 22:13:08,38,United States,Electronics,Mobile App,Credit Card,3,187.52,0.0,562.56,,3.0,3.0,False
10000908,2024-07-30 02:05:39,471,France,Home & Garden,Store,Credit Card,2,120.27,0.3,168.38,44.0,3.0,5.0,False
10003824,2024-07-30 06:57:11,258,Brazil,Electronics,Mobile App,PayPal,2,149.58,0.1,269.24,32.0,4.0,3.0,False
10003434,2024-07-30 11:25:50,565,Germany,Toys,Web,PayPal,2,39.49,0.2,63.18,40.0,5.0,8.0,False
10000426,2024-07-30 16:45:49,151,United States,Fashion,Web,Credit Card,4,77.56,0.0,310.24,28.0,5.0,3.0,False
10004645,2024-07-31 00:07:00,155,United States,Electronics,Store,PayPal,2,289.92,0.0,579.84,23.0,4.0,3.0,False
10000039,2024-07-31 02:50:48,128,United States,Electronics,Web,Credit Card,2,170.83,0.0,341.66,42.0,4.0,5.0,False
10001842,2024-07-31 03:40:39,151,India,Electronics,Web,Credit Card,2,267.28,0.05,507.83,51.0,,3.0,False
10001373,2024-07-31 07:38:20,600,United States,Beauty,Web,PayPal,1,31.06,0.0,31.06,42.0,4.0,9.0,False
10001128,2024-07-31 10:19:09,210,Brazil,Electronics,Store,Gift Card,2,374.38,0.05,711.32,18.0,5.0,3.0,False
10004319,2024-07-31 10:23:39,414,Japan,Electronics,Marketplace,Credit Card,4,247.05,0.2,790.56,63.0,5.0,6.0,False
10004143,2024-07-31 10:32:34,126,India,Sports,Marketplace,Credit Card,2,210.22,0.0,420.44,33.0,3.0,2.0,False
10000284,2024-07-31 12:02:28,353,Canada,Fashion,Mobile App,PayPal,2,87.75,0.0,175.5,37.0,5.0,3.0,False
10001991,2024-07-31 22:32:00,291,United States,Fashion,Mobile App,Credit Card,2,56.96,0.0,113.92,41.0,4.0,5.0,False
10004417,2024-08-01 04:37:14,275,United States,Beauty,Mobile App,Gift Card,1,25.61,0.0,25.61,35.0,3.0,6.0,False
10000690,2024-08-01 08:22:22,143,United States,Electronics,Mobile App,Credit Card,3,112.13,0.0,336.39,18.0,4.0,3.0,False
10001295,2024-08-01 09:23:14,567,United States,Fashion,Mobile App,Credit Card,4,26.08,0.1,93.89,35.0,3.0,6.0,False
10001502,2024-08-01 10:35:44,34,United States,Electronics,Web,Credit Card,3,715.71,0.0,2147.13,29.0,2.0,3.0,True
10001502,2024-08-01 10:35:44,34,United States,Electronics,Web,Credit Card,3,715.71,0.0,2147.13,29.0,2.0,3.0,True
10001349,2024-08-01 13:01:55,577,United States,Sports,Marketplace,Credit Card,3,66.0,0.0,198.0,41.0,5.0,6.0,False
10004055,2024-08-01 17:21:31,315,Germany,Electronics,Marketplace,Credit Card,4,298.71,0.3,836.39,45.0,3.0,3.0,False
10003911,2024-08-01 20:52:40,475,Japan,Home & Garden,Marketplace,Gift Card,3,37.82,0.3,79.42,24.0,,2.0,False
10003159,2024-08-02 01:14:12,12,India,Toys,Web,Credit Card,3,34.67,0.0,104.01,33.0,3.0,8.0,False
10001847,2024-08-02 10:59:41,524,United Kingdom,Home & Garden,Marketplace,PayPal,2,54.32,0.2,86.91,26.0,2.0,3.0,False
10004829,2024-08-02 15:46:27,388,United States,Fashion,Store,PayPal,5,130.42,0.0,652.1,35.0,4.0,4.0,False
10003703,2024-08-02 17:36:56,535,Spain,Fashion,Web,Credit Card,3,51.31,0.0,153.93,49.0,4.0,4.0,False
10001299,2024-08-02 21:18:15,358,Canada,Electronics,Marketplace,Credit Card,2,85.47,0.0,170.94,44.0,3.0,4.0,False
10003022,2024-08-03 02:05:51,137,Italy,Toys,Web,PayPal,3,39.42,0.3,82.78,36.0,5.0,7.0,False
10003022,2024-08-03 02:05:51,137,Italy,Toys,Web,PayPal,3,39.42,0.3,82.78,36.0,5.0,7.0,False
10000341,2024-08-03 08:02:18,478,United States,Toys,Marketplace,Bank Transfer,3,53.84,0.0,161.52,,4.0,5.0,False
10004349,2024-08-03 12:54:59,550,Brazil,Electronics,Marketplace,Credit Card,2,109.06,0.0,218.12,34.0,3.0,4.0,False
10002072,2024-08-03 14:26:49,263,France,Fashion,Marketplace,Credit Card,3,56.62,0.05,161.37,36.0,4.0,6.0,False
10003011,2024-08-03 14:40:45,331,Brazil,Electronics,Web,PayPal,4,324.01,0.0,1296.04,18.0,5.0,5.0,False
10002343,2024-08-03 17:56:17,370,France,Beauty,Mobile App,Bank Transfer,2,23.58,0.1,42.44,39.0,4.0,3.0,False
10003864,2024-08-03 23:22:07,377,United States,Fashion,Mobile App,Credit Card,2,89.54,0.05,170.13,45.0,4.0,2.0,False
10004127,2024-08-04 07:40:05,272,Japan,Electronics,Web,PayPal,3,234.99,0.0,704.97,58.0,4.0,3.0,False
10000444,2024-08-04 11:30:55,470,France,Electronics,Mobile App,PayPal,2,173.23,0.05,329.14,48.0,4.0,7.0,False
10003861,2024-08-04 14:40:54,458,Canada,Beauty,Web,Credit Card,3,44.07,0.0,132.21,48.0,3.0,6.0,False
10000933,2024-08-04 17:07:47,615,India,Electronics,Web,Gift Card,1,179.01,0.0,179.01,41.0,3.0,4.0,False
10003295,2024-08-04 17:25:03,296,Brazil,Home & Garden,Marketplace,PayPal,2,101.2,0.1,182.16,36.0,5.0,5.0,False
10004248,2024-08-05 00:59:11,480,India,Fashion,Mobile App,Credit Card,3,78.63,0.0,235.89,42.0,5.0,4.0,False
10004205,2024-08-05 08:12:52,346,United States,Electronics,Marketplace,Credit Card,1,178.73,0.05,169.79,44.0,4.0,6.0,False
10004158,2024-08-05 08:43:41,325,Canada,Fashion,Web,Bank Transfer,2,87.55,0.0,175.1,49.0,5.0,5.0,False
10002875,2024-08-05 11:51:55,384,Germany,Fashion,Web,Credit Card,2,73.84,0.0,147.68,30.0,5.0,6.0,False
10002099,2024-08-05 13:19:05,507,Canada,Home & Garden,Marketplace,Credit Card,5,88.11,0.2,352.44,43.0,3.0,1.0,False
10001188,2024-08-05 18:09:01,217,France,Electronics,Web,PayPal,2,245.88,0.0,491.76,36.0,4.0,4.0,False
10002068,2024-08-05 23:22:11,114,Spain,Fashion,Web,Credit Card,3,22.33,0.2,53.59,39.0,4.0,7.0,False
10004513,2024-08-06 00:54:05,222,Italy,Toys,Marketplace,Credit Card,3,13.84,0.1,37.37,19.0,4.0,6.0,False
10001712,2024-08-06 14:35:49,616,Japan,Sports,Mobile App,PayPal,3,77.47,0.1,209.17,24.0,4.0,3.0,False
10003671,2024-08-06 21:43:41,74,France,Home & Garden,Web,Credit Card,3,85.39,0.0,256.17,29.0,3.0,4.0,False
10004985,2024-08-07 00:33:30,209,United Kingdom,Electronics,Web,Credit Card,2,331.64,0.0,663.28,55.0,,4.0,False
10002197,2024-08-07 01:02:51,613,Brazil,Beauty,Mobile App,PayPal,6,39.24,0.0,235.44,31.0,5.0,6.0,False
10003511,2024-08-07 03:27:21,75,United States,Electronics,Store,Credit Card,1,201.32,0.0,201.32,48.0,5.0,2.0,True
10003470,2024-08-07 04:46:50,347,United Kingdom,Fashion,Mobile App,Credit Card,1,52.72,0.0,52.72,30.0,5.0,4.0,False
10001436,2024-08-07 06:21:56,480,United States,Home & Garden,Web,Credit Card,3,101.05,0.0,303.15,38.0,3.0,6.0,False
10001494,2024-08-07 16:50:24,279,United States,Electronics,Web,PayPal,5,305.54,0.1,1374.93,49.0,2.0,4.0,False
10000921,2024-08-07 16:51:55,103,United States,Home & Garden,Web,Credit Card,1,57.6,0.1,51.84,18.0,4.0,5.0,False
10000688,2024-08-07 17:41:39,319,United States,Sports,Web,Credit Card,2,81.82,0.0,163.64,18.0,,6.0,False
10002450,2024-08-07 18:58:37,282,Canada,Home & Garden,Mobile App,Credit Card,3,62.72,0.0,188.16,42.0,4.0,7.0,False
10002007,2024-08-08 16:39:37,489,United States,Fashion,Web,Credit Card,3,55.29,0.05,157.58,56.0,5.0,4.0,False
10003433,2024-08-08 17:32:16,297,France,Electronics,Web,Credit Card,3,317.84,0.2,762.82,39.0,,3.0,False
10003534,2024-08-08 20:08:36,60,Italy,Fashion,Mobile App,Bank Transfer,3,84.03,0.0,252.09,18.0,3.0,1.0,False
10001934,2024-08-09 02:44:31,473,Spain,Home & Garden,Web,PayPal,3,95.32,0.0,285.96,37.0,5.0,7.0,False
10002886,2024-08-09 04:03:22,59,United States,Home & Garden,Mobile App,Credit Card,1,70.02,0.1,63.02,28.0,4.0,9.0,False
10002496,2024-08-09 05:47:53,398,United States,Electronics,Web,Credit Card,4,143.94,0.05,546.97,45.0,4.0,4.0,False
10002158,2024-08-09 13:51:12,351,United States,Fashion,Web,Gift Card,1,56.66,0.0,56.66,29.0,2.0,3.0,True
10004428,2024-08-09 15:18:55,558,United States,Electronics,Web,Credit Card,3,197.6,0.0,592.8,57.0,2.0,6.0,True
10003707,2024-08-09 19:43:14,50,United States,Electronics,Mobile App,Credit Card,1,223.6,0.1,201.24,39.0,4.0,4.0,False
10001444,2024-08-09 20:46:47,71,France,Toys,Web,Credit Card,3,23.18,0.05,66.06,45.0,5.0,7.0,False
10003842,2024-08-10 04:59:06,178,Canada,Home & Garden,Mobile App,Credit Card,2,53.15,0.0,106.3,29.0,5.0,5.0,False
10003413,2024-08-10 11:35:46,212,United Kingdom,Home & Garden,Mobile App,PayPal,3,223.84,0.05,637.94,45.0,4.0,6.0,False
10004910,2024-08-10 20:52:49,209,India,Electronics,Web,Credit Card,4,273.44,0.0,1093.76,64.0,4.0,4.0,False
10000486,2024-08-11 02:37:26,347,Germany,Toys,Marketplace,Credit Card,7,31.36,0.0,219.52,31.0,5.0,6.0,False
10003246,2024-08-11 04:39:19,552,United Kingdom,Fashion,Web,Credit Card,5,52.8,0.0,264.0,64.0,2.0,8.0,False
10002331,2024-08-11 15:53:31,274,United States,Electronics,Web,Bank Transfer,7,244.51,0.0,1711.57,27.0,3.0,5.0,False
10000661,2024-08-11 19:25:00,519,Japan,Toys,Mobile App,Credit Card,2,20.29,0.2,32.46,18.0,5.0,2.0,False
10002137,2024-08-11 22:38:18,99,Canada,Fashion,Web,PayPal,2,71.91,0.05,136.63,31.0,5.0,3.0,False
10002813,2024-08-12 00:15:33,336,Germany,Fashion,Mobile App,Gift Card,5,42.89,0.0,214.45,18.0,4.0,3.0,False
10004551,2024-08-12 01:20:25,503,United States,Sports,Store,Bank Transfer,2,38.76,0.1,69.77,25.0,3.0,4.0,False
10001063,2024-08-12 12:01:08,133,Germany,Electronics,Mobile App,Credit Card,1,168.57,0.0,168.57,23.0,5.0,7.0,False
10004826,2024-08-12 19:58:44,274,Brazil,Electronics,Store,PayPal,3,197.41,0.0,592.23,28.0,5.0,2.0,False
10001816,2024-08-12 22:15:54,271,France,Sports,Web,Credit Card,2,84.73,0.3,118.62,18.0,5.0,5.0,False
10003685,2024-08-12 23:35:42,516,United States,Fashion,Web,Credit Card,2,117.12,0.2,187.39,,4.0,4.0,False
10000177,2024-08-13 02:41:10,241,Germany,Home & Garden,Web,Bank Transfer,4,63.27,0.05,240.43,49.0,3.0,5.0,False
10003106,2024-08-13 03:53:34,555,United Kingdom,Electronics,Web,Gift Card,4,239.24,0.05,909.11,55.0,4.0,6.0,False
10002508,2024-08-13 10:40:38,224,Germany,Home & Garden,Web,Credit Card,4,74.19,0.0,296.76,41.0,4.0,6.0,False
10000192,2024-08-13 16:11:14,615,France,Toys,Marketplace,Credit Card,1,30.54,0.05,29.01,42.0,5.0,8.0,False
10000120,2024-08-14 00:24:39,545,France,Beauty,Web,Credit Card,1,15.47,0.05,14.7,30.0,4.0,5.0,False
10002050,2024-08-14 04:21:24,204,Germany,Sports,Marketplace,PayPal,2,64.83,0.0,129.66,45.0,3.0,6.0,False
10003229,2024-08-14 09:34:01,497,United Kingdom,Electronics,Mobile App,Credit Card,1,109.05,0.0,109.05,29.0,3.0,4.0,False
10002407,2024-08-15 00:00:27,174,Germany,Fashion,Web,PayPal,1,47.03,0.05,44.68,43.0,4.0,4.0,False
10001570,2024-08-15 05:50:05,219,Canada,Toys,Web,Credit Card,2,23.17,0.3,32.44,41.0,3.0,3.0,False
10002299,2024-08-15 17:17:18,139,India,Home & Garden,Web,Gift Card,2,75.25,0.1,135.45,36.0,5.0,7.0,False
10001325,2024-08-16 01:20:08,539,United Kingdom,Beauty,Mobile App,PayPal,5,78.21,0.0,391.05,46.0,,6.0,False
10004875,2024-08-16 01:56:28,300,India,Electronics,Web,Credit Card,3,172.98,0.05,492.99,23.0,3.0,7.0,False
10003833,2024-08-16 06:01:09,6,United Kingdom,Fashion,Web,PayPal,3,61.94,0.0,185.82,40.0,4.0,4.0,False
10001733,2024-08-16 07:12:36,605,United Kingdom,Beauty,Store,Gift Card,1,32.38,0.05,30.76,26.0,3.0,7.0,False
10002296,2024-08-16 17:54:45,623,Spain,Fashion,Marketplace,Credit Card,3,22.5,0.1,60.75,27.0,5.0,4.0,True
10000754,2024-08-16 20:02:40,135,Germany,Fashion,Mobile App,Bank Transfer,3,55.04,0.0,165.12,35.0,3.0,6.0,False
10000614,2024-08-16 23:52:18,221,France,Beauty,Mobile App,Credit Card,3,28.32,0.0,84.96,43.0,4.0,4.0,False
10002577,2024-08-17 17:46:57,330,United Kingdom,Beauty,Web,Gift Card,4,46.63,0.05,177.19,45.0,5.0,4.0,False
10003461,2024-08-17 23:41:35,239,India,Fashion,Marketplace,Credit Card,1,51.53,0.2,41.22,53.0,4.0,5.0,False
10004843,2024-08-18 09:59:22,221,Germany,Electronics,Mobile App,Bank Transfer,1,331.94,0.0,331.94,48.0,3.0,2.0,False
10000021,2024-08-18 10:25:21,548,United Kingdom,Fashion,Marketplace,Gift Card,5,33.67,0.0,168.35,61.0,5.0,5.0,False
10004194,2024-08-18 17:34:51,260,United States,Electronics,Web,PayPal,1,422.35,0.0,422.35,46.0,3.0,8.0,True
10002029,2024-08-19 02:29:11,150,India,Beauty,Store,Bank Transfer,3,80.62,0.1,217.67,39.0,4.0,4.0,False
10003422,2024-08-19 12:53:50,352,Italy,Sports,Marketplace,Credit Card,1,92.0,0.0,92.0,,5.0,3.0,False
10000777,2024-08-19 15:24:50,541,Germany,Sports,Store,PayPal,1,101.17,0.05,96.11,51.0,3.0,3.0,False
10001493,2024-08-19 20:44:47,624,Japan,Fashion,Marketplace,PayPal,1,30.64,0.0,30.64,42.0,5.0,4.0,False
10000656,2024-08-19 22:32:17,480,Italy,Beauty,Marketplace,Credit Card,2,13.5,0.05,25.65,23.0,4.0,8.0,False
10002764,2024-08-19 22:58:09,197,United States,Fashion,Mobile App,Credit Card,4,31.06,0.2,99.39,56.0,4.0,4.0,False
10001817,2024-08-20 01:38:13,31,United States,Beauty,Web,Credit Card,5,15.11,0.0,75.55,31.0,,6.0,False
10004296,2024-08-20 06:52:27,170,Spain,Home & Garden,Store,Credit Card,2,108.29,0.0,216.58,40.0,4.0,4.0,False
10002499,2024-08-20 17:17:46,25,Brazil,Electronics,Mobile App,Credit Card,1,93.99,0.2,75.19,37.0,5.0,5.0,False
10003520,2024-08-20 23:41:45,80,France,Beauty,Mobile App,Credit Card,3,74.42,0.3,156.28,40.0,4.0,1.0,False
10000717,2024-08-21 08:30:16,67,Spain,Beauty,Mobile App,Gift Card,1,35.54,0.0,35.54,34.0,2.0,9.0,False
10003133,2024-08-21 08:43:49,272,India,Electronics,Web,Gift Card,4,222.63,0.3,623.36,25.0,3.0,5.0,False
10002932,2024-08-21 09:34:25,43,Canada,Beauty,Store,Credit Card,6,52.18,0.05,297.43,51.0,4.0,4.0,False
10004246,2024-08-21 10:41:15,577,Italy,Sports,Marketplace,Credit Card,1,115.56,0.0,115.56,27.0,4.0,4.0,False
10002714,2024-08-21 14:50:56,267,Germany,Fashion,Mobile App,Credit Card,1,38.26,0.0,38.26,39.0,4.0,2.0,False
10000900,2024-08-21 22:33:23,595,United States,Toys,Marketplace,Credit Card,1,33.12,0.1,29.81,42.0,5.0,9.0,False
10004976,2024-08-22 01:35:55,321,United States,Electronics,Mobile App,Credit Card,1,143.28,0.2,114.62,23.0,4.0,3.0,True
10002609,2024-08-22 01:54:36,301,United States,Home & Garden,Marketplace,Bank Transfer,3,78.93,0.1,213.11,47.0,5.0,7.0,False
10004354,2024-08-22 07:55:48,156,United States,Sports,Web,PayPal,3,56.29,0.0,168.87,47.0,5.0,3.0,False
10001230,2024-08-22 11:49:43,348,Germany,Sports,Web,Bank Transfer,2,55.01,0.0,110.02,36.0,5.0,5.0,True
10000638,2024-08-22 18:48:30,203,Germany,Home & Garden,Web,PayPal,3,87.52,0.05,249.43,41.0,4.0,2.0,False
10000062,2024-08-23 06:39:03,148,Spain,Toys,Web,PayPal,5,41.64,0.0,208.2,30.0,3.0,5.0,False
10003314,2024-08-23 07:48:39,363,United States,Home & Garden,Web,Credit Card,4,136.24,0.0,544.96,34.0,5.0,3.0,False
10003411,2024-08-23 08:52:34,522,France,Home & Garden,Marketplace,Bank Transfer,4,70.34,0.0,281.36,45.0,4.0,4.0,False
10000595,2024-08-23 09:14:31,158,United Kingdom,Fashion,Web,Credit Card,3,39.37,0.0,118.11,46.0,5.0,10.0,False
10004126,2024-08-23 12:25:37,548,Spain,Sports,Store,PayPal,3,30.18,0.0,90.54,30.0,3.0,4.0,False
10001153,2024-08-23 14:21:01,591,United States,Electronics,Mobile App,PayPal,1,289.28,0.0,289.28,66.0,4.0,7.0,True
10001578,2024-08-23 16:08:17,546,United States,Home & Garden,Web,Credit Card,3,193.26,0.1,521.8,61.0,,5.0,False
10003387,2024-08-24 02:51:44,464,France,Beauty,Marketplace,Gift Card,2,37.72,0.2,60.35,35.0,3.0,5.0,False
10001028,2024-08-24 04:29:53,246,United States,Beauty,Mobile App,Credit Card,3,65.14,0.0,195.42,40.0,3.0,7.0,False
10000059,2024-08-24 05:30:26,598,Germany,Home & Garden,Mobile App,PayPal,1,79.93,0.3,55.95,45.0,5.0,6.0,False
10003072,2024-08-24 07:29:17,139,United States,Fashion,Web,PayPal,2,52.68,0.2,84.29,31.0,,5.0,False
10003564,2024-08-24 09:52:22,33,India,Electronics,Store,Bank Transfer,1,179.35,0.0,179.35,38.0,4.0,5.0,False
10004516,2024-08-24 12:02:55,552,United States,Electronics,Web,Credit Card,2,162.07,0.1,291.73,33.0,4.0,8.0,False
10002759,2024-08-24 17:22:11,42,Germany,Electronics,Web,Credit Card,2,112.69,0.0,225.38,64.0,3.0,10.0,False
10003862,2024-08-24 20:34:57,478,France,Fashion,Web,Credit Card,4,84.91,0.0,339.64,36.0,5.0,7.0,True
10001237,2024-08-26 11:11:18,396,United States,Electronics,Store,PayPal,3,213.2,0.1,575.64,43.0,4.0,6.0,False
10001888,2024-08-26 17:13:47,397,United States,Fashion,Mobile App,Bank Transfer,5,24.33,0.05,115.57,19.0,5.0,6.0,False
10001723,2024-08-26 18:54:54,542,Brazil,Fashion,Store,Credit Card,1,184.35,0.3,129.04,37.0,4.0,8.0,False
10001163,2024-08-27 01:32:06,115,United States,Electronics,Web,Credit Card,5,221.61,0.0,1108.05,,5.0,4.0,False
10002135,2024-08-27 03:38:02,268,Spain,Fashion,Web,Credit Card,2,73.86,0.05,140.33,55.0,3.0,4.0,False
10000951,2024-08-27 06:03:55,262,Germany,Beauty,Web,Bank Transfer,2,59.82,0.0,119.64,40.0,3.0,3.0,False
10003967,2024-08-27 18:04:58,214,Spain,Home & Garden,Store,Credit Card,4,134.73,0.0,538.92,50.0,5.0,5.0,False
10001756,2024-08-27 22:47:08,278,India,Fashion,Marketplace,Bank Transfer,1,33.33,0.05,31.66,31.0,4.0,8.0,False
10002709,2024-08-28 05:20:31,154,United States,Home & Garden,Web,Credit Card,2,81.86,0.0,163.72,18.0,4.0,4.0,False
10000156,2024-08-28 05:21:16,165,United States,Beauty,Marketplace,Bank Transfer,2,75.56,0.2,120.9,39.0,,7.0,False
10002255,2024-08-28 10:50:58,412,United Kingdom,Fashion,Web,PayPal,2,51.5,0.3,72.1,34.0,4.0,4.0,False
10002445,2024-08-28 12:08:42,297,United States,Fashion,Web,Credit Card,1,49.99,0.0,49.99,49.0,4.0,6.0,False
10004741,2024-08-29 17:02:22,617,France,Electronics,Mobile App,Credit Card,2,191.6,0.0,383.2,51.0,3.0,3.0,False
10002909,2024-08-30 05:00:57,300,Germany,Fashion,Web,PayPal,3,32.75,0.05,93.34,48.0,5.0,6.0,False
10001469,2024-08-30 07:36:33,192,United States,Beauty,Web,Bank Transfer,5,43.26,0.0,216.3,28.0,3.0,3.0,False
10003748,2024-08-30 08:07:07,64,Canada,Toys,Mobile App,Bank Transfer,2,196.24,0.0,392.48,34.0,3.0,1.0,False
10003989,2024-08-30 09:51:36,195,France,Fashion,Mobile App,Credit Card,2,47.79,0.05,90.8,34.0,4.0,9.0,False
10004413,2024-08-30 19:25:15,285,United States,Home & Garden,Store,Credit Card,2,105.09,0.05,199.67,51.0,4.0,5.0,False
10002021,2024-08-31 03:19:23,299,Brazil,Beauty,Web,PayPal,3,33.45,0.0,100.35,23.0,4.0,3.0,False
10003975,2024-08-31 03:31:22,255,United Kingdom,Toys,Web,PayPal,2,10.03,0.05,19.06,24.0,4.0,6.0,False
10002946,2024-08-31 09:28:28,388,Spain,Sports,Mobile App,Bank Transfer,2,41.63,0.2,66.61,26.0,4.0,5.0,False
10001428,2024-08-31 13:23:08,424,United States,Fashion,Web,PayPal,1,61.99,0.1,55.79,52.0,4.0,6.0,False
10000583,2024-08-31 19:18:46,550,Canada,Fashion,Web,Gift Card,5,76.21,0.0,381.05,,,5.0,False
10003767,2024-08-31 21:48:30,617,India,Sports,Mobile App,Credit Card,6,118.63,0.0,711.78,46.0,4.0,6.0,False
10002188,2024-08-31 22:11:01,546,United States,Electronics,Mobile App,PayPal,2,345.29,0.0,690.58,25.0,4.0,7.0,False
10004007,2024-09-01 16:52:59,501,France,Fashion,Web,Credit Card,2,32.04,0.0,64.08,18.0,4.0,7.0,False
10001451,2024-09-01 19:14:22,570,United States,Home & Garden,Marketplace,Credit Card,4,100.61,0.05,382.32,25.0,3.0,6.0,False
10002857,2024-09-01 21:58:40,244,United States,Beauty,Marketplace,Credit Card,4,44.38,0.2,142.02,45.0,3.0,1.0,False
10001468,2024-09-01 22:36:18,11,Brazil,Toys,Mobile App,Credit Card,5,28.7,0.0,143.5,28.0,4.0,3.0,False
10004942,2024-09-01 22:58:30,91,United Kingdom,Fashion,Store,Bank Transfer,3,42.37,0.2,101.69,18.0,4.0,5.0,False
10002716,2024-09-02 03:34:48,48,France,Toys,Store,Credit Card,4,34.26,0.1,123.34,47.0,4.0,4.0,False
10000409,2024-09-02 12:51:48,124,Japan,Home & Garden,Web,Credit Card,1,77.16,0.2,61.73,46.0,5.0,6.0,False
10002868,2024-09-02 15:29:55,23,Italy,Home & Garden,Marketplace,Credit Card,2,80.94,0.0,161.88,33.0,4.0,3.0,False
10000082,2024-09-02 15:59:59,593,France,Home & Garden,Web,Credit Card,2,55.81,0.0,111.62,36.0,3.0,6.0,False
10003776,2024-09-02 19:48:02,68,Spain,Home & Garden,Web,Credit Card,2,43.1,0.0,86.2,62.0,,4.0,False
10004860,2024-09-02 23:34:53,264,Canada,Beauty,Web,PayPal,2,34.44,0.1,61.99,39.0,4.0,8.0,False
10001553,2024-09-03 08:46:49,279,United States,Sports,Mobile App,PayPal,1,59.67,0.05,56.69,33.0,5.0,2.0,False
10003332,2024-09-03 10:28:47,61,Germany,Electronics,Web,PayPal,2,285.75,0.05,542.92,52.0,4.0,7.0,False
10002307,2024-09-03 21:08:20,207,Germany,Electronics,Web,Credit Card,4,213.42,0.05,811.0,23.0,4.0,4.0,False
10003673,2024-09-04 00:15:01,121,Germany,Electronics,Mobile App,PayPal,3,177.56,0.2,426.14,49.0,5.0,7.0,False
10002157,2024-09-04 06:14:33,364,United Kingdom,Toys,Mobile App,Bank Transfer,1,29.55,0.3,20.68,32.0,3.0,9.0,False
10001547,2024-09-04 12:36:52,436,India,Home & Garden,Web,Credit Card,2,62.48,0.0,124.96,20.0,5.0,3.0,True
10000104,2024-09-04 16:10:17,580,Spain,Beauty,Mobile App,Credit Card,1,25.45,0.1,22.9,18.0,,6.0,False
10003241,2024-09-04 17:21:02,621,France,Fashion,Store,Credit Card,2,100.95,0.05,191.8,30.0,5.0,4.0,False
10002958,2024-09-04 23:39:23,123,Brazil,Electronics,Web,Credit Card,4,145.53,0.0,582.12,56.0,5.0,5.0,False
10004109,2024-09-04 23:44:14,244,Germany,Home & Garden,Mobile App,Credit Card,1,58.38,0.05,55.46,34.0,,7.0,False
10004828,2024-09-05 00:08:24,598,Germany,Electronics,Mobile App,Gift Card,2,243.68,0.0,487.36,52.0,4.0,8.0,False
10004915,2024-09-05 01:45:17,519,Canada,Electronics,Mobile App,Credit Card,1,181.89,0.2,145.51,20.0,,6.0,False
10002700,2024-09-05 13:05:04,125,United States,Electronics,Web,Credit Card,2,73.27,0.0,146.54,23.0,5.0,5.0,False
10004619,2024-09-06 02:13:02,330,France,Electronics,Mobile App,PayPal,2,205.26,0.05,389.99,53.0,5.0,5.0,False
10000006,2024-09-06 03:50:50,88,Japan,Fashion,Web,Gift Card,4,42.62,0.0,170.48,36.0,5.0,6.0,False
10000627,2024-09-06 08:40:50,199,France,Fashion,Mobile App,Credit Card,3,55.6,0.0,166.8,38.0,,5.0,False
10000014,2024-09-06 10:50:10,72,United States,Fashion,Mobile App,Bank Transfer,2,58.21,0.0,116.42,26.0,4.0,7.0,False
10002276,2024-09-06 12:35:18,10,Brazil,Electronics,Mobile App,Credit Card,3,289.63,0.2,695.11,61.0,5.0,5.0,False
10004853,2024-09-06 12:56:18,512,France,Toys,Web,PayPal,2,16.86,0.05,32.03,25.0,4.0,4.0,False
10000233,2024-09-06 14:54:31,487,United States,Sports,Web,Credit Card,2,91.84,0.0,183.68,42.0,3.0,7.0,False
10004495,2024-09-06 17:57:58,418,United Kingdom,Sports,Web,Credit Card,3,74.49,0.0,223.47,33.0,3.0,5.0,False
10000281,2024-09-07 14:27:46,33,Spain,Home & Garden,Web,Credit Card,2,39.3,0.0,78.6,31.0,5.0,7.0,False
10001124,2024-09-07 14:59:23,193,Germany,Beauty,Mobile App,Credit Card,2,33.09,0.2,52.94,26.0,3.0,6.0,False
10002559,2024-09-07 15:50:34,397,Canada,Sports,Web,Bank Transfer,3,54.27,0.0,162.81,26.0,5.0,5.0,False
10004697,2024-09-07 20:02:26,216,United States,Sports,Marketplace,Credit Card,3,29.07,0.0,87.21,51.0,,2.0,False
10000529,2024-09-08 01:31:56,563,India,Toys,Marketplace,PayPal,2,38.41,0.05,72.98,39.0,4.0,4.0,False
10000842,2024-09-08 08:42:38,441,United States,Fashion,Web,PayPal,1,55.69,0.05,52.91,38.0,4.0,7.0,False
10002398,2024-09-08 13:37:27,425,United States,Sports,Mobile App,Credit Card,2,66.14,0.05,125.67,26.0,3.0,5.0,False
10002516,2024-09-08 16:36:30,442,Germany,Home & Garden,Marketplace,Gift Card,2,106.46,0.1,191.63,48.0,4.0,5.0,False
10004598,2024-09-08 18:48:34,584,United States,Toys,Mobile App,PayPal,3,37.73,0.0,113.19,50.0,,4.0,False
10003909,2024-09-08 22:44:54,456,France,Beauty,Store,Credit Card,1,122.24,0.0,122.24,37.0,4.0,3.0,False
10000862,2024-09-09 11:50:56,262,United States,Toys,Web,Credit Card,6,50.89,0.05,290.07,23.0,4.0,5.0,False
10000709,2024-09-09 16:01:32,185,Germany,Toys,Web,Credit Card,2,24.4,0.0,48.8,47.0,4.0,7.0,False
10004943,2024-09-09 17:49:54,540,United Kingdom,Electronics,Web,Credit Card,3,387.98,0.3,814.76,34.0,,5.0,False
10002852,2024-09-09 23:38:45,534,Germany,Home & Garden,Web,Credit Card,4,28.95,0.0,115.8,37.0,3.0,6.0,False
10002357,2024-09-10 00:43:09,476,United Kingdom,Fashion,Web,PayPal,3,64.86,0.1,175.12,54.0,5.0,6.0,False
10000667,2024-09-10 04:16:25,50,India,Home & Garden,Web,PayPal,3,41.94,0.0,125.82,37.0,3.0,7.0,False
10003034,2024-09-10 18:40:58,85,Spain,Fashion,Web,Credit Card,3,59.05,0.2,141.72,22.0,3.0,5.0,False
10002584,2024-09-10 19:44:10,256,Germany,Home & Garden,Marketplace,Gift Card,2,92.34,0.0,184.68,42.0,3.0,5.0,False
10002100,2024-09-10 22:32:32,160,Japan,Fashion,Store,Credit Card,1,78.08,0.0,78.08,59.0,4.0,8.0,False
10004022,2024-09-11 11:37:57,436,France,Fashion,Mobile App,Bank Transfer,2,58.91,0.0,117.82,32.0,4.0,5.0,False
10000791,2024-09-11 12:13:11,282,United States,Fashion,Marketplace,Credit Card,3,63.39,0.05,180.66,44.0,4.0,6.0,False
10000084,2024-09-11 12:29:19,546,India,Sports,Web,Credit Card,2,94.72,0.0,189.44,59.0,4.0,5.0,False
10000641,2024-09-11 16:32:57,61,Italy,Fashion,Web,Credit Card,6,67.67,0.05,385.72,32.0,5.0,2.0,False
10001360,2024-09-11 17:37:58,89,Canada,Fashion,Marketplace,PayPal,3,111.91,0.0,335.73,39.0,4.0,4.0,False
10002271,2024-09-11 22:37:44,439,Germany,Toys,Web,Credit Card,1,38.48,0.05,36.56,46.0,3.0,4.0,False
10002312,2024-09-12 01:24:40,231,India,Beauty,Marketplace,PayPal,1,13.35,0.05,12.68,46.0,,7.0,False
10004213,2024-09-12 07:07:13,545,Brazil,Electronics,Marketplace,PayPal,2,247.17,0.05,469.62,38.0,4.0,5.0,False
10001763,2024-09-12 10:13:39,185,France,Home & Garden,Marketplace,Credit Card,2,85.81,0.0,171.62,70.0,3.0,7.0,False
10003681,2024-09-12 22:04:08,271,Brazil,Electronics,Web,Credit Card,4,185.91,0.0,743.64,18.0,4.0,5.0,False
10001725,2024-09-12 22:05:16,106,Brazil,Fashion,Web,Bank Transfer,4,131.08,0.0,524.32,39.0,3.0,5.0,False
10001882,2024-09-13 01:57:22,618,Canada,Beauty,Web,PayPal,2,61.76,0.05,117.34,41.0,4.0,4.0,False
10002982,2024-09-13 12:13:26,188,France,Electronics,Mobile App,Credit Card,2,280.15,0.0,560.3,37.0,3.0,6.0,False
10004089,2024-09-13 14:12:06,355,Spain,Sports,Web,Credit Card,1,34.64,0.0,34.64,50.0,4.0,5.0,False
10002871,2024-09-13 19:09:50,402,Germany,Beauty,Marketplace,Gift Card,2,67.11,0.0,134.22,50.0,4.0,2.0,False
10002796,2024-09-14 02:12:09,43,Germany,Sports,Marketplace,Bank Transfer,2,71.52,0.05,135.89,60.0,2.0,8.0,False
10003302,2024-09-14 06:14:25,157,Japan,Sports,Web,PayPal,4,106.4,0.05,404.32,58.0,5.0,7.0,False
10002087,2024-09-14 07:11:57,69,Canada,Electronics,Web,PayPal,4,374.84,0.1,1349.42,30.0,4.0,4.0,False
10000771,2024-09-14 10:26:11,376,Germany,Fashion,Web,Bank Transfer,3,56.68,0.3,119.03,66.0,3.0,3.0,False
10002831,2024-09-14 14:03:19,465,United States,Home & Garden,Web,Gift Card,2,86.69,0.0,173.38,48.0,4.0,11.0,False
10002780,2024-09-14 16:14:42,369,United States,Fashion,Store,Credit Card,2,82.67,0.05,157.07,30.0,5.0,3.0,False
10001351,2024-09-14 22:20:32,514,Italy,Toys,Web,PayPal,4,41.69,0.0,166.76,18.0,5.0,7.0,False
10001682,2024-09-15 00:39:24,443,Japan,Electronics,Web,Credit Card,1,430.56,0.0,430.56,53.0,5.0,3.0,False
10002975,2024-09-15 04:04:57,480,Germany,Fashion,Mobile App,Credit Card,2,65.8,0.0,131.6,42.0,5.0,7.0,False
10004637,2024-09-15 08:21:05,347,United Kingdom,Toys,Mobile App,Gift Card,1,33.74,0.0,33.74,47.0,5.0,7.0,False
10001755,2024-09-15 11:17:18,461,United States,Home & Garden,Mobile App,Credit Card,3,56.56,0.0,169.68,71.0,4.0,2.0,False
10000206,2024-09-15 15:40:04,250,France,Beauty,Web,PayPal,6,20.04,0.3,84.17,37.0,5.0,4.0,False
10001911,2024-09-16 09:05:19,104,France,Toys,Web,Bank Transfer,3,13.94,0.0,41.82,52.0,5.0,3.0,False
10002756,2024-09-16 11:16:45,502,Japan,Toys,Mobile App,PayPal,3,40.86,0.1,110.32,41.0,5.0,3.0,False
10000972,2024-09-16 13:57:36,345,United States,Toys,Web,Credit Card,2,32.71,0.0,65.42,31.0,5.0,3.0,False
10002675,2024-09-16 17:04:05,103,France,Electronics,Web,Credit Card,4,279.33,0.05,1061.45,62.0,4.0,2.0,False
10003360,2024-09-17 08:11:18,235,France,Toys,Marketplace,Credit Card,2,39.76,0.0,79.52,28.0,5.0,3.0,False
10002743,2024-09-17 08:36:45,396,France,Electronics,Marketplace,PayPal,2,131.87,0.0,263.74,37.0,4.0,3.0,False
10002703,2024-09-17 16:05:45,3,United States,Fashion,Marketplace,Credit Card,3,62.47,0.0,187.41,48.0,2.0,3.0,False
10002772,2024-09-17 22:32:19,221,Germany,Home & Garden,Mobile App,Credit Card,2,60.42,0.0,120.84,37.0,4.0,1.0,False
10004591,2024-09-18 05:21:18,581,United States,Beauty,Mobile App,PayPal,3,31.29,0.05,89.18,42.0,,7.0,False
10004438,2024-09-18 08:29:40,525,United States,Beauty,Web,Gift Card,3,34.35,0.0,103.05,28.0,5.0,5.0,False
10003116,2024-09-18 11:45:20,219,Italy,Fashion,Web,Bank Transfer,1,52.24,0.0,52.24,32.0,5.0,8.0,False
10002186,2024-09-18 15:50:42,395,India,Toys,Marketplace,PayPal,2,22.02,0.0,44.04,43.0,3.0,1.0,False
10001446,2024-09-18 15:57:28,235,Brazil,Toys,Web,Credit Card,1,20.38,0.0,20.38,,5.0,4.0,False
10001784,2024-09-18 17:36:38,467,United Kingdom,Sports,Web,Bank Transfer,3,42.35,0.0,127.05,24.0,5.0,4.0,False
10003971,2024-09-18 17:43:56,62,France,Electronics,Mobile App,Bank Transfer,2,129.35,0.05,245.76,22.0,5.0,5.0,False
10000499,2024-09-18 21:20:11,345,India,Home & Garden,Web,Credit Card,3,52.3,0.0,156.9,29.0,3.0,5.0,False
10001391,2024-09-19 07:00:01,64,united states,Home & Garden,Web,Credit Card,2,77.43,0.0,154.86,24.0,5.0,6.0,False
10004844,2024-09-19 11:47:58,550,United States,Electronics,Store,Credit Card,2,266.95,0.3,373.73,47.0,,6.0,False
10002511,2024-09-19 17:38:02,330,Germany,Home & Garden,Mobile App,Credit Card,1,45.22,0.2,36.18,45.0,3.0,7.0,True
10004631,2024-09-19 18:19:54,624,United States,Fashion,Web,Credit Card,2,44.18,0.3,61.85,47.0,3.0,7.0,False
10000011,2024-09-20 02:15:55,550,France,Fashion,Mobile App,Credit Card,5,29.75,0.0,148.75,36.0,3.0,6.0,False
10001435,2024-09-20 04:13:23,515,Japan,Electronics,Web,PayPal,2,296.13,0.0,592.26,45.0,3.0,5.0,False
10001975,2024-09-20 04:53:54,493,Japan,Fashion,Mobile App,Credit Card,2,50.18,0.05,95.34,43.0,3.0,3.0,False
10002545,2024-09-20 09:58:13,343,Germany,Beauty,Marketplace,Credit Card,3,29.24,0.2,70.18,52.0,2.0,8.0,False
10002597,2024-09-20 15:26:25,558,India,Beauty,Store,Credit Card,3,39.71,0.2,95.3,51.0,3.0,8.0,False
10000041,2024-09-20 18:18:12,213,Canada,Home & Garden,Marketplace,PayPal,2,98.57,0.0,197.14,44.0,4.0,4.0,False
10003947,2024-09-20 18:34:26,561,India,Electronics,Web,Credit Card,1,317.97,0.0,317.97,35.0,2.0,7.0,False
10003649,2024-09-20 18:52:18,470,United States,Electronics,Web,PayPal,1,292.12,0.0,292.12,25.0,4.0,2.0,False
10002656,2024-09-20 21:17:34,343,Germany,Fashion,Web,Credit Card,3,76.75,0.0,230.25,20.0,4.0,5.0,False
10004898,2024-09-21 07:25:40,304,Brazil,Beauty,Mobile App,Bank Transfer,2,16.54,0.0,33.08,18.0,5.0,4.0,False
10004317,2024-09-21 20:41:13,424,United Kingdom,Fashion,Marketplace,PayPal,2,69.69,0.05,132.41,42.0,3.0,4.0,False
10004023,2024-09-22 04:26:35,355,United States,Beauty,Mobile App,Bank Transfer,3,33.95,0.0,101.85,50.0,3.0,8.0,False
10003907,2024-09-22 04:47:13,603,United States,Sports,Web,PayPal,2,46.64,0.05,88.62,32.0,3.0,6.0,False
10003272,2024-09-23 06:19:39,301,Germany,Electronics,Web,PayPal,6,137.6,0.0,825.6,34.0,3.0,4.0,False
10004511,2024-09-23 08:00:22,141,Germany,Beauty,Marketplace,Gift Card,3,36.35,0.2,87.24,38.0,4.0,5.0,False
10000856,2024-09-23 10:07:53,585,Italy,Beauty,Marketplace,Credit Card,3,44.31,0.0,132.93,21.0,5.0,5.0,False
10003513,2024-09-23 12:06:55,67,United States,Toys,Web,Credit Card,1,37.26,0.05,35.4,18.0,5.0,6.0,False
10004325,2024-09-24 03:10:19,23,Japan,Fashion,Mobile App,PayPal,3,133.64,0.05,380.87,47.0,4.0,6.0,False
10000394,2024-09-24 03:49:33,450,United States,Sports,Mobile App,PayPal,4,81.24,0.0,324.96,33.0,5.0,7.0,False
10004877,2024-09-24 04:19:22,232,United States,Electronics,Store,Gift Card,2,168.73,0.05,320.59,33.0,4.0,2.0,False
10000400,2024-09-24 06:37:44,190,Germany,Fashion,Marketplace,Gift Card,1,171.16,0.05,162.6,24.0,5.0,3.0,False
10003363,2024-09-24 19:42:46,596,United States,Fashion,Web,PayPal,2,32.58,0.2,52.13,37.0,,7.0,False
10003424,2024-09-25 04:37:07,136,Japan,Fashion,Mobile App,Credit Card,3,69.03,0.1,186.38,38.0,4.0,6.0,False
10001987,2024-09-25 11:56:22,15,India,Toys,Marketplace,Credit Card,2,56.26,0.2,90.02,42.0,4.0,7.0,False
10000378,2024-09-25 20:12:10,156,United States,Fashion,Web,Credit Card,3,25.17,0.05,71.73,33.0,5.0,6.0,False
10001419,2024-09-26 03:07:54,283,Brazil,Fashion,Mobile App,Credit Card,2,58.68,0.0,117.36,43.0,5.0,1.0,False
10002179,2024-09-26 19:05:10,525,United States,Fashion,Mobile App,Bank Transfer,1,34.77,0.2,27.82,,4.0,6.0,False
10004550,2024-09-26 23:40:45,121,Germany,Toys,Web,Credit Card,2,37.56,0.05,71.36,62.0,4.0,2.0,False
10004547,2024-09-27 00:41:49,161,Canada,Electronics,Web,Credit Card,2,195.21,0.0,390.42,56.0,5.0,9.0,False
10003603,2024-09-27 09:43:42,27,France,Home & Garden,Web,Credit Card,1,100.33,0.05,95.31,24.0,3.0,9.0,False
10001692,2024-09-27 19:38:17,392,United Kingdom,Electronics,Mobile App,Credit Card,3,592.98,0.0,1778.94,43.0,3.0,3.0,False
10004674,2024-09-28 03:01:02,557,Spain,Fashion,Web,Credit Card,1,36.53,0.0,36.53,44.0,3.0,4.0,False
10002205,2024-09-28 05:05:43,458,United Kingdom,Fashion,Web,PayPal,3,37.88,0.0,113.64,22.0,5.0,7.0,False
10004084,2024-09-28 09:50:33,144,Canada,Fashion,Web,Credit Card,5,86.81,0.0,434.05,23.0,3.0,6.0,False
10001600,2024-09-28 10:39:21,240,Canada,Home & Garden,Web,Gift Card,2,76.98,0.0,153.96,24.0,,5.0,False
10003497,2024-09-28 15:23:54,147,United Kingdom,Home & Garden,Web,Credit Card,4,47.7,0.0,190.8,38.0,5.0,4.0,False
10003463,2024-09-28 21:13:46,177,Japan,Sports,Web,PayPal,6,45.22,0.2,217.06,41.0,3.0,7.0,False
10001704,2024-09-29 01:41:54,212,United Kingdom,Fashion,Store,Credit Card,3,38.81,0.0,116.43,32.0,4.0,5.0,False
10003492,2024-09-29 10:36:11,175,Spain,Fashion,Mobile App,Gift Card,5,32.33,0.0,161.65,41.0,5.0,10.0,False
10003860,2024-09-29 17:09:34,215,Germany,Electronics,Store,Credit Card,3,400.86,0.0,1202.58,38.0,5.0,4.0,False
10004967,2024-09-29 21:49:19,150,Italy,Sports,Web,Credit Card,1,183.46,0.05,174.29,43.0,5.0,5.0,False
10002705,2024-09-29 22:17:00,615,Italy,Fashion,Web,Credit Card,3,134.06,0.2,321.74,38.0,4.0,4.0,False
10003201,2024-09-30 00:24:52,567,Canada,Beauty,Web,PayPal,2,24.22,0.0,48.44,33.0,5.0,8.0,False
10000286,2024-09-30 08:35:06,22,United States,Fashion,Web,Credit Card,2,30.98,0.1,55.76,18.0,4.0,7.0,False
10002175,2024-09-30 15:31:24,614,United States,Fashion,Mobile App,PayPal,1,42.77,0.1,38.49,32.0,4.0,4.0,False
10004243,2024-09-30 17:27:30,232,Brazil,Home & Garden,Marketplace,Credit Card,2,44.31,0.0,88.62,31.0,5.0,4.0,False
10001323,2024-09-30 23:06:05,476,United Kingdom,Home & Garden,Web,PayPal,4,139.14,0.1,500.9,47.0,4.0,4.0,False
10000095,2024-09-30 23:55:37,80,United States,Beauty,Store,Bank Transfer,4,32.87,0.0,131.48,47.0,5.0,11.0,False
10001956,2024-10-01 03:33:35,331,United States,Fashion,Mobile App,PayPal,2,39.65,0.0,79.3,53.0,5.0,6.0,False
10001925,2024-10-01 03:35:07,385,Canada,Fashion,Web,PayPal,2,30.07,0.0,60.14,30.0,3.0,4.0,False
10001780,2024-10-01 04:34:43,590,United Kingdom,Home & Garden,Marketplace,Credit Card,2,77.59,0.1,139.66,18.0,3.0,4.0,False
10000580,2024-10-01 06:40:18,109,United States,Toys,Mobile App,PayPal,2,7.38,0.0,14.76,30.0,,5.0,False
10000170,2024-10-01 08:31:45,346,United States,Sports,Marketplace,Credit Card,2,52.1,0.0,104.2,33.0,5.0,2.0,False
10001090,2024-10-01 17:27:04,107,Germany,Electronics,Web,Credit Card,1,446.85,0.05,424.51,38.0,4.0,8.0,False
10003606,2024-10-01 18:00:11,609,India,Home & Garden,Marketplace,Bank Transfer,3,83.15,0.0,249.45,28.0,3.0,7.0,False
10004561,2024-10-01 18:05:09,491,Japan,Fashion,Store,Credit Card,1,63.2,0.1,56.88,33.0,5.0,7.0,False
10003529,2024-10-01 21:05:57,155,Italy,Beauty,Web,Credit Card,1,72.26,0.0,72.26,45.0,4.0,2.0,False
10004462,2024-10-01 22:05:21,72,Germany,Electronics,Web,PayPal,1,193.29,0.0,193.29,52.0,5.0,1.0,True
10003859,2024-10-02 00:32:09,334,Germany,Sports,Web,Credit Card,1,43.57,0.05,41.39,29.0,4.0,7.0,False
10002224,2024-10-02 10:30:59,10,Spain,Toys,Web,Credit Card,3,28.51,0.0,85.53,37.0,5.0,6.0,False
10004686,2024-10-02 23:34:20,299,Germany,Electronics,Mobile App,Bank Transfer,2,117.92,0.0,235.84,42.0,2.0,4.0,False
10002452,2024-10-03 00:12:58,125,Brazil,Beauty,Web,Credit Card,3,28.6,0.0,85.8,44.0,4.0,10.0,False
10004251,2024-10-03 05:22:29,79,United Kingdom,Home & Garden,Mobile App,Bank Transfer,1,85.06,0.1,76.55,31.0,5.0,6.0,False
10001260,2024-10-03 08:45:02,38,India,Beauty,Web,Credit Card,1,21.68,0.0,21.68,34.0,5.0,4.0,False
10003286,2024-10-03 08:56:36,246,Canada,Toys,Mobile App,Credit Card,3,29.01,0.0,87.03,38.0,4.0,6.0,False
10000069,2024-10-03 18:09:06,580,Canada,Home & Garden,Web,Credit Card,2,59.16,0.0,118.32,52.0,3.0,6.0,False
10002379,2024-10-03 23:36:54,174,Brazil,Home & Garden,Mobile App,Credit Card,5,108.42,0.05,515.0,36.0,5.0,2.0,False
10002301,2024-10-04 05:27:44,589,Canada,Home & Garden,Mobile App,PayPal,1,82.33,0.3,57.63,25.0,4.0,2.0,False
10002031,2024-10-04 09:30:25,175,India,Fashion,Marketplace,Bank Transfer,3,45.87,0.05,130.73,40.0,3.0,1.0,False
10002246,2024-10-04 12:52:01,623,Canada,Electronics,Mobile App,PayPal,1,312.18,0.0,312.18,55.0,3.0,8.0,False
10004512,2024-10-04 19:45:48,34,Japan,Beauty,Store,PayPal,3,25.5,0.0,76.5,39.0,5.0,4.0,False
10002999,2024-10-05 04:36:52,591,India,Sports,Marketplace,Credit Card,2,42.39,0.0,84.78,44.0,4.0,7.0,False
10003345,2024-10-05 13:29:16,440,Canada,Home & Garden,Web,PayPal,5,54.32,0.0,271.6,26.0,,6.0,False
10002528,2024-10-05 21:34:08,337,France,Electronics,Web,Credit Card,2,273.08,0.0,546.16,46.0,4.0,3.0,False
10003178,2024-10-06 05:06:36,304,Japan,Electronics,Web,Credit Card,2,376.3,0.2,602.08,37.0,3.0,6.0,False
10004221,2024-10-06 09:28:54,342,India,Electronics,Store,Credit Card,6,262.99,0.2,1262.35,33.0,3.0,5.0,False
10003744,2024-10-06 12:08:38,414,Japan,Toys,Web,Gift Card,2,23.25,0.0,46.5,39.0,3.0,4.0,True
10000966,2024-10-06 12:40:59,209,United States,Fashion,Web,PayPal,1,32.8,0.0,32.8,39.0,4.0,7.0,False
10000699,2024-10-06 21:52:55,538,Japan,Home & Garden,Mobile App,Bank Transfer,3,90.5,0.3,190.05,18.0,3.0,4.0,False
10000321,2024-10-07 01:23:28,615,France,Beauty,Web,Credit Card,1,16.65,0.05,15.82,41.0,2.0,5.0,True
10003257,2024-10-07 01:27:29,457,Italy,Electronics,Web,PayPal,6,159.46,0.0,956.76,50.0,4.0,5.0,False
10003708,2024-10-07 01:58:28,7,Spain,Sports,Marketplace,Credit Card,1,30.21,0.05,28.7,46.0,,8.0,False
10003665,2024-10-07 07:46:20,455,United States,Sports,Web,Credit Card,2,48.32,0.2,77.31,55.0,4.0,3.0,False
10003831,2024-10-07 08:31:17,460,United States,Home & Garden,Web,Gift Card,5,81.76,0.0,408.8,47.0,5.0,7.0,False
10001218,2024-10-07 09:51:24,278,Canada,Sports,Web,Gift Card,2,84.6,0.0,169.2,18.0,2.0,8.0,False
10001086,2024-10-08 07:36:32,250,United States,Home & Garden,Web,Credit Card,2,88.42,0.0,176.84,41.0,3.0,5.0,False
10002744,2024-10-08 18:25:22,233,Germany,Beauty,Web,PayPal,3,53.65,0.2,128.76,35.0,3.0,9.0,False
10000962,2024-10-08 21:07:48,219,Italy,Sports,Web,PayPal,4,180.88,0.0,723.52,44.0,5.0,5.0,False
10000845,2024-10-08 21:23:03,462,Italy,Beauty,Web,Bank Transfer,3,53.6,0.1,144.72,27.0,4.0,10.0,False
10001509,2024-10-08 21:44:42,356,Canada,Fashion,Mobile App,PayPal,2,88.35,0.0,176.7,26.0,5.0,3.0,False
10002325,2024-10-08 22:02:40,252,France,Home & Garden,Web,Gift Card,2,61.45,0.1,110.61,61.0,5.0,2.0,False
10003352,2024-10-09 11:23:38,586,Canada,Fashion,Mobile App,Credit Card,2,33.85,0.2,54.16,46.0,4.0,6.0,False
10002020,2024-10-09 12:46:48,400,United Kingdom,Fashion,Web,Bank Transfer,3,67.27,0.0,201.81,18.0,4.0,3.0,False
10001465,2024-10-09 16:28:39,494,United Kingdom,Fashion,Web,Credit Card,2,44.87,0.0,89.74,51.0,2.0,5.0,False
10002098,2024-10-09 17:04:06,458,Brazil,Electronics,Web,Bank Transfer,2,710.54,0.0,1421.08,35.0,3.0,14.0,False
10001613,2024-10-09 20:24:34,224,United States,Electronics,Mobile App,Gift Card,1,214.25,0.0,214.25,49.0,4.0,2.0,False
10004178,2024-10-10 01:43:30,25,Canada,Home & Garden,Web,Credit Card,3,42.93,0.3,90.15,45.0,3.0,5.0,False
10002825,2024-10-10 06:24:28,408,Spain,Electronics,Mobile App,PayPal,1,141.01,0.1,126.91,23.0,3.0,6.0,False
10002526,2024-10-10 12:34:16,503,Germany,Sports,Web,Credit Card,5,108.51,0.3,379.78,71.0,,2.0,False
10002760,2024-10-10 18:39:40,560,Italy,Electronics,Mobile App,Credit Card,1,445.46,0.0,445.46,46.0,3.0,3.0,False
10003612,2024-10-10 20:43:52,49,Germany,Beauty,Web,Credit Card,3,35.15,0.05,100.18,41.0,3.0,5.0,False
10004885,2024-10-10 21:39:27,264,Brazil,Electronics,Mobile App,Credit Card,1,115.79,0.0,115.79,66.0,5.0,5.0,False
10000975,2024-10-11 04:11:12,36,United States,Home & Garden,Marketplace,Credit Card,2,182.06,0.05,345.91,49.0,3.0,3.0,False
10003838,2024-10-11 07:00:55,439,India,Beauty,Mobile App,PayPal,3,36.96,0.05,105.34,56.0,5.0,3.0,False
10001217,2024-10-11 09:05:54,491,United States,Electronics,Store,Credit Card,2,560.58,0.05,1065.1,30.0,5.0,3.0,False
10002606,2024-10-11 09:26:16,24,Italy,Home & Garden,Marketplace,Credit Card,3,134.79,0.05,384.15,21.0,3.0,5.0,False
10004062,2024-10-12 02:10:26,415,India,Sports,Marketplace,Credit Card,4,141.66,0.0,566.64,40.0,,7.0,False
10001643,2024-10-12 02:35:13,299,United States,Beauty,Store,PayPal,3,51.22,0.0,153.66,31.0,,4.0,False
10002631,2024-10-12 05:04:18,556,United States,Home & Garden,Web,Credit Card,2,64.37,0.0,128.74,35.0,5.0,9.0,False
10001453,2024-10-12 09:14:58,374,United Kingdom,Electronics,Store,Credit Card,3,205.83,0.05,586.62,32.0,5.0,5.0,False
10000885,2024-10-12 11:34:09,69,United States,Home & Garden,Marketplace,PayPal,3,125.82,0.05,358.59,57.0,3.0,7.0,False
10000353,2024-10-12 16:50:34,346,Japan,Electronics,Web,PayPal,1,114.27,0.1,102.84,32.0,,7.0,False
10000516,2024-10-12 18:26:47,123,India,Sports,Mobile App,Credit Card,3,114.67,0.05,326.81,18.0,4.0,6.0,False
10002755,2024-10-13 04:07:07,406,Germany,Beauty,Mobile App,Credit Card,1,24.06,0.0,24.06,43.0,4.0,2.0,False
10000888,2024-10-13 09:30:15,104,Japan,Sports,Mobile App,Credit Card,2,111.82,0.0,223.64,54.0,4.0,5.0,False
10002003,2024-10-13 23:57:50,176,Spain,Beauty,Web,Credit Card,4,36.6,0.0,146.4,33.0,5.0,4.0,False
10000851,2024-10-14 00:03:44,532,India,Beauty,Mobile App,Credit Card,3,41.25,0.2,99.0,59.0,5.0,4.0,False
10001830,2024-10-14 05:08:56,160,United States,Electronics,Mobile App,Bank Transfer,2,590.61,0.1,1063.1,47.0,5.0,3.0,False
10004988,2024-10-14 13:16:55,80,Canada,Sports,Mobile App,PayPal,4,67.1,0.0,268.4,68.0,3.0,2.0,False
10001717,2024-10-14 14:39:21,481,United Kingdom,Beauty,Mobile App,Credit Card,1,27.09,0.2,21.67,44.0,2.0,7.0,False
10001859,2024-10-14 20:30:57,605,United States,Fashion,Mobile App,Credit Card,2,76.47,0.0,152.94,57.0,5.0,7.0,False
10003936,2024-10-15 03:23:42,443,United Kingdom,Electronics,Mobile App,Bank Transfer,2,139.01,0.1,250.22,42.0,5.0,3.0,False
10000223,2024-10-15 13:11:49,316,Spain,Fashion,Web,PayPal,4,58.37,0.0,233.48,,4.0,8.0,False
10001530,2024-10-15 13:59:20,365,India,Fashion,Marketplace,Credit Card,4,58.42,0.3,163.58,39.0,5.0,3.0,False
10000539,2024-10-16 05:13:41,608,United States,Electronics,Store,Credit Card,4,127.84,0.05,485.79,65.0,,3.0,False
10003849,2024-10-16 19:18:08,622,Germany,Sports,Web,PayPal,5,98.78,0.0,493.9,33.0,,3.0,False
10002996,2024-10-16 20:07:13,306,Canada,Fashion,Mobile App,Bank Transfer,2,59.59,0.05,113.22,56.0,4.0,4.0,False
10004049,2024-10-16 21:25:47,591,United States,Electronics,Marketplace,PayPal,3,131.45,0.0,394.35,32.0,3.0,6.0,False
10003053,2024-10-17 08:36:25,219,Italy,Fashion,Web,Credit Card,3,20.92,0.0,62.76,24.0,3.0,5.0,False
10003175,2024-10-17 16:41:04,624,United States,Sports,Web,Credit Card,2,61.27,0.1,110.29,27.0,,6.0,False
10002474,2024-10-17 21:54:47,604,Japan,Electronics,Store,Credit Card,2,231.22,0.0,462.44,32.0,5.0,6.0,False
10000947,2024-10-17 22:22:03,322,United Kingdom,Electronics,Marketplace,Credit Card,4,189.26,0.05,719.19,44.0,5.0,6.0,False
10001727,2024-10-18 05:12:54,617,Spain,Home & Garden,Mobile App,PayPal,2,90.04,0.0,180.08,27.0,,3.0,False
10002399,2024-10-18 07:32:56,230,United States,Toys,Web,Credit Card,2,22.47,0.0,44.94,18.0,3.0,8.0,False
10000995,2024-10-18 08:24:50,285,United States,Beauty,Marketplace,PayPal,4,22.49,0.3,62.97,36.0,3.0,5.0,False
10004517,2024-10-18 10:11:11,492,United Kingdom,Fashion,Marketplace,Credit Card,2,32.34,0.05,61.45,35.0,5.0,2.0,False
10001996,2024-10-18 11:37:52,476,Brazil,Electronics,Web,Credit Card,4,186.59,0.0,746.36,18.0,5.0,7.0,False
10002442,2024-10-18 22:33:33,34,Japan,Beauty,Web,Credit Card,2,48.11,0.1,86.6,36.0,,3.0,False
10003687,2024-10-19 04:08:00,568,United Kingdom,Beauty,Web,Gift Card,2,29.4,0.05,55.86,44.0,4.0,2.0,False
10000711,2024-10-19 05:19:27,65,Spain,Fashion,Web,PayPal,2,53.66,0.1,96.59,58.0,5.0,2.0,False
10001333,2024-10-19 10:22:58,366,Japan,Fashion,Web,Credit Card,2,27.23,0.1,49.01,47.0,3.0,7.0,False
10003946,2024-10-19 12:02:24,544,United States,Electronics,Marketplace,Bank Transfer,1,346.75,0.0,346.75,39.0,4.0,8.0,False
10004165,2024-10-19 13:42:52,303,United States,Electronics,Mobile App,Gift Card,2,83.74,0.2,133.98,35.0,4.0,4.0,False
10000905,2024-10-19 14:59:45,568,Spain,Fashion,Web,Credit Card,1,68.38,0.0,68.38,56.0,3.0,8.0,False
10000242,2024-10-19 21:19:36,548,Brazil,Sports,Marketplace,Bank Transfer,3,58.43,0.0,175.29,38.0,5.0,2.0,False
10000602,2024-10-19 21:51:29,151,United States,Home & Garden,Marketplace,Bank Transfer,2,79.74,0.0,159.48,18.0,4.0,6.0,False
10000571,2024-10-19 23:01:13,624,Canada,Electronics,Web,PayPal,1,467.84,0.05,444.45,,5.0,5.0,False
10000009,2024-10-20 00:30:46,284,Germany,Fashion,Web,Credit Card,2,104.18,0.0,208.36,57.0,4.0,7.0,False
10004262,2024-10-20 02:30:58,367,Canada,Sports,Mobile App,Credit Card,2,63.6,0.05,120.84,42.0,2.0,4.0,False
10004993,2024-10-20 04:54:00,435,India,Beauty,Web,Credit Card,3,31.91,0.05,90.94,46.0,5.0,5.0,False
10004774,2024-10-20 14:19:46,338,France,Sports,Store,Gift Card,4,38.66,0.0,154.64,35.0,3.0,3.0,False
10003550,2024-10-20 17:35:33,321,United Kingdom,Home & Garden,Web,Credit Card,2,80.37,0.1,144.67,50.0,5.0,3.0,False
10000043,2024-10-20 20:51:07,201,Germany,Fashion,Web,Credit Card,7,68.95,0.0,482.65,25.0,3.0,6.0,False
10004156,2024-10-20 21:16:11,303,Germany,Home & Garden,Web,Credit Card,3,81.81,0.1,220.89,26.0,,7.0,False
10004168,2024-10-20 21:38:24,80,United States,Fashion,Web,Credit Card,2,73.78,0.05,140.18,41.0,4.0,4.0,False
10000407,2024-10-20 23:50:14,221,Italy,Beauty,Web,Credit Card,2,18.68,0.3,26.15,41.0,4.0,9.0,False
10004673,2024-10-21 02:38:15,32,United States,Electronics,Web,PayPal,3,414.49,0.05,1181.3,29.0,4.0,2.0,False
10003778,2024-10-21 03:39:06,395,Germany,Electronics,Mobile App,PayPal,2,195.08,0.1,351.14,26.0,5.0,7.0,False
10001059,2024-10-21 05:34:01,64,United Kingdom,Fashion,Web,Bank Transfer,3,52.52,0.0,157.56,57.0,3.0,4.0,False
10004855,2024-10-21 08:17:39,242,Italy,Home & Garden,Mobile App,Credit Card,2,78.22,0.0,156.44,,,4.0,False
10003798,2024-10-21 16:17:15,422,Spain,Beauty,Mobile App,Bank Transfer,2,25.19,0.0,50.38,27.0,5.0,2.0,False
10001246,2024-10-21 22:57:30,201,United States,Toys,Web,Credit Card,4,24.83,0.0,99.32,37.0,3.0,6.0,True
10002084,2024-10-22 09:13:41,539,France,Sports,Mobile App,PayPal,6,51.02,0.0,306.12,73.0,,4.0,False
10002855,2024-10-22 12:02:14,403,France,Beauty,Web,PayPal,2,39.78,0.05,75.58,34.0,4.0,4.0,False
10002345,2024-10-22 12:02:34,466,United States,Fashion,Marketplace,Credit Card,2,54.94,0.0,109.88,38.0,4.0,8.0,False
10002978,2024-10-22 14:13:41,356,United States,Home & Garden,Mobile App,PayPal,3,116.4,0.2,279.36,29.0,5.0,4.0,False
10003956,2024-10-22 18:35:38,464,Japan,Fashion,Mobile App,Bank Transfer,1,113.94,0.0,113.94,37.0,2.0,7.0,False
10001595,2024-10-22 20:26:44,494,Brazil,Beauty,Web,Credit Card,5,23.75,0.05,112.81,48.0,3.0,4.0,False
10003858,2024-10-22 23:55:42,37,Italy,Fashion,Marketplace,Gift Card,1,31.62,0.0,31.62,,4.0,4.0,False
10002342,2024-10-23 00:15:15,25,United States,Beauty,Marketplace,PayPal,5,20.85,0.1,93.82,25.0,4.0,6.0,False
10000758,2024-10-23 04:19:01,456,France,Fashion,Web,Credit Card,3,41.17,0.0,123.51,,4.0,6.0,False
10002181,2024-10-23 04:45:33,306,United States,Beauty,Mobile App,Credit Card,4,118.09,0.2,377.89,36.0,4.0,6.0,False
10000738,2024-10-23 06:31:25,15,Japan,Fashion,Web,Bank Transfer,2,50.41,0.0,100.82,39.0,,4.0,False
10004782,2024-10-23 10:56:37,399,United States,Electronics,Web,Bank Transfer,5,248.96,0.0,1244.8,36.0,,3.0,False
10002734,2024-10-23 22:49:27,275,Canada,Electronics,Web,PayPal,6,185.92,0.0,1115.52,40.0,3.0,7.0,False
10003091,2024-10-24 01:39:37,347,Italy,Home & Garden,Marketplace,Gift Card,2,119.14,0.05,226.37,39.0,5.0,6.0,False
10004439,2024-10-24 03:22:59,623,Spain,Sports,Marketplace,Credit Card,4,30.39,0.0,121.56,18.0,4.0,9.0,False
10001087,2024-10-24 09:44:05,365,United States,Home & Garden,Mobile App,PayPal,3,70.02,0.0,210.06,,4.0,4.0,False
10003841,2024-10-24 11:16:12,469,United States,Beauty,Mobile App,Credit Card,4,35.33,0.0,141.32,20.0,4.0,6.0,False
10004616,2024-10-24 13:04:01,177,Canada,Home & Garden,Web,Credit Card,3,46.37,0.0,139.11,50.0,4.0,6.0,False
10003217,2024-10-24 18:45:56,397,France,Fashion,Store,PayPal,2,40.7,0.0,81.4,31.0,5.0,8.0,False
10003796,2024-10-24 22:14:16,562,Brazil,Home & Garden,Marketplace,PayPal,1,77.35,0.05,73.48,24.0,2.0,5.0,False
10002290,2024-10-24 22:16:21,21,France,Electronics,Mobile App,Credit Card,2,322.86,0.0,645.72,39.0,4.0,4.0,False
10002840,2024-10-25 02:30:12,576,United States,Sports,Web,PayPal,1,64.17,0.0,64.17,29.0,5.0,4.0,False
10002463,2024-10-26 01:56:39,274,Germany,Home & Garden,Web,Gift Card,2,154.08,0.0,308.16,18.0,4.0,4.0,False
10000950,2024-10-26 03:47:03,233,Canada,Electronics,Store,Credit Card,4,607.63,0.2,1944.42,45.0,3.0,5.0,False
10004520,2024-10-26 05:17:23,178,Germany,Home & Garden,Mobile App,Credit Card,3,67.98,0.05,193.74,31.0,3.0,1.0,False
10004068,2024-10-26 16:02:47,157,Spain,Electronics,Mobile App,Credit Card,2,210.86,0.05,400.63,30.0,,4.0,False
10003168,2024-10-26 19:49:18,268,United States,Electronics,Web,PayPal,2,130.49,0.0,260.98,30.0,2.0,6.0,False
10002249,2024-10-26 20:43:51,40,Italy,Home & Garden,Web,Bank Transfer,2,63.46,0.05,120.57,29.0,3.0,3.0,False
10000552,2024-10-26 20:51:08,360,Spain,Fashion,Web,Gift Card,3,119.48,0.0,358.44,38.0,3.0,3.0,False
10001549,2024-10-27 01:58:26,594,United Kingdom,Sports,Web,Credit Card,1,48.62,0.0,48.62,55.0,5.0,6.0,False
10004638,2024-10-27 05:14:53,348,United States,Electronics,Web,Credit Card,5,158.9,0.0,794.5,29.0,5.0,9.0,False
10002578,2024-10-27 16:49:12,257,United Kingdom,Fashion,Marketplace,Credit Card,1,151.63,0.0,151.63,50.0,4.0,5.0,False
10002548,2024-10-27 19:13:09,337,Japan,Home & Garden,Web,Credit Card,2,81.04,0.0,162.08,18.0,4.0,7.0,False
10003724,2024-10-27 21:20:15,588,Canada,Sports,Mobile App,Credit Card,2,134.05,0.0,268.1,25.0,4.0,6.0,False
10004424,2024-10-27 21:22:43,265,Canada,Electronics,Web,Bank Transfer,2,218.11,0.0,436.22,37.0,4.0,9.0,False
10000918,2024-10-28 00:41:06,129,United States,Sports,Mobile App,Credit Card,5,82.09,0.05,389.93,53.0,5.0,5.0,False
10002987,2024-10-28 02:35:02,228,Germany,Fashion,Web,Credit Card,3,73.03,0.0,219.09,33.0,5.0,8.0,False
10002590,2024-10-28 03:34:34,372,Brazil,Fashion,Mobile App,Credit Card,1,48.2,0.05,45.79,56.0,5.0,3.0,False
10003421,2024-10-28 03:36:09,54,Canada,Home & Garden,Web,Credit Card,2,105.34,0.0,210.68,18.0,5.0,5.0,False
10002571,2024-10-28 15:48:37,196,Germany,Home & Garden,Web,Credit Card,1,89.24,0.0,89.24,40.0,4.0,4.0,False
10004264,2024-10-28 22:17:21,576,United States,Toys,Store,Credit Card,2,25.6,0.0,51.2,29.0,5.0,6.0,False
10001964,2024-10-28 22:31:49,65,United Kingdom,Beauty,Mobile App,Credit Card,2,89.82,0.0,179.64,42.0,5.0,3.0,False
10000648,2024-10-29 11:51:08,486,Brazil,Electronics,Store,Credit Card,1,157.55,0.05,149.67,41.0,5.0,10.0,False
10002147,2024-10-29 14:01:38,561,India,Beauty,Store,Credit Card,3,43.94,0.1,118.64,19.0,3.0,6.0,False
10001716,2024-10-29 23:52:36,440,Brazil,Beauty,Web,Credit Card,3,76.26,0.0,228.78,22.0,5.0,3.0,False
10002593,2024-10-30 08:43:35,2,United States,Fashion,Web,PayPal,1,52.11,0.05,49.5,18.0,4.0,8.0,False
10003279,2024-10-30 11:59:54,134,Canada,Electronics,Web,Credit Card,1,131.99,0.1,118.79,37.0,3.0,4.0,False
10003659,2024-10-30 17:25:58,148,United States,Fashion,Marketplace,Gift Card,3,93.02,0.2,223.25,37.0,,6.0,False
10002215,2024-10-30 21:58:13,150,India,Sports,Web,PayPal,3,59.13,0.05,168.52,41.0,4.0,10.0,False
10000579,2024-10-30 22:02:12,206,United States,Sports,Marketplace,PayPal,1,99.05,0.0,99.05,18.0,4.0,6.0,False
10001522,2024-10-31 08:28:05,55,India,Fashion,Mobile App,Credit Card,3,29.92,0.05,85.27,32.0,4.0,5.0,False
10004852,2024-10-31 16:30:25,498,Italy,Electronics,Web,Credit Card,2,158.05,0.0,316.1,28.0,5.0,10.0,False
10002239,2024-11-01 02:03:54,402,United Kingdom,Fashion,Marketplace,Credit Card,3,27.34,0.0,82.02,31.0,3.0,9.0,False
10003806,2024-11-01 05:24:13,529,France,Toys,Marketplace,Credit Card,1,23.19,0.2,18.55,19.0,3.0,3.0,False
10004343,2024-11-01 06:22:14,312,Japan,Sports,Marketplace,Credit Card,3,52.83,0.3,110.94,53.0,4.0,4.0,True
10004036,2024-11-01 07:54:45,562,India,Electronics,Mobile App,Credit Card,1,118.75,0.2,95.0,28.0,3.0,4.0,False
10002136,2024-11-01 08:29:58,109,India,Fashion,Web,Credit Card,5,65.88,0.05,312.93,39.0,4.0,3.0,False
10001653,2024-11-01 14:20:27,505,United Kingdom,Beauty,Web,PayPal,2,25.09,0.2,40.14,42.0,3.0,7.0,False
10000173,2024-11-01 17:42:33,536,United States,Fashion,Store,Bank Transfer,1,35.24,0.0,35.24,24.0,3.0,4.0,False
10003719,2024-11-01 18:12:18,128,Japan,Fashion,Web,PayPal,3,113.31,0.0,339.93,43.0,3.0,5.0,False
10002061,2024-11-01 23:41:18,6,France,Fashion,Marketplace,Credit Card,2,46.09,0.0,92.18,44.0,4.0,9.0,False
10001427,2024-11-02 04:05:52,34,United States,Beauty,Web,Credit Card,1,70.68,0.1,63.61,34.0,3.0,4.0,False
10001101,2024-11-02 06:16:20,390,France,Beauty,Marketplace,Credit Card,1,69.68,0.0,69.68,21.0,5.0,7.0,False
10002829,2024-11-02 08:54:42,477,United States,Fashion,Mobile App,Bank Transfer,1,88.79,0.05,84.35,33.0,2.0,6.0,False
10003797,2024-11-02 09:33:17,385,United States,Electronics,Mobile App,PayPal,1,149.14,0.3,104.4,26.0,4.0,2.0,False
10002781,2024-11-02 10:52:16,163,United States,Electronics,Web,PayPal,7,183.95,0.0,1287.65,46.0,3.0,6.0,True
10002195,2024-11-02 16:37:26,142,Japan,Home & Garden,Mobile App,Credit Card,1,110.83,0.05,105.29,34.0,5.0,4.0,False
10004399,2024-11-02 18:32:24,348,United States ,Fashion,Marketplace,Credit Card,6,42.01,0.05,239.46,32.0,3.0,5.0,False
10003782,2024-11-03 02:51:17,294,France,Electronics,Store,Bank Transfer,3,77.89,0.0,233.67,46.0,3.0,5.0,False
10002054,2024-11-03 07:27:52,515,United States,Electronics,Web,Gift Card,1,176.6,0.0,176.6,40.0,3.0,6.0,False
10004840,2024-11-03 09:57:37,23,Brazil,Electronics,Web,PayPal,1,151.94,0.2,121.55,48.0,,7.0,False
10003735,2024-11-03 23:27:05,238,France,Fashion,Mobile App,PayPal,3,59.11,0.2,141.86,21.0,5.0,2.0,False
10002732,2024-11-04 00:56:48,197,United States,Sports,Mobile App,Credit Card,1,48.8,0.0,48.8,36.0,3.0,5.0,False
10003916,2024-11-04 07:29:30,18,United States,Home & Garden,Marketplace,Bank Transfer,3,34.81,0.0,104.43,27.0,4.0,8.0,False
10001341,2024-11-04 17:16:43,592,Brazil,Home & Garden,Web,Credit Card,2,97.98,0.05,186.16,25.0,4.0,4.0,False
10003633,2024-11-04 18:21:08,467,Canada,Electronics,Web,Bank Transfer,1,378.77,0.05,359.83,39.0,5.0,4.0,False
10002212,2024-11-05 03:21:16,98,France,Fashion,Marketplace,Credit Card,1,39.3,0.0,39.3,36.0,5.0,4.0,False
10000028,2024-11-05 06:44:26,162,France,Electronics,Web,Credit Card,3,391.47,0.0,1174.41,52.0,5.0,6.0,False
10000538,2024-11-05 11:20:42,224,United States,Fashion,Mobile App,Credit Card,2,28.52,0.0,57.04,,5.0,5.0,False
10001287,2024-11-05 13:03:47,51,Japan,Toys,Web,Credit Card,2,28.65,0.0,57.3,48.0,4.0,10.0,False
10004685,2024-11-05 14:08:27,555,United States,Fashion,Web,Credit Card,3,27.01,0.3,56.72,23.0,4.0,7.0,False
10000100,2024-11-05 19:05:09,279,Japan,Beauty,Store,Credit Card,3,40.75,0.0,122.25,24.0,4.0,5.0,False
10000982,2024-11-05 19:27:33,393,Germany,Electronics,Marketplace,Credit Card,2,209.81,0.0,419.62,44.0,5.0,8.0,False
10003948,2024-11-06 01:02:03,18,Brazil,Toys,Mobile App,Credit Card,4,27.24,0.1,98.06,44.0,4.0,4.0,False
10004506,2024-11-06 04:46:31,614,Germany,Home & Garden,Web,Credit Card,2,68.19,0.0,136.38,37.0,5.0,5.0,False
10004149,2024-11-06 13:17:28,250,United Kingdom,Sports,Store,Credit Card,2,59.96,0.05,113.92,62.0,,4.0,False
10003985,2024-11-07 03:01:50,49,Brazil,Sports,Mobile App,Credit Card,2,139.28,0.0,278.56,46.0,5.0,4.0,False
10003451,2024-11-07 06:49:30,326,Brazil,Sports,Web,Credit Card,3,71.44,0.0,214.32,55.0,4.0,5.0,False
10004960,2024-11-07 08:23:37,444,France,Beauty,Store,Bank Transfer,4,67.49,0.0,269.96,49.0,4.0,4.0,False
10003558,2024-11-07 09:43:24,453,Brazil,Electronics,Mobile App,Credit Card,2,361.99,0.3,506.79,22.0,4.0,5.0,False
10001864,2024-11-07 10:44:25,611,France,Sports,Web,PayPal,3,49.14,0.1,132.68,37.0,5.0,4.0,False
10001838,2024-11-07 12:01:19,433,United Kingdom,Electronics,Web,PayPal,3,85.04,0.05,242.36,36.0,3.0,4.0,False
10000176,2024-11-07 15:53:36,351,Japan,Home & Garden,Store,Credit Card,4,68.86,0.0,275.44,31.0,5.0,2.0,False
10003863,2024-11-07 18:20:01,48,United States,Fashion,Marketplace,Credit Card,5,69.18,0.05,328.6,38.0,4.0,3.0,False
10000684,2024-11-07 22:46:19,151,France,Fashion,Marketplace,PayPal,1,39.25,0.0,39.25,26.0,3.0,6.0,False
10004634,2024-11-08 03:48:12,91,Canada,Electronics,Store,Credit Card,4,313.83,0.0,1255.32,34.0,4.0,5.0,False
10003163,2024-11-08 10:07:22,382,United Kingdom,Electronics,Mobile App,PayPal,2,148.62,0.0,297.24,50.0,3.0,3.0,False
10000691,2024-11-08 12:08:10,624,Italy,Fashion,Web,Credit Card,4,74.02,0.0,296.08,32.0,3.0,8.0,False
10001558,2024-11-08 17:07:13,304,Canada,Toys,Mobile App,PayPal,2,26.17,0.2,41.87,,4.0,7.0,False
10001296,2024-11-08 19:38:51,520,France,Electronics,Marketplace,Credit Card,1,443.41,0.0,443.41,80.0,4.0,6.0,False
10000002,2024-11-09 02:25:31,198,United Kingdom,Home & Garden,Marketplace,Bank Transfer,2,42.11,0.0,84.22,26.0,5.0,4.0,False
10000745,2024-11-09 06:13:02,239,France,Electronics,Web,Credit Card,1,133.23,0.2,106.58,,3.0,5.0,False
10003857,2024-11-10 03:33:54,153,Japan,Toys,Mobile App,Gift Card,4,17.39,0.1,62.6,67.0,5.0,3.0,False
10004461,2024-11-10 03:40:39,257,Japan,Home & Garden,Web,Gift Card,2,105.66,0.0,211.32,31.0,5.0,5.0,True
10001129,2024-11-10 06:13:16,507,Brazil,Toys,Web,PayPal,2,43.35,0.0,86.7,25.0,5.0,4.0,False
10004541,2024-11-10 07:29:12,429,Germany,Electronics,Web,Credit Card,3,186.31,0.1,503.04,,5.0,5.0,True
10001084,2024-11-10 12:58:07,242,Brazil,Fashion,Mobile App,Gift Card,4,75.91,0.3,212.55,46.0,3.0,4.0,False
10001332,2024-11-10 16:35:42,601,United States,Fashion,Web,Credit Card,1,147.56,0.1,132.8,31.0,4.0,6.0,False
10002838,2024-11-10 18:40:51,459,France,Fashion,Mobile App,Credit Card,4,40.74,0.0,162.96,57.0,5.0,5.0,False
10004429,2024-11-10 20:12:45,594,Germany,Electronics,Marketplace,Credit Card,5,375.65,0.0,1878.25,48.0,4.0,6.0,True
10003379,2024-11-11 06:33:25,8,United States,Sports,Marketplace,Credit Card,1,37.53,0.05,35.65,,3.0,5.0,False
10002887,2024-11-11 07:22:08,290,Spain,Home & Garden,Marketplace,PayPal,3,96.07,0.3,201.75,45.0,5.0,6.0,False
10004298,2024-11-11 08:37:50,351,Japan,Home & Garden,Web,Credit Card,4,100.33,0.3,280.92,47.0,4.0,11.0,False
10000187,2024-11-11 13:27:25,468,Italy,Electronics,Store,Gift Card,3,219.74,0.0,659.22,38.0,4.0,4.0,False
10004659,2024-11-11 21:55:24,394,Germany,Fashion,Mobile App,Credit Card,2,43.88,0.0,87.76,36.0,4.0,7.0,False
10004708,2024-11-11 23:59:51,78,United Kingdom,Toys,Store,Gift Card,3,38.56,0.05,109.9,45.0,4.0,4.0,False
10001156,2024-11-12 02:43:33,212,United States,Home & Garden,Mobile App,PayPal,3,66.22,0.0,198.66,38.0,3.0,2.0,False
10001881,2024-11-12 05:06:18,584,Canada,Electronics,Web,Credit Card,2,286.17,0.0,572.34,23.0,5.0,4.0,False
10000073,2024-11-12 18:17:48,567,Brazil,Beauty,Web,PayPal,4,39.84,0.1,143.42,50.0,,7.0,False
10002719,2024-11-12 18:31:11,349,Germany,Beauty,Mobile App,Bank Transfer,1,20.54,0.05,19.51,49.0,3.0,7.0,False
10000310,2024-11-13 03:44:50,589,United States,Fashion,Mobile App,Credit Card,2,47.25,0.0,94.5,23.0,5.0,6.0,False
10004351,2024-11-13 04:39:30,90,United States,Home & Garden,Web,Gift Card,3,53.96,0.0,161.88,23.0,4.0,6.0,False
10000800,2024-11-13 11:04:25,315,United States,Toys,Web,PayPal,2,28.78,0.1,51.8,60.0,4.0,6.0,False
10003330,2024-11-13 12:54:21,535,Germany,Fashion,Web,Credit Card,2,17.81,0.0,35.62,34.0,4.0,6.0,False
10004030,2024-11-13 15:58:21,456,United States,Home & Garden,Web,Credit Card,1,38.86,0.1,34.97,24.0,5.0,5.0,False
10001202,2024-11-13 17:39:07,499,Brazil,Beauty,Web,PayPal,5,38.5,0.2,154.0,28.0,3.0,7.0,False
10001688,2024-11-13 18:06:11,352,United States,Home & Garden,Mobile App,PayPal,1,45.31,0.1,40.78,48.0,4.0,6.0,False
10004961,2024-11-13 18:07:24,537,United States,Home & Garden,Marketplace,PayPal,2,175.3,0.05,333.07,36.0,4.0,5.0,False
10004570,2024-11-13 21:04:49,596,United States,Fashion,Web,Credit Card,4,47.26,0.3,132.33,39.0,3.0,5.0,False
10000887,2024-11-13 21:08:40,5,Canada,Home & Garden,Store,PayPal,2,60.49,0.0,120.98,55.0,4.0,5.0,False
10002519,2024-11-14 00:25:41,475,United Kingdom,Home & Garden,Mobile App,Credit Card,2,52.4,0.05,99.56,40.0,5.0,2.0,False
10000035,2024-11-14 11:05:51,513,United States,Electronics,Mobile App,Bank Transfer,2,371.8,0.0,743.6,19.0,5.0,3.0,False
10004487,2024-11-14 15:15:53,579,Germany,Fashion,Web,PayPal,2,39.64,0.0,79.28,37.0,4.0,4.0,False
10000320,2024-11-14 20:25:40,605,Spain,Beauty,Web,Credit Card,1,33.03,0.1,29.73,36.0,3.0,3.0,False
10000165,2024-11-14 21:03:32,349,Brazil,Beauty,Mobile App,PayPal,1,40.68,0.0,40.68,33.0,3.0,1.0,False
10002884,2024-11-15 09:23:45,6,Germany,Electronics,Web,Credit Card,1,197.73,0.1,177.96,22.0,4.0,7.0,False
10000572,2024-11-15 17:01:34,379,France,Beauty,Mobile App,PayPal,4,28.67,0.1,103.21,30.0,4.0,4.0,False
10003393,2024-11-15 19:00:41,593,Germany,Electronics,Web,PayPal,4,103.96,0.0,415.84,39.0,5.0,7.0,False
10003308,2024-11-16 05:13:50,441,United States,Home & Garden,Marketplace,PayPal,2,102.62,0.05,194.98,35.0,4.0,4.0,False
10004222,2024-11-16 06:14:11,490,Spain,Beauty,Web,Credit Card,1,36.27,0.0,36.27,38.0,4.0,3.0,False
10004362,2024-11-16 11:39:32,146,India,Toys,Web,Credit Card,2,41.86,0.0,83.72,46.0,5.0,10.0,False
10000728,2024-11-16 14:03:55,370,United Kingdom,Beauty,Mobile App,PayPal,6,26.97,0.05,153.73,,4.0,7.0,False
10003047,2024-11-16 15:12:27,62,United States,Fashion,Mobile App,Credit Card,3,32.14,0.0,96.42,39.0,4.0,3.0,False
10000702,2024-11-16 17:38:46,188,India,Beauty,Web,Credit Card,3,42.4,0.0,127.2,40.0,5.0,2.0,False
10004028,2024-11-16 20:35:49,221,Germany,Beauty,Web,Gift Card,4,41.02,0.05,155.88,26.0,4.0,7.0,False
10000280,2024-11-16 21:08:05,417,Germany,Fashion,Store,PayPal,2,30.25,0.0,60.5,42.0,4.0,5.0,False
10002273,2024-11-16 22:21:29,173,United States,Home & Garden,Web,Credit Card,1,41.9,0.0,41.9,58.0,4.0,11.0,True
10000421,2024-11-16 22:49:03,88,Brazil,Beauty,Web,Bank Transfer,4,37.53,0.3,105.08,28.0,4.0,6.0,False
10002381,2024-11-17 01:54:28,612,United States,Home & Garden,Marketplace,Credit Card,1,125.56,0.2,100.45,40.0,4.0,5.0,False
10000364,2024-11-17 02:48:10,303,United Kingdom,Toys,Web,Credit Card,2,40.0,0.05,76.0,51.0,3.0,6.0,False
10003614,2024-11-17 06:55:10,238,Germany,Sports,Mobile App,Gift Card,3,29.68,0.0,89.04,42.0,4.0,3.0,False
10003545,2024-11-17 07:14:57,401,India,Electronics,Mobile App,Bank Transfer,4,336.81,0.0,1347.24,42.0,5.0,4.0,True
10000867,2024-11-17 07:27:28,144,France,Electronics,Marketplace,PayPal,3,252.37,0.05,719.25,18.0,4.0,4.0,False
10004110,2024-11-17 18:56:44,545,France,Sports,Mobile App,Credit Card,2,49.56,0.2,79.3,37.0,4.0,7.0,False
10004701,2024-11-17 19:21:05,617,United States,Fashion,Marketplace,Credit Card,2,42.94,0.0,1030.56,,3.0,4.0,False
10002174,2024-11-17 20:04:23,357,France,Home & Garden,Web,PayPal,3,60.63,0.0,181.89,33.0,5.0,6.0,False
10002015,2024-11-18 08:16:15,359,Italy,Electronics,Marketplace,Credit Card,1,179.17,0.0,179.17,53.0,4.0,6.0,False
10000194,2024-11-18 08:28:13,238,Canada,Electronics,Mobile App,Credit Card,1,305.07,0.2,244.06,38.0,4.0,7.0,False
10004139,2024-11-18 08:38:42,539,Canada,Electronics,Store,Credit Card,3,299.13,0.0,897.39,37.0,4.0,5.0,False
10000911,2024-11-18 12:53:18,223,United States,Toys,Mobile App,Credit Card,2,24.39,0.1,43.9,48.0,3.0,6.0,False
10004140,2024-11-18 13:00:59,263,United States,Home & Garden,Store,Gift Card,4,72.54,0.0,290.16,46.0,,2.0,False
10004102,2024-11-18 15:14:14,384,Spain,Fashion,Marketplace,Credit Card,2,54.8,0.0,109.6,27.0,4.0,5.0,False
10000181,2024-11-18 17:37:30,608,India,Fashion,Marketplace,Credit Card,2,51.41,0.05,97.68,41.0,3.0,2.0,False
10000248,2024-11-18 17:59:55,169,Italy,Electronics,Web,Credit Card,7,170.33,0.05,1132.69,35.0,3.0,7.0,False
10001051,2024-11-18 20:10:43,359,Japan,Toys,Web,Bank Transfer,4,29.27,0.0,117.08,22.0,5.0,4.0,False
10003006,2024-11-18 20:40:26,491,United States,Home & Garden,Web,Credit Card,3,51.89,0.0,155.67,34.0,5.0,3.0,False
10001155,2024-11-18 23:31:29,556,Japan,Fashion,Mobile App,PayPal,1,85.35,0.1,76.82,54.0,5.0,10.0,False
10003099,2024-11-19 00:58:00,104,Canada,Sports,Mobile App,Credit Card,2,178.94,0.2,286.3,44.0,,2.0,False
10000441,2024-11-19 06:18:42,120,France,Home & Garden,Web,PayPal,1,172.21,0.0,172.21,48.0,4.0,8.0,False
10001277,2024-11-19 07:52:52,153,India,Fashion,Marketplace,Credit Card,3,75.03,0.0,225.09,18.0,2.0,6.0,False
10004538,2024-11-19 09:04:32,332,United States,Toys,Mobile App,Credit Card,3,36.0,0.1,97.2,34.0,3.0,4.0,False
10004863,2024-11-19 14:58:04,185,India,Home & Garden,Web,Credit Card,1,43.13,0.0,43.13,29.0,4.0,5.0,False
10004963,2024-11-19 17:28:31,403,Canada,Beauty,Web,Credit Card,4,21.12,0.3,59.14,37.0,4.0,1.0,False
10004585,2024-11-19 18:18:37,90,Italy,Fashion,Store,Bank Transfer,4,54.6,0.0,218.4,34.0,2.0,4.0,False
10003504,2024-11-20 03:00:34,121,United States,Electronics,Marketplace,Bank Transfer,1,91.13,0.0,91.13,32.0,4.0,5.0,False
10000108,2024-11-20 16:51:14,70,France,Toys,Web,Credit Card,1,37.71,0.1,33.94,18.0,,48.0,False
10002664,2024-11-20 18:52:32,539,United States,Fashion,Mobile App,Credit Card,1,57.97,0.0,57.97,37.0,3.0,5.0,False
10003516,2024-11-21 01:17:22,385,United States,Electronics,Mobile App,PayPal,5,510.17,0.05,2423.31,34.0,4.0,3.0,False
10003571,2024-11-21 02:00:55,278,United Kingdom,Fashion,Mobile App,Credit Card,3,40.03,0.1,108.08,53.0,4.0,4.0,False
10003752,2024-11-21 06:23:55,563,Spain,Beauty,Web,Bank Transfer,1,49.64,0.1,44.68,70.0,4.0,2.0,False
10003758,2024-11-21 06:30:45,106,India,Toys,Mobile App,PayPal,5,58.71,0.05,278.87,36.0,4.0,8.0,False
10001501,2024-11-21 21:39:43,304,Canada,Sports,Marketplace,Gift Card,2,97.66,0.1,175.79,29.0,3.0,5.0,False
10000505,2024-11-21 22:53:11,350,France,Electronics,Web,Credit Card,1,255.74,0.0,255.74,33.0,5.0,7.0,False
10003898,2024-11-22 01:04:48,63,United States,Beauty,Mobile App,Credit Card,2,31.31,0.0,62.62,18.0,5.0,5.0,False
10000390,2024-11-22 01:52:14,369,Italy,Home & Garden,Web,Bank Transfer,3,73.51,0.05,209.5,42.0,4.0,3.0,False
10002330,2024-11-22 06:49:45,154,United Kingdom,Electronics,Marketplace,Bank Transfer,3,268.7,0.0,806.1,55.0,5.0,1.0,False
10003280,2024-11-22 06:55:37,339,United States,Fashion,Mobile App,Credit Card,1,38.53,0.2,30.82,58.0,4.0,3.0,False
10003209,2024-11-22 07:55:19,572,Canada,Beauty,Store,PayPal,4,28.2,0.0,112.8,41.0,5.0,6.0,False
10000345,2024-11-22 08:04:44,139,India,Toys,Store,Credit Card,1,19.38,0.0,19.38,45.0,4.0,3.0,False
10002095,2024-11-22 08:20:14,328,France,Toys,Mobile App,PayPal,2,49.98,0.05,94.96,43.0,3.0,5.0,False
10002888,2024-11-22 14:49:40,414,India,Fashion,Web,PayPal,3,60.14,0.0,180.42,29.0,4.0,3.0,False
10003180,2024-11-23 00:37:00,529,France,Beauty,Marketplace,Credit Card,3,23.22,0.0,69.66,24.0,5.0,5.0,False
10000102,2024-11-23 07:55:11,272,France,Fashion,Web,PayPal,2,91.74,0.0,183.48,44.0,5.0,6.0,False
10004385,2024-11-23 08:35:32,268,Brazil,Electronics,Mobile App,PayPal,2,287.05,0.05,545.4,40.0,,2.0,False
10002483,2024-11-23 11:41:57,331,Germany,Home & Garden,Web,Bank Transfer,3,104.61,0.0,313.83,43.0,5.0,2.0,False
10002669,2024-11-23 14:57:39,241,United States,Home & Garden,Store,Credit Card,2,109.01,0.1,196.22,43.0,4.0,3.0,False
10004504,2024-11-24 00:39:20,393,Italy,Home & Garden,Mobile App,Credit Card,5,71.98,0.05,341.9,36.0,4.0,9.0,False
10000389,2024-11-24 01:57:25,119,France,Home & Garden,Web,PayPal,2,46.41,0.0,92.82,32.0,5.0,6.0,False
10003938,2024-11-24 04:50:39,381,United Kingdom,Beauty,Web,Bank Transfer,6,35.33,0.0,211.98,43.0,3.0,3.0,False
10002687,2024-11-24 08:54:46,256,Germany,Home & Garden,Mobile App,Credit Card,4,77.87,0.05,295.91,54.0,5.0,10.0,False
10002920,2024-11-24 12:06:52,61,Japan,Sports,Marketplace,Credit Card,3,70.64,0.1,190.73,32.0,4.0,6.0,False
10002699,2024-11-24 13:31:05,231,United States,Fashion,Marketplace,Gift Card,4,56.14,0.05,213.33,23.0,,4.0,False
10002019,2024-11-24 14:00:18,606,Canada,Electronics,Web,Bank Transfer,3,147.04,0.05,419.06,30.0,4.0,8.0,False
10000112,2024-11-24 14:59:05,63,Brazil,Home & Garden,Mobile App,Credit Card,1,102.51,0.0,102.51,51.0,5.0,4.0,False
10001286,2024-11-25 06:51:11,342,Canada,Electronics,Marketplace,Credit Card,1,247.4,0.05,235.03,,4.0,6.0,False
10002747,2024-11-25 11:56:52,212,United States,Fashion,Web,Gift Card,2,88.98,0.0,177.96,19.0,5.0,2.0,False
10002126,2024-11-25 13:52:28,278,United States,Home & Garden,Mobile App,PayPal,2,103.03,0.1,185.45,53.0,3.0,6.0,False
10004348,2024-11-25 18:53:52,582,United States,Fashion,Web,Credit Card,2,36.81,0.1,66.26,35.0,3.0,4.0,False
10000087,2024-11-27 00:28:47,624,United States,Fashion,Mobile App,Bank Transfer,2,35.66,0.1,64.19,38.0,,7.0,False
10002458,2024-11-27 02:01:17,496,India,Electronics,Mobile App,PayPal,2,349.63,0.0,699.26,38.0,3.0,6.0,False
10004575,2024-11-27 05:22:56,17,Brazil,Beauty,Web,PayPal,2,49.92,0.05,94.85,32.0,4.0,8.0,False
10002601,2024-11-27 19:31:46,20,Canada,Fashion,Web,PayPal,2,37.63,0.0,75.26,35.0,4.0,4.0,False
10003851,2024-11-27 20:26:29,592,Brazil,Electronics,Store,Gift Card,4,287.1,0.0,1148.4,33.0,4.0,4.0,False
10003626,2024-11-28 04:45:03,477,Italy,Fashion,Web,PayPal,4,107.69,0.0,430.76,35.0,4.0,5.0,False
10003620,2024-11-28 12:11:34,503,Italy,Electronics,Mobile App,Credit Card,3,103.06,0.0,309.18,25.0,2.0,2.0,False
10000568,2024-11-28 12:51:22,347,Germany,Electronics,Mobile App,Gift Card,3,417.11,0.0,1251.33,34.0,,3.0,False
10001010,2024-11-29 01:36:38,281,Italy,Beauty,Web,Credit Card,1,23.11,0.0,23.11,19.0,4.0,9.0,False
10001583,2024-11-29 04:00:57,56,Germany,Electronics,Web,Credit Card,3,124.73,0.1,336.77,50.0,5.0,6.0,False
10004226,2024-11-29 06:36:05,605,India,Electronics,Mobile App,PayPal,3,243.85,0.0,731.55,37.0,5.0,5.0,False
10003514,2024-11-29 16:37:49,268,United States,Beauty,Web,PayPal,4,118.79,0.05,451.4,49.0,4.0,7.0,False
10002775,2024-11-30 09:09:01,543,United States,Electronics,Mobile App,PayPal,3,165.67,0.05,472.16,42.0,4.0,6.0,False
10003914,2024-11-30 17:09:26,256,Brazil,Sports,Mobile App,PayPal,2,38.78,0.1,69.8,26.0,,6.0,False
10001963,2024-11-30 17:34:13,159,Canada,Home & Garden,Mobile App,Gift Card,2,96.78,0.2,154.85,,4.0,6.0,False
10004635,2024-11-30 17:53:14,304,United States,Beauty,Web,Credit Card,2,45.36,0.05,86.18,62.0,5.0,5.0,False
10001293,2024-11-30 23:41:39,277,Brazil,Toys,Web,Credit Card,1,18.26,0.0,18.26,22.0,4.0,2.0,False
10003058,2024-12-01 04:09:29,608,United Kingdom,Fashion,Web,PayPal,1,82.96,0.0,82.96,36.0,3.0,8.0,False
10004793,2024-12-01 07:44:59,253,United States,Sports,Mobile App,Credit Card,7,26.76,0.2,149.86,18.0,1.0,5.0,False
10001690,2024-12-01 10:35:10,118,United States,Beauty,Mobile App,Credit Card,2,31.41,0.0,62.82,50.0,,4.0,False
10004931,2024-12-01 16:48:37,128,Germany,Beauty,Mobile App,PayPal,5,17.48,0.1,78.66,41.0,4.0,4.0,False
10004687,2024-12-02 01:09:06,148,India,Electronics,Web,Credit Card,1,282.96,0.05,268.81,55.0,3.0,9.0,False
10002604,2024-12-02 01:28:11,151,India,Fashion,Mobile App,Credit Card,2,43.89,0.2,70.22,25.0,4.0,5.0,False
10001633,2024-12-02 02:45:10,57,Spain,Home & Garden,Web,Credit Card,2,73.43,0.3,102.8,41.0,4.0,4.0,True
10000650,2024-12-02 03:48:18,292,United States,Fashion,Mobile App,Credit Card,2,84.21,0.2,134.74,33.0,2.0,4.0,False
10003151,2024-12-02 04:27:13,588,United States,Home & Garden,Mobile App,Bank Transfer,4,152.94,0.3,428.23,35.0,4.0,4.0,False
10001449,2024-12-02 05:31:21,318,France,Beauty,Mobile App,Credit Card,3,50.95,0.2,122.28,30.0,1.0,7.0,False
10001913,2024-12-02 07:56:50,473,France,Electronics,Web,Credit Card,3,302.94,0.05,863.38,66.0,4.0,4.0,False
10004973,2024-12-02 08:54:27,299,United States,Electronics,Mobile App,PayPal,4,306.37,0.0,1225.48,28.0,3.0,6.0,False
10001750,2024-12-02 20:05:29,60,India,Fashion,Mobile App,Gift Card,2,97.54,0.05,185.33,31.0,4.0,5.0,False
10004518,2024-12-03 02:23:59,413,United States,Fashion,Mobile App,Credit Card,3,96.79,0.0,290.37,45.0,4.0,3.0,False
10000590,2024-12-03 02:52:35,339,United States,Electronics,Marketplace,PayPal,5,138.86,0.0,694.3,18.0,3.0,6.0,False
10000590,2024-12-03 02:52:35,339,United States,Electronics,Marketplace,PayPal,5,138.86,0.0,694.3,18.0,3.0,6.0,False
10002065,2024-12-03 06:21:59,415,Germany,Home & Garden,Web,Credit Card,3,53.1,0.0,159.3,27.0,4.0,4.0,False
10002940,2024-12-03 19:58:16,571,Italy,Electronics,Web,PayPal,5,227.48,0.0,1137.4,38.0,,4.0,False
10004070,2024-12-04 00:52:19,473,United States,Fashion,Web,Credit Card,1,59.55,0.05,56.57,19.0,5.0,2.0,False
10002961,2024-12-04 06:32:25,207,Spain,Beauty,Web,PayPal,4,14.15,0.1,50.94,41.0,4.0,6.0,False
10003135,2024-12-04 09:21:11,155,India,Sports,Web,PayPal,3,69.62,0.0,208.86,21.0,5.0,6.0,False
10001840,2024-12-04 21:22:50,173,Germany,Home & Garden,Marketplace,Credit Card,4,42.55,0.05,161.69,21.0,5.0,4.0,False
10001255,2024-12-05 01:31:01,391,France,Electronics,Mobile App,Credit Card,4,373.01,0.05,1417.44,45.0,4.0,4.0,False
10000678,2024-12-05 04:52:13,359,United States,Home & Garden,Marketplace,PayPal,2,71.86,0.1,129.35,38.0,,4.0,False
10000562,2024-12-05 10:43:33,132,France,Electronics,Store,Credit Card,5,309.61,0.0,1548.05,46.0,4.0,4.0,False
10003723,2024-12-05 14:32:05,104,France,Electronics,Mobile App,Credit Card,3,395.16,0.0,1185.48,46.0,3.0,4.0,True
10001463,2024-12-05 18:16:12,262,United States,Sports,Marketplace,Credit Card,2,94.73,0.2,151.57,32.0,5.0,4.0,False
10000878,2024-12-05 22:09:04,69,United Kingdom,Electronics,Web,PayPal,5,169.79,0.3,594.26,34.0,4.0,2.0,False
10000007,2024-12-06 01:31:28,586,United States,Toys,Store,Credit Card,4,24.62,0.0,98.48,47.0,5.0,3.0,False
10002112,2024-12-06 03:44:59,134,Italy,Electronics,Web,PayPal,4,205.73,0.0,822.92,35.0,4.0,5.0,False
10003001,2024-12-06 15:49:32,617,Italy,Home & Garden,Mobile App,Credit Card,4,79.7,0.0,318.8,38.0,4.0,4.0,False
10004426,2024-12-07 00:46:50,541,France,Fashion,Web,Credit Card,2,60.42,0.0,120.84,29.0,5.0,5.0,False
10003055,2024-12-07 01:27:08,40,United Kingdom,Fashion,Mobile App,PayPal,3,58.83,0.2,141.19,35.0,4.0,1.0,False
10003265,2024-12-07 02:46:36,335,United Kingdom,Beauty,Mobile App,PayPal,2,23.78,0.0,47.56,29.0,5.0,6.0,False
10000971,2024-12-07 03:36:32,342,Brazil,Beauty,Mobile App,Credit Card,3,40.63,0.0,121.89,19.0,,7.0,False
10004970,2024-12-07 03:56:01,50,United States,Sports,Mobile App,Credit Card,3,63.33,0.05,180.49,38.0,4.0,4.0,False
10001612,2024-12-07 09:23:32,522,United States,Electronics,Mobile App,Credit Card,2,259.28,0.0,518.56,,3.0,5.0,False
10004446,2024-12-07 18:07:23,313,India,Home & Garden,Store,PayPal,2,112.86,0.0,225.72,26.0,5.0,6.0,False
10002952,2024-12-07 23:06:24,276,Germany,Home & Garden,Mobile App,PayPal,3,82.0,0.2,196.8,26.0,3.0,4.0,False
10002693,2024-12-08 03:51:54,6,United Kingdom,Electronics,Web,Gift Card,4,99.56,0.0,398.24,36.0,5.0,5.0,False
10002108,2024-12-08 14:53:37,624,United States,Home & Garden,Web,Credit Card,2,89.72,0.05,170.47,48.0,3.0,3.0,False
10004682,2024-12-08 15:24:42,153,Germany,Home & Garden,Mobile App,Bank Transfer,5,39.74,0.05,188.76,33.0,5.0,4.0,False
10000318,2024-12-08 17:24:09,448,Germany,Fashion,Web,Credit Card,2,107.21,0.0,214.42,19.0,4.0,4.0,False
10003271,2024-12-09 03:41:06,532,Spain,Electronics,Mobile App,PayPal,2,179.71,0.2,287.54,47.0,,4.0,False
10002567,2024-12-09 06:54:59,508,France,Home & Garden,Mobile App,Credit Card,4,61.95,0.0,247.8,41.0,4.0,2.0,False
10001095,2024-12-09 08:36:31,180,France,Home & Garden,Store,Credit Card,4,41.65,0.0,166.6,43.0,3.0,11.0,False
10000694,2024-12-09 10:03:43,33,India,Fashion,Web,Gift Card,5,38.64,0.0,193.2,47.0,4.0,6.0,False
10004705,2024-12-09 12:06:27,405,France,Fashion,Store,Credit Card,3,36.18,0.0,108.54,18.0,5.0,4.0,False
10004714,2024-12-09 21:05:40,38,India,Beauty,Web,Credit Card,1,15.86,0.05,15.07,18.0,4.0,4.0,False
10000674,2024-12-09 21:23:39,206,Canada,Beauty,Web,Bank Transfer,3,37.16,0.05,105.91,24.0,3.0,3.0,False
10002053,2024-12-09 23:36:40,228,Canada,Fashion,Web,Credit Card,5,36.95,0.0,184.75,40.0,3.0,4.0,False
10003228,2024-12-10 06:56:49,219,United States,Fashion,Web,Credit Card,2,74.08,0.0,148.16,57.0,3.0,3.0,False
10001886,2024-12-10 12:14:16,333,India,Fashion,Web,PayPal,2,59.6,0.3,83.44,18.0,4.0,9.0,False
10004497,2024-12-10 15:19:39,220,Italy,Toys,Store,PayPal,2,22.69,0.1,40.84,29.0,5.0,3.0,False
10000350,2024-12-10 17:11:07,308,Canada,Fashion,Web,Credit Card,3,79.52,0.05,226.63,18.0,4.0,3.0,False
10000969,2024-12-10 18:52:45,278,United States,Electronics,Marketplace,Credit Card,2,412.78,0.05,784.28,45.0,,3.0,False
10001903,2024-12-10 21:09:37,604,Germany,Beauty,Mobile App,Gift Card,2,98.86,0.0,197.72,37.0,3.0,4.0,False
10004818,2024-12-11 08:20:45,49,Spain,Electronics,Marketplace,Credit Card,4,189.5,0.0,758.0,47.0,4.0,4.0,False
10003093,2024-12-11 10:43:56,174,United States,Home & Garden,Mobile App,Bank Transfer,1,59.49,0.0,59.49,53.0,4.0,3.0,False
10001790,2024-12-11 12:13:05,370,Brazil,Fashion,Mobile App,Credit Card,4,61.46,0.0,245.84,41.0,4.0,3.0,True
10003298,2024-12-11 13:57:01,311,United States,Home & Garden,Web,Credit Card,1,189.32,0.0,189.32,36.0,5.0,2.0,False
10003921,2024-12-11 14:03:00,380,Brazil,Home & Garden,Web,Credit Card,5,97.93,0.0,489.65,36.0,5.0,5.0,False
10002627,2024-12-11 14:17:51,257,Spain,Sports,Store,PayPal,4,32.68,0.05,124.18,53.0,2.0,3.0,False
10001662,2024-12-11 16:10:17,244,France,Home & Garden,Mobile App,Bank Transfer,2,115.31,0.0,230.62,45.0,5.0,1.0,False
10003123,2024-12-11 20:52:18,9,India,Fashion,Web,Credit Card,2,24.64,0.1,44.35,24.0,4.0,7.0,False
10001820,2024-12-11 23:05:15,238,United States,Fashion,Web,PayPal,3,22.7,0.0,68.1,43.0,3.0,10.0,False
10001832,2024-12-11 23:21:04,159,Spain,Fashion,Web,Credit Card,3,43.06,0.0,129.18,21.0,3.0,8.0,False
10000339,2024-12-12 09:56:53,336,Canada,Electronics,Web,Credit Card,2,161.83,0.2,258.93,42.0,5.0,4.0,False
10000272,2024-12-12 13:59:31,13,Germany,Beauty,Web,Credit Card,6,80.24,0.2,385.15,38.0,4.0,7.0,False
10001336,2024-12-12 22:16:13,91,India,Toys,Web,Credit Card,1,22.17,0.3,15.52,28.0,4.0,3.0,True
10004195,2024-12-13 00:57:20,352,Italy,Toys,Web,Gift Card,3,14.46,0.2,34.7,25.0,3.0,4.0,False
10001839,2024-12-13 03:52:59,331,Germany,Sports,Mobile App,Credit Card,6,54.11,0.0,324.66,32.0,5.0,4.0,False
10001472,2024-12-13 07:06:13,57,France,Beauty,Web,Credit Card,1,52.65,0.05,50.02,28.0,4.0,8.0,False
10001698,2024-12-13 09:28:50,383,Brazil,Toys,Web,Bank Transfer,2,31.14,0.3,43.6,38.0,4.0,6.0,False
10000417,2024-12-13 15:04:03,451,Japan,Fashion,Web,Credit Card,3,38.21,0.05,108.9,46.0,4.0,3.0,False
10000105,2024-12-13 15:38:06,124,Germany,Electronics,Web,Credit Card,2,171.72,0.2,274.75,33.0,,5.0,False
10000628,2024-12-13 15:45:42,222,United States,Fashion,Web,PayPal,1,60.13,0.1,54.12,20.0,,1.0,False
10003556,2024-12-13 21:49:12,251,Brazil,Toys,Web,Bank Transfer,2,19.88,0.0,39.76,24.0,4.0,11.0,False
10003644,2024-12-14 00:39:21,352,United States,Fashion,Web,Credit Card,1,90.53,0.0,90.53,38.0,5.0,3.0,False
10000630,2024-12-14 05:14:24,562,United Kingdom,Electronics,Mobile App,Gift Card,1,245.8,0.2,196.64,33.0,4.0,6.0,False
10003173,2024-12-14 05:30:25,77,United States,Toys,Web,PayPal,1,35.44,0.0,35.44,44.0,5.0,4.0,False
10001738,2024-12-14 10:33:23,161,United States,Beauty,Store,Bank Transfer,4,36.22,0.05,137.64,43.0,5.0,7.0,False
10000639,2024-12-14 12:22:09,378,Brazil,Beauty,Web,Credit Card,3,58.2,0.1,157.14,59.0,3.0,4.0,False
10000384,2024-12-14 21:40:10,271,France,Home & Garden,Mobile App,Credit Card,4,62.38,0.2,199.62,58.0,3.0,4.0,False
10001857,2024-12-15 10:22:23,507,Germany,Electronics,Web,Credit Card,3,116.81,0.1,315.39,21.0,3.0,6.0,False
10000647,2024-12-15 12:13:39,318,United States,Toys,Web,PayPal,2,19.98,0.05,37.96,39.0,4.0,8.0,False
10003126,2024-12-15 13:19:04,291,United States,Toys,Mobile App,Credit Card,3,7.9,0.0,23.7,44.0,4.0,6.0,False
10003775,2024-12-15 20:20:17,194,India,Electronics,Marketplace,Bank Transfer,2,91.51,0.0,183.02,,5.0,6.0,False
10001977,2024-12-16 01:31:43,73,United States,Fashion,Mobile App,Credit Card,2,67.57,0.0,135.14,43.0,4.0,2.0,False
10000811,2024-12-16 05:28:54,148,Canada,Fashion,Store,Bank Transfer,2,19.33,0.3,27.06,58.0,,2.0,False
10001605,2024-12-16 11:12:04,244,United Kingdom,Sports,Web,Credit Card,5,90.4,0.0,452.0,22.0,2.0,9.0,False
10004940,2024-12-16 13:39:38,298,United States,Electronics,Web,Credit Card,2,303.74,0.1,546.73,46.0,5.0,6.0,False
10003977,2024-12-16 17:50:34,58,United States,Electronics,Web,Credit Card,1,345.91,0.0,345.91,45.0,4.0,5.0,False
10003258,2024-12-17 01:03:15,36,United States,Home & Garden,Web,PayPal,5,113.79,0.05,540.5,48.0,4.0,2.0,False
10000449,2024-12-17 14:39:45,316,France,Electronics,Mobile App,Bank Transfer,1,211.88,0.1,190.69,26.0,4.0,7.0,False
10004291,2024-12-17 17:28:44,446,Germany,Electronics,Mobile App,Credit Card,1,171.03,0.1,153.93,33.0,4.0,4.0,False
10003211,2024-12-17 22:13:23,108,Spain,Fashion,Web,Bank Transfer,1,81.92,0.1,73.73,58.0,4.0,4.0,False
10000775,2024-12-18 04:36:00,121,Germany,Home & Garden,Marketplace,PayPal,3,79.11,0.05,225.46,48.0,3.0,6.0,False
10004332,2024-12-18 04:53:15,58,United States,Home & Garden,Store,PayPal,3,142.16,0.0,426.48,61.0,3.0,5.0,False
10000061,2024-12-18 06:56:01,594,United States,Electronics,Store,Credit Card,2,202.21,0.0,404.42,22.0,5.0,6.0,False
10004191,2024-12-18 08:22:15,466,Spain,Home & Garden,Web,Credit Card,1,66.44,0.2,53.15,58.0,4.0,5.0,False
10000853,2024-12-18 12:33:07,174,United States,Toys,Store,Credit Card,2,16.19,0.1,29.14,31.0,,8.0,False
10002893,2024-12-18 16:13:11,44,United States,Home & Garden,Mobile App,PayPal,1,58.35,0.0,58.35,20.0,,5.0,False
10001143,2024-12-18 18:26:25,234,Italy,Electronics,Web,PayPal,3,179.21,0.05,510.75,44.0,4.0,5.0,False
10002384,2024-12-18 19:02:16,76,United States,Beauty,Marketplace,Credit Card,1,36.21,0.1,32.59,42.0,2.0,4.0,False
10004311,2024-12-18 21:15:32,150,India,Electronics,Mobile App,PayPal,2,261.35,0.0,522.7,53.0,4.0,8.0,False
10003466,2024-12-19 07:59:29,117,France,Sports,Web,Credit Card,2,63.15,0.0,126.3,47.0,5.0,10.0,False
10002873,2024-12-19 08:57:10,413,Italy,Home & Garden,Web,Gift Card,1,164.24,0.0,164.24,18.0,4.0,6.0,False
10004641,2024-12-19 11:20:16,162,India,Sports,Web,Credit Card,3,48.35,0.1,130.55,41.0,5.0,5.0,False
10001591,2024-12-19 12:13:50,550,United States,Toys,Marketplace,Bank Transfer,4,37.53,0.05,142.61,33.0,3.0,4.0,True
10001525,2024-12-19 12:56:17,298,India,Electronics,Store,PayPal,2,281.6,0.0,563.2,52.0,5.0,5.0,False
10004775,2024-12-19 13:35:43,578,India,Fashion,Store,Credit Card,3,185.2,0.0,555.6,38.0,5.0,8.0,False
10002000,2024-12-19 19:45:45,44,United States,Fashion,Web,PayPal,2,54.74,0.3,76.64,50.0,,4.0,False
10001910,2024-12-19 21:13:59,472,France,Electronics,Mobile App,Bank Transfer,1,154.17,0.05,146.46,51.0,4.0,7.0,False
10002356,2024-12-20 02:27:53,48,India,Fashion,Web,Credit Card,1,48.0,0.05,45.6,27.0,5.0,2.0,False
10001068,2024-12-20 02:50:04,247,India,Electronics,Web,Credit Card,1,164.82,0.1,148.34,47.0,2.0,4.0,False
10002587,2024-12-20 04:15:26,620,United States,Electronics,Store,Bank Transfer,4,212.74,0.05,808.41,52.0,2.0,5.0,False
10002587,2024-12-20 04:15:26,620,United States,Electronics,Store,Bank Transfer,4,212.74,0.05,808.41,52.0,2.0,5.0,False
10003968,2024-12-20 05:17:58,314,United States,Home & Garden,Web,Credit Card,1,83.02,0.1,74.72,43.0,4.0,7.0,False
10000482,2024-12-20 08:48:25,254,United States,Fashion,Marketplace,PayPal,2,61.38,0.0,122.76,42.0,4.0,8.0,False
10002681,2024-12-20 13:18:17,556,Germany,Sports,Web,PayPal,3,44.49,0.1,120.12,53.0,4.0,7.0,False
10000913,2024-12-20 13:50:26,607,United States,Toys,Marketplace,Credit Card,2,45.08,0.0,90.16,27.0,5.0,4.0,False
10003759,2024-12-20 19:08:58,158,Spain,Fashion,Web,PayPal,2,105.37,0.1,189.67,66.0,5.0,5.0,False
10001414,2024-12-20 19:20:30,183,United States,Fashion,Marketplace,Credit Card,3,63.9,0.2,153.36,18.0,4.0,8.0,False
10002792,2024-12-21 04:56:17,563,United States,Electronics,Marketplace,Credit Card,2,63.38,0.0,126.76,20.0,5.0,5.0,False
10001726,2024-12-21 12:12:00,149,India,Home & Garden,Mobile App,PayPal,2,47.89,0.2,76.62,18.0,4.0,3.0,False
10000507,2024-12-21 12:12:59,423,Japan,Home & Garden,Web,Credit Card,3,51.48,0.0,154.44,18.0,4.0,6.0,False
10001289,2024-12-21 17:21:44,107,France,Beauty,Marketplace,Credit Card,5,75.94,0.0,379.7,68.0,,2.0,False
10003172,2024-12-21 18:54:29,92,United States,Electronics,Mobile App,Credit Card,3,173.07,0.0,519.21,44.0,4.0,4.0,False
10003500,2024-12-21 22:14:21,240,United States,Home & Garden,Store,Credit Card,1,270.36,0.0,270.36,47.0,5.0,9.0,False
10000841,2024-12-21 23:56:16,335,Canada,Electronics,Store,PayPal,2,263.02,0.2,420.83,47.0,4.0,4.0,False
10004185,2024-12-22 02:40:24,76,United States,Fashion,Store,Credit Card,1,45.11,0.0,45.11,33.0,4.0,2.0,False
10004954,2024-12-22 07:21:19,45,Brazil,Home & Garden,Mobile App,Credit Card,4,85.1,0.05,323.38,33.0,4.0,9.0,False
10003189,2024-12-22 08:07:57,597,Germany,Home & Garden,Store,Bank Transfer,2,103.35,0.2,165.36,37.0,3.0,3.0,False
10003691,2024-12-22 09:08:11,288,India,Electronics,Web,Gift Card,3,203.46,0.1,549.34,36.0,3.0,2.0,False
10001328,2024-12-22 11:51:28,379,Brazil,Electronics,Mobile App,Gift Card,3,349.23,0.0,1047.69,39.0,4.0,4.0,False
10001498,2024-12-22 12:50:05,573,France,Beauty,Marketplace,PayPal,1,43.13,0.0,43.13,21.0,3.0,1.0,False
10003501,2024-12-22 15:58:41,389,Germany,Electronics,Mobile App,PayPal,3,334.13,0.0,1002.39,18.0,3.0,6.0,False
10003790,2024-12-22 16:21:15,428,Spain,Toys,Web,Credit Card,2,32.5,0.05,61.75,26.0,3.0,4.0,False
10000018,2024-12-22 20:02:26,279,Canada,Sports,Web,Credit Card,3,57.37,0.05,163.5,35.0,4.0,10.0,False
10002028,2024-12-22 20:50:29,454,Japan,Home & Garden,Mobile App,Credit Card,6,99.91,0.1,539.51,54.0,4.0,8.0,False
10002614,2024-12-23 02:13:40,192,France,Electronics,Web,PayPal,1,223.48,0.05,212.31,55.0,3.0,5.0,False
10001065,2024-12-23 11:01:28,336,India,Beauty,Web,PayPal,2,18.38,0.1,33.08,40.0,3.0,6.0,False
10000986,2024-12-23 11:34:05,505,Germany,Sports,Mobile App,PayPal,2,123.01,0.0,246.02,24.0,3.0,6.0,False
10000909,2024-12-23 13:05:34,57,Italy,Beauty,Web,PayPal,1,25.4,0.0,25.4,32.0,4.0,6.0,False
10001593,2024-12-23 13:50:23,575,United States,Fashion,Web,Credit Card,2,56.14,0.3,78.6,24.0,2.0,6.0,False
10000665,2024-12-23 14:00:23,167,United States,Beauty,Store,PayPal,2,20.81,0.0,41.62,33.0,3.0,10.0,False
10002517,2024-12-23 15:39:52,210,United States,Fashion,Web,Credit Card,1,53.02,0.1,47.72,34.0,3.0,7.0,False
10002955,2024-12-23 15:57:33,212,Spain,Electronics,Web,Bank Transfer,5,163.26,0.05,775.48,69.0,4.0,5.0,False
10004600,2024-12-23 17:03:41,425,India,Electronics,Mobile App,PayPal,4,495.94,0.2,1587.01,37.0,4.0,7.0,False
10001737,2024-12-23 17:05:46,607,France,Toys,Mobile App,PayPal,1,25.62,0.0,25.62,45.0,3.0,5.0,False
10000968,2024-12-23 23:11:04,285,France,Fashion,Mobile App,Gift Card,4,69.2,0.0,276.8,18.0,4.0,4.0,False
10004868,2024-12-24 01:39:23,322,France,Electronics,Marketplace,PayPal,2,102.0,0.2,163.2,35.0,,6.0,True
10003874,2024-12-24 02:43:09,409,Germany,Home & Garden,Marketplace,Credit Card,3,61.0,0.3,128.1,39.0,4.0,3.0,False
10001946,2024-12-24 04:36:38,293,India,Fashion,Web,Credit Card,1,67.31,0.05,63.94,45.0,5.0,2.0,False
10000126,2024-12-24 11:11:32,336,Germany,Sports,Mobile App,Credit Card,3,121.55,0.05,346.42,32.0,4.0,4.0,False
10004567,2024-12-24 12:19:04,218,Brazil,Electronics,Mobile App,PayPal,4,267.41,0.1,962.68,27.0,5.0,4.0,False
10001000,2024-12-24 23:40:06,566,Germany,Electronics,Web,PayPal,2,187.88,0.1,338.18,46.0,4.0,5.0,False
10002132,2024-12-25 02:47:09,528,United States,Toys,Web,Credit Card,1,33.39,0.2,26.71,34.0,5.0,4.0,False
10001912,2024-12-25 03:55:00,212,Spain,Fashion,Web,Bank Transfer,3,60.04,0.0,180.12,39.0,4.0,3.0,False
10002457,2024-12-25 11:18:34,577,United Kingdom,Home & Garden,Marketplace,Credit Card,2,72.37,0.2,115.79,35.0,4.0,5.0,False
10000144,2024-12-25 21:56:50,50,France,Fashion,Mobile App,Credit Card,1,37.99,0.0,37.99,43.0,,5.0,False
10001041,2024-12-25 22:08:52,328,Canada,Fashion,Web,Bank Transfer,3,103.01,0.05,293.58,28.0,4.0,6.0,False
10002113,2024-12-26 01:00:21,149,Germany,Fashion,Web,PayPal,1,130.81,0.0,130.81,37.0,5.0,5.0,False
10003049,2024-12-26 01:41:24,61,United Kingdom,Fashion,Marketplace,Credit Card,3,40.4,0.2,96.96,70.0,3.0,5.0,False
10003239,2024-12-26 06:05:41,500,United States,Home & Garden,Mobile App,Credit Card,2,141.69,0.0,283.38,18.0,4.0,8.0,False
10000132,2024-12-26 11:35:11,350,Canada,Electronics,Web,PayPal,1,155.75,0.1,140.18,46.0,3.0,5.0,False
10001883,2024-12-26 13:04:12,4,United States,Fashion,Web,Credit Card,2,51.31,0.0,102.62,42.0,4.0,6.0,False
10000044,2024-12-26 17:01:54,352,United States,Fashion,Mobile App,PayPal,1,52.22,0.0,52.22,34.0,3.0,5.0,False
10004851,2024-12-26 19:38:55,234,United Kingdom,Sports,Marketplace,Credit Card,1,134.32,0.1,120.89,35.0,4.0,3.0,False
10002823,2024-12-26 23:30:25,522,United Kingdom,Fashion,Store,Credit Card,4,128.77,0.05,489.33,40.0,5.0,6.0,False
10001843,2024-12-26 23:42:41,339,United States,Fashion,Web,PayPal,2,90.92,0.2,145.47,53.0,5.0,3.0,False
10001224,2024-12-27 04:48:19,132,Brazil,Fashion,Web,Credit Card,2,82.66,0.1,148.79,45.0,4.0,2.0,False
10004749,2024-12-27 11:34:18,124,Brazil,Electronics,Marketplace,Credit Card,1,168.57,0.0,168.57,,4.0,5.0,False
10004171,2024-12-27 16:53:49,532,Italy,Home & Garden,Web,Gift Card,3,68.17,0.05,194.28,61.0,5.0,9.0,False
10002130,2024-12-28 03:41:27,507,United States,Fashion,Web,Credit Card,2,41.39,0.1,74.5,43.0,,7.0,False
10003486,2024-12-28 04:03:15,19,France,Beauty,Web,Credit Card,3,40.41,0.2,96.98,47.0,3.0,3.0,False
10000890,2024-12-28 06:13:24,511,Brazil,Home & Garden,Marketplace,Credit Card,3,58.23,0.05,165.96,23.0,,5.0,False
10002274,2024-12-28 22:03:17,243,Germany,Electronics,Mobile App,Credit Card,3,229.61,0.0,688.83,23.0,5.0,3.0,False
10004680,2024-12-29 05:02:16,279,Brazil,Fashion,Web,PayPal,3,72.8,0.0,218.4,28.0,4.0,2.0,False
10002351,2024-12-29 13:40:35,497,India,Electronics,Store,Credit Card,3,222.64,0.0,667.92,32.0,5.0,5.0,False
10003084,2024-12-29 21:35:23,192,France,Sports,Store,Credit Card,1,76.67,0.0,76.67,39.0,5.0,3.0,False
10003366,2024-12-29 21:40:29,276,United States,Beauty,Marketplace,PayPal,2,25.66,0.1,46.19,48.0,3.0,8.0,False
10003095,2024-12-29 23:10:28,78,France,Beauty,Marketplace,Credit Card,4,55.46,0.05,210.75,27.0,4.0,4.0,False
10003427,2024-12-30 04:33:37,454,United States,Beauty,Web,Credit Card,4,30.35,0.05,115.33,27.0,5.0,2.0,False
10002395,2024-12-30 07:13:46,130,Canada,Toys,Marketplace,Credit Card,3,19.24,0.0,57.72,21.0,4.0,4.0,False
10002123,2024-12-30 08:39:17,454,United States,Home & Garden,Web,Credit Card,2,31.93,0.0,63.86,39.0,,2.0,True
10003378,2024-12-30 09:58:19,130,United Kingdom,Fashion,Web,Credit Card,2,29.56,0.05,56.16,29.0,5.0,5.0,False
10000047,2024-12-30 09:59:48,200,Canada,Home & Garden,Web,Credit Card,4,73.43,0.3,205.6,,4.0,3.0,False
10000228,2024-12-30 11:45:16,17,India,Beauty,Web,Bank Transfer,3,70.65,0.05,201.35,,5.0,9.0,False
10003950,2024-12-30 15:08:20,419,United States,Fashion,Web,PayPal,3,37.96,0.0,113.88,28.0,3.0,3.0,False
10003699,2024-12-30 17:54:27,367,Italy,Fashion,Web,Credit Card,1,36.15,0.0,36.15,37.0,4.0,4.0,False
10003809,2024-12-30 23:26:52,57,Brazil,Beauty,Marketplace,PayPal,2,13.47,0.3,18.86,36.0,5.0,7.0,False
10001711,2024-12-31 05:20:23,88,Italy,Home & Garden,Mobile App,Credit Card,1,144.04,0.0,144.04,33.0,5.0,2.0,False
10002986,2024-12-31 07:31:20,168,United States,Fashion,Web,Bank Transfer,5,65.77,0.05,312.41,31.0,5.0,6.0,False
10000872,2024-12-31 21:02:55,457,United Kingdom,Home & Garden,Marketplace,Gift Card,4,43.78,0.0,175.12,22.0,4.0,4.0,False
10004972,2025-01-01 02:34:03,318,United States,Fashion,Web,Credit Card,3,78.05,0.0,234.15,35.0,4.0,8.0,False
10001176,2025-01-01 03:00:34,442,Germany,Electronics,Web,PayPal,2,103.19,0.0,206.38,51.0,3.0,5.0,False
10000408,2025-01-01 04:46:49,435,Italy,Home & Garden,Mobile App,PayPal,3,94.74,0.0,284.22,,5.0,6.0,False
10001971,2025-01-01 12:54:52,158,Japan,Beauty,Mobile App,Credit Card,3,22.15,0.0,66.45,42.0,3.0,6.0,False
10002288,2025-01-01 14:13:48,128,Canada,Electronics,Mobile App,PayPal,2,392.21,0.0,784.42,46.0,5.0,5.0,False
10001924,2025-01-01 20:28:48,43,United States,Beauty,Mobile App,Credit Card,2,31.72,0.05,60.27,36.0,4.0,5.0,False
10000547,2025-01-02 01:18:18,237,India,Toys,Store,Credit Card,3,31.25,0.05,89.06,18.0,5.0,1.0,False
10002500,2025-01-02 03:23:43,336,Canada,Home & Garden,Web,Gift Card,2,47.42,0.0,94.84,19.0,3.0,4.0,False
10004751,2025-01-02 07:11:27,2,Germany,Fashion,Web,Credit Card,1,85.97,0.0,85.97,45.0,5.0,5.0,False
10003348,2025-01-02 14:34:19,99,Italy,Fashion,Web,PayPal,2,65.18,0.0,130.36,18.0,5.0,9.0,False
10002125,2025-01-02 18:34:48,136,Japan,Fashion,Marketplace,PayPal,1,26.12,0.05,24.81,39.0,4.0,9.0,False
10000774,2025-01-02 23:29:25,214,France,Home & Garden,Mobile App,Credit Card,1,71.2,0.05,67.64,59.0,4.0,7.0,False
10001967,2025-01-03 04:48:08,578,United States,Beauty,Web,Credit Card,2,32.48,0.3,45.47,18.0,3.0,4.0,False
10002967,2025-01-03 10:13:18,603,United States,Electronics,Mobile App,Credit Card,4,128.39,0.0,513.56,34.0,3.0,5.0,False
10003743,2025-01-03 12:06:39,541,United States,Fashion,Marketplace,Credit Card,3,32.57,0.0,97.71,50.0,5.0,5.0,False
10003392,2025-01-03 14:09:56,518,India,Electronics,Web,Credit Card,2,116.65,0.2,186.64,37.0,4.0,4.0,False
10000528,2025-01-03 18:02:00,85,United States,Electronics,Mobile App,Credit Card,4,267.3,0.0,1069.2,41.0,4.0,4.0,False
10000831,2025-01-03 18:14:24,350,India,Fashion,Mobile App,Gift Card,2,88.48,0.0,176.96,18.0,3.0,6.0,False
10004471,2025-01-04 02:58:58,476,Spain,Electronics,Web,Credit Card,1,205.08,0.05,194.83,36.0,5.0,5.0,False
10002897,2025-01-04 04:05:13,489,Germany,Home & Garden,Mobile App,Credit Card,2,71.96,0.0,143.92,37.0,3.0,4.0,False
10004202,2025-01-04 06:12:50,337,Spain,Toys,Store,Credit Card,2,31.46,0.0,62.92,36.0,4.0,4.0,False
10002628,2025-01-04 08:31:45,64,Germany,Beauty,Store,Gift Card,2,43.9,0.0,87.8,47.0,5.0,3.0,False
10001108,2025-01-04 10:21:14,102,Spain,Fashion,Marketplace,PayPal,2,51.07,0.2,81.71,39.0,3.0,6.0,False
10001455,2025-01-04 11:21:08,215,Germany,Fashion,Web,Credit Card,3,41.52,0.0,124.56,39.0,5.0,4.0,False
10002189,2025-01-04 13:15:18,193,Canada,Fashion,Mobile App,Credit Card,2,32.49,0.0,64.98,33.0,4.0,5.0,False
10003897,2025-01-04 16:25:23,130,Spain,Electronics,Web,Credit Card,3,224.4,0.05,639.54,33.0,4.0,4.0,False
10004797,2025-01-04 21:40:00,544,Italy,Toys,Marketplace,Gift Card,2,37.51,0.1,67.52,56.0,2.0,5.0,False
10002612,2025-01-04 21:43:30,435,United States,Electronics,Mobile App,Credit Card,2,183.92,0.0,367.84,37.0,5.0,7.0,False
10000524,2025-01-04 23:48:26,311,France,Sports,Mobile App,Credit Card,3,34.32,0.0,102.96,31.0,4.0,6.0,False
10002481,2025-01-05 03:52:37,434,Spain,Fashion,Mobile App,Credit Card,4,25.68,0.0,102.72,29.0,4.0,48.0,False
10001577,2025-01-05 05:23:48,284,Japan,Fashion,Mobile App,PayPal,1,48.64,0.0,48.64,37.0,5.0,4.0,False
10004029,2025-01-05 08:44:36,47,Italy,Home & Garden,Web,PayPal,1,69.11,0.0,69.11,46.0,5.0,7.0,True
10002851,2025-01-05 09:24:27,232,Germany,Toys,Web,Credit Card,4,16.03,0.0,64.12,31.0,3.0,5.0,False
10001035,2025-01-05 11:48:41,466,Germany,Fashion,Mobile App,Credit Card,2,63.11,0.2,100.98,41.0,5.0,9.0,False
10001626,2025-01-05 16:25:02,361,Italy,Sports,Mobile App,PayPal,1,52.57,0.0,52.57,40.0,,6.0,False
10004196,2025-01-05 16:39:01,288,United States,Fashion,Web,PayPal,2,45.11,0.0,90.22,44.0,5.0,6.0,False
10004327,2025-01-05 19:26:25,554,United States,Beauty,Mobile App,Credit Card,1,60.92,0.05,57.87,32.0,4.0,4.0,False
10003138,2025-01-05 23:04:43,318,United States,Home & Garden,Marketplace,PayPal,3,34.53,0.0,103.59,38.0,5.0,9.0,False
10002953,2025-01-06 01:04:46,41,United States,Electronics,Web,Credit Card,1,186.18,0.0,186.18,36.0,4.0,5.0,False
10003429,2025-01-06 01:05:15,304,Canada,Home & Garden,Web,PayPal,5,83.61,0.0,418.05,42.0,5.0,6.0,False
10001121,2025-01-06 02:33:17,424,United Kingdom,Beauty,Mobile App,Bank Transfer,2,23.0,0.0,46.0,37.0,4.0,6.0,False
10002547,2025-01-06 05:56:44,19,Canada,Fashion,Store,Credit Card,2,27.06,0.2,43.3,54.0,4.0,5.0,False
10001731,2025-01-06 11:22:54,581,Germany,Toys,Mobile App,Credit Card,3,41.26,0.0,123.78,55.0,4.0,6.0,False
10000460,2025-01-06 11:30:11,612,United States,Beauty,Marketplace,Gift Card,2,22.85,0.0,45.7,45.0,3.0,2.0,False
10003063,2025-01-06 11:56:27,589,Spain,Toys,Marketplace,Gift Card,2,63.41,0.0,126.82,48.0,4.0,5.0,False
10000763,2025-01-06 12:08:38,20,Spain,Electronics,Store,Credit Card,2,219.36,0.0,438.72,45.0,5.0,7.0,False
10002704,2025-01-06 20:32:31,167,United States,Beauty,Store,Bank Transfer,1,19.98,0.0,19.98,32.0,5.0,5.0,False
10001071,2025-01-06 21:36:26,400,Spain,Beauty,Web,Credit Card,3,9.65,0.0,28.95,39.0,5.0,6.0,False
10000644,2025-01-06 21:53:05,230,United States,Fashion,Marketplace,Bank Transfer,4,96.47,0.0,385.88,42.0,4.0,4.0,False
10003945,2025-01-07 01:56:09,400,United States,Beauty,Web,Credit Card,1,57.13,0.2,45.7,29.0,3.0,4.0,False
10001274,2025-01-07 05:44:19,252,United Kingdom,Home & Garden,Web,Gift Card,1,104.57,0.1,94.11,28.0,4.0,7.0,False
10003624,2025-01-07 09:50:37,170,Japan,Home & Garden,Web,Credit Card,3,99.39,0.1,268.35,32.0,,3.0,False
10003540,2025-01-07 09:50:44,426,Germany,Home & Garden,Store,Credit Card,3,76.99,0.0,230.97,37.0,5.0,5.0,False
10002805,2025-01-07 13:44:30,321,United Kingdom,Electronics,Web,Credit Card,3,110.31,0.0,330.93,34.0,4.0,6.0,False
10001564,2025-01-07 16:34:57,325,Germany,Electronics,Web,Credit Card,3,364.07,0.0,1092.21,24.0,4.0,4.0,False
10003576,2025-01-08 08:33:05,11,Japan,Toys,Web,Credit Card,2,27.99,0.0,55.98,45.0,4.0,6.0,False
10000166,2025-01-08 09:44:32,485,United States,Fashion,Marketplace,Credit Card,4,34.47,0.05,130.99,45.0,,3.0,False
10001093,2025-01-08 09:54:52,168,Spain,Fashion,Web,Credit Card,6,47.89,0.05,272.97,24.0,4.0,3.0,False
10000523,2025-01-08 13:09:34,127,United States,Fashion,Mobile App,Bank Transfer,3,51.24,0.05,146.03,30.0,5.0,8.0,False
10003901,2025-01-08 19:50:13,420,Germany,Sports,Mobile App,PayPal,1,101.23,0.1,91.11,47.0,4.0,2.0,False
10001702,2025-01-08 20:28:24,425,United States,Fashion,Marketplace,Credit Card,3,38.33,0.0,114.99,61.0,5.0,3.0,False
10002936,2025-01-08 22:22:35,431,United States,Electronics,Marketplace,Credit Card,4,143.6,0.0,574.4,34.0,5.0,5.0,False
10000959,2025-01-09 04:26:56,587,United States,Beauty,Web,Gift Card,2,22.07,0.05,41.93,35.0,5.0,3.0,False
10003780,2025-01-09 09:06:45,503,Germany,Home & Garden,Mobile App,PayPal,4,101.44,0.0,405.76,54.0,3.0,2.0,False
10002196,2025-01-09 11:10:47,85,United States,Toys,Mobile App,Bank Transfer,2,33.96,0.0,67.92,35.0,5.0,8.0,False
10003695,2025-01-09 11:57:51,402,Germany,Home & Garden,Store,PayPal,1,71.28,0.1,64.15,52.0,4.0,9.0,False
10003018,2025-01-09 13:18:29,104,United States,Home & Garden,Web,Credit Card,4,124.69,0.05,473.82,41.0,3.0,6.0,False
10003518,2025-01-09 17:47:34,587,United States,Home & Garden,Marketplace,Credit Card,4,129.76,0.1,467.14,21.0,3.0,5.0,False
10003498,2025-01-09 22:08:49,435,Brazil,Sports,Web,Credit Card,1,80.64,0.05,76.61,25.0,5.0,6.0,False
10002392,2025-01-10 01:36:28,83,Japan,Home & Garden,Mobile App,PayPal,4,66.99,0.0,267.96,56.0,3.0,7.0,False
10003382,2025-01-10 04:56:50,237,Spain,Beauty,Mobile App,PayPal,2,21.81,0.05,41.44,27.0,4.0,3.0,True
10004612,2025-01-10 06:57:43,463,Germany,Home & Garden,Store,Gift Card,5,92.51,0.2,370.04,34.0,,5.0,False
10002990,2025-01-10 22:30:04,127,India,Toys,Web,PayPal,5,22.29,0.0,111.45,49.0,4.0,8.0,False
10004272,2025-01-11 11:39:33,370,United States,Beauty,Web,PayPal,1,22.68,0.2,18.14,40.0,3.0,6.0,True
10000040,2025-01-11 13:35:49,410,Spain,Electronics,Marketplace,PayPal,1,281.88,0.1,253.69,26.0,5.0,5.0,False
10002448,2025-01-11 17:38:05,551,Brazil,Electronics,Mobile App,Credit Card,2,186.45,0.05,354.25,41.0,4.0,2.0,False
10001196,2025-01-11 19:47:05,213,Spain,Electronics,Mobile App,Gift Card,1,265.73,0.0,265.73,18.0,3.0,3.0,False
10003010,2025-01-11 22:16:38,596,United States,Electronics,Store,Credit Card,1,238.99,0.05,227.04,24.0,4.0,3.0,True
10002319,2025-01-11 22:36:34,545,Canada,Fashion,Mobile App,Credit Card,4,29.02,0.05,110.28,45.0,4.0,2.0,False
10003291,2025-01-12 10:55:03,18,United States,Electronics,Mobile App,Credit Card,4,347.94,0.2,1113.41,34.0,4.0,4.0,False
10004734,2025-01-12 13:54:58,74,Brazil,Fashion,Marketplace,Credit Card,2,36.16,0.3,50.62,36.0,4.0,6.0,False
10004376,2025-01-12 21:01:18,502,Canada,Fashion,Web,PayPal,3,91.78,0.2,220.27,47.0,4.0,6.0,False
10002207,2025-01-13 02:03:34,267,United States,Fashion,Web,Credit Card,4,56.98,0.1,205.13,27.0,3.0,4.0,False
10000915,2025-01-13 05:27:56,547,United Kingdom,Sports,Web,PayPal,2,72.72,0.0,145.44,18.0,2.0,4.0,True
10002341,2025-01-13 10:14:37,488,Canada,Beauty,Web,Credit Card,3,59.04,0.05,168.26,57.0,3.0,9.0,False
10004080,2025-01-13 12:32:41,223,Spain,Sports,Web,PayPal,5,50.57,0.0,252.85,39.0,4.0,4.0,False
10000244,2025-01-13 14:21:52,380,Japan,Sports,Mobile App,Credit Card,4,118.3,0.0,473.2,46.0,,3.0,False
10001757,2025-01-13 16:13:26,21,United States,Electronics,Marketplace,Credit Card,2,236.84,0.0,473.68,35.0,4.0,3.0,False
10001389,2025-01-13 21:43:00,619,United Kingdom,Fashion,Store,Credit Card,2,84.99,0.0,169.98,31.0,5.0,6.0,False
10001887,2025-01-14 03:02:31,286,Canada,Sports,Mobile App,Credit Card,2,34.1,0.2,54.56,58.0,2.0,4.0,False
10003581,2025-01-14 11:05:21,522,United Kingdom,Home & Garden,Web,Bank Transfer,2,74.98,0.0,149.96,51.0,,3.0,False
10004769,2025-01-14 12:00:11,518,France,Electronics,Marketplace,Credit Card,5,260.91,0.0,1304.55,25.0,5.0,6.0,False
10000142,2025-01-14 22:07:54,449,France,Electronics,Mobile App,Credit Card,2,121.42,0.2,194.27,33.0,3.0,2.0,False
10004587,2025-01-15 11:18:41,54,United States,Beauty,Marketplace,PayPal,2,34.0,0.2,54.4,44.0,5.0,2.0,False
10003437,2025-01-15 13:25:27,307,Germany,Electronics,Mobile App,PayPal,5,343.53,0.0,1717.65,29.0,3.0,5.0,False
10004130,2025-01-15 14:45:20,479,Germany,Fashion,Mobile App,Bank Transfer,5,91.19,0.1,410.36,28.0,4.0,2.0,False
10000168,2025-01-15 18:56:17,130,United Kingdom,Home & Garden,Marketplace,PayPal,3,73.2,0.0,219.6,30.0,4.0,2.0,False
10004355,2025-01-15 20:22:57,108,Spain,Sports,Mobile App,Credit Card,4,88.56,0.05,336.53,52.0,,4.0,False
10003799,2025-01-15 22:47:11,399,Brazil,Beauty,Mobile App,Credit Card,3,53.67,0.0,161.01,48.0,4.0,5.0,False
10004866,2025-01-15 23:18:36,618,Japan,Home & Garden,Web,Credit Card,4,103.36,0.2,330.75,56.0,3.0,3.0,False
10000965,2025-01-16 05:32:17,424,Germany,Home & Garden,Marketplace,Bank Transfer,6,107.99,0.1,583.15,51.0,4.0,8.0,False
10003990,2025-01-16 06:50:10,281,France,Home & Garden,Web,Credit Card,2,82.42,0.1,148.36,47.0,3.0,6.0,False
10000250,2025-01-16 10:15:33,461,Germany,Home & Garden,Web,Credit Card,1,79.31,0.2,63.45,34.0,,5.0,False
10004874,2025-01-16 21:39:45,601,Brazil,Electronics,Web,PayPal,4,290.12,0.0,1160.48,30.0,4.0,6.0,False
10004275,2025-01-17 02:25:34,609,United States,Electronics,Store,Bank Transfer,4,242.63,0.05,921.99,63.0,5.0,7.0,False
10001321,2025-01-17 06:32:17,592,United States,Fashion,Mobile App,Credit Card,1,44.74,0.0,44.74,51.0,5.0,6.0,False
10000214,2025-01-17 08:44:45,384,Germany,Fashion,Web,Credit Card,1,64.13,0.2,51.3,52.0,3.0,5.0,False
10004116,2025-01-17 20:06:59,14,Spain,Electronics,Web,Credit Card,4,324.22,0.05,1232.04,19.0,5.0,5.0,False
10001008,2025-01-17 23:59:09,509,Spain,Fashion,Mobile App,Credit Card,4,52.33,0.0,209.32,30.0,3.0,6.0,False
10001621,2025-01-18 16:13:31,240,India,Fashion,Web,Credit Card,4,31.1,0.2,99.52,43.0,3.0,4.0,False
10002466,2025-01-19 06:44:44,345,France,Beauty,Mobile App,Bank Transfer,1,33.32,0.2,26.66,34.0,3.0,6.0,False
10000010,2025-01-20 02:02:13,308,India,Home & Garden,Web,Credit Card,4,103.79,0.0,415.16,49.0,4.0,3.0,False
10004255,2025-01-20 03:21:22,274,France,Sports,Mobile App,Credit Card,2,58.69,0.05,111.51,44.0,5.0,3.0,True
10003872,2025-01-20 05:27:49,441,Japan,Home & Garden,Marketplace,PayPal,3,136.46,0.2,327.5,45.0,3.0,5.0,False
10003222,2025-01-20 08:55:27,357,Brazil,Home & Garden,Web,Credit Card,1,134.66,0.0,134.66,23.0,4.0,3.0,False
10004458,2025-01-20 11:56:16,379,France,Toys,Web,Credit Card,1,27.47,0.0,27.47,46.0,4.0,7.0,False
10001745,2025-01-20 14:34:38,120,Japan,Home & Garden,Mobile App,Bank Transfer,2,169.57,0.0,339.14,33.0,3.0,7.0,False
10003329,2025-01-20 17:24:35,229,Japan,Home & Garden,Mobile App,Gift Card,2,79.75,0.1,143.55,21.0,4.0,7.0,True
10003630,2025-01-20 20:33:54,596,Italy,Beauty,Web,Gift Card,4,56.15,0.0,224.6,46.0,4.0,5.0,False
10002634,2025-01-20 22:10:52,501,United States,Home & Garden,Web,PayPal,4,38.81,0.1,139.72,31.0,5.0,6.0,False
10000750,2025-01-21 00:23:41,324,United States,Electronics,Web,Credit Card,5,103.81,0.0,519.05,18.0,2.0,8.0,False
10004939,2025-01-21 07:05:30,76,Japan,Fashion,Mobile App,Credit Card,2,48.08,0.05,91.35,35.0,4.0,4.0,False
10000898,2025-01-21 09:45:05,60,United Kingdom,Sports,Mobile App,Bank Transfer,4,100.56,0.0,402.24,22.0,5.0,8.0,False
10003572,2025-01-21 15:48:16,512,United States,Home & Garden,Web,Gift Card,5,154.89,0.0,774.45,43.0,3.0,6.0,False
10004896,2025-01-21 23:41:37,196,United States,Fashion,Web,Credit Card,1,24.16,0.1,21.74,26.0,4.0,6.0,False
10000689,2025-01-22 00:50:13,474,France,Home & Garden,Web,Credit Card,1,84.24,0.05,80.03,23.0,4.0,5.0,False
10000189,2025-01-22 01:16:00,484,India,Home & Garden,Web,Bank Transfer,3,111.61,0.0,334.83,18.0,3.0,10.0,False
10001815,2025-01-22 02:27:51,73,India,Beauty,Web,Credit Card,2,22.49,0.1,40.48,28.0,3.0,3.0,False
10001123,2025-01-22 06:59:48,129,France,Electronics,Mobile App,PayPal,3,267.25,0.2,641.4,18.0,5.0,5.0,False
10003287,2025-01-22 07:16:21,226,India,Toys,Web,Gift Card,1,44.9,0.0,44.9,23.0,3.0,6.0,False
10004962,2025-01-23 01:59:12,359,France,Electronics,Web,Bank Transfer,6,177.81,0.0,1066.86,48.0,3.0,3.0,False
10003853,2025-01-23 04:33:54,269,United States,Electronics,Web,Bank Transfer,4,111.88,0.0,447.52,44.0,2.0,6.0,False
10004069,2025-01-23 18:16:46,153,Germany,Toys,Mobile App,PayPal,3,40.98,0.0,122.94,35.0,5.0,4.0,False
10000022,2025-01-23 20:08:29,169,United States,Home & Garden,Web,PayPal,4,34.21,0.0,136.84,30.0,4.0,8.0,False
10003460,2025-01-23 23:48:48,477,France,Fashion,Store,Credit Card,3,65.95,0.0,197.85,38.0,5.0,4.0,False
10000931,2025-01-24 04:32:28,185,France,Home & Garden,Marketplace,PayPal,2,88.33,0.2,141.33,45.0,3.0,4.0,False
10001186,2025-01-24 11:23:11,376,United Kingdom,Beauty,Web,Credit Card,3,81.18,0.0,243.54,62.0,5.0,6.0,False
10002260,2025-01-24 15:23:49,270,India,Toys,Web,PayPal,3,50.08,0.05,142.73,54.0,5.0,6.0,False
10001144,2025-01-24 17:10:00,83,Spain,Sports,Web,Credit Card,4,95.87,0.0,383.48,30.0,4.0,6.0,False
10000847,2025-01-24 23:18:05,413,India,Toys,Mobile App,Bank Transfer,2,17.4,0.1,31.32,18.0,5.0,8.0,False
10000116,2025-01-24 23:33:09,365,Germany,Fashion,Web,Credit Card,1,140.3,0.0,140.3,18.0,,5.0,False
10000945,2025-01-25 01:18:45,529,United States,Fashion,Mobile App,Bank Transfer,5,51.96,0.0,259.8,44.0,5.0,8.0,False
10003134,2025-01-25 05:07:41,126,France,Fashion,Mobile App,Credit Card,3,36.67,0.3,77.01,59.0,4.0,4.0,False
10000693,2025-01-25 05:11:21,231,France,Toys,Mobile App,Credit Card,3,20.76,0.0,62.28,39.0,5.0,4.0,False
10004175,2025-01-25 06:32:03,75,Germany ,Sports,Marketplace,PayPal,3,71.03,0.0,213.09,38.0,,9.0,False
10004208,2025-01-25 07:58:26,377,Canada,Home & Garden,Web,Credit Card,3,96.55,0.0,289.65,41.0,5.0,4.0,False
10000382,2025-01-25 10:01:55,419,United States,Electronics,Web,Credit Card,6,153.53,0.0,921.18,41.0,5.0,6.0,False
10002070,2025-01-25 13:26:07,153,India,Sports,Web,PayPal,2,100.36,0.1,180.65,24.0,4.0,4.0,False
10000316,2025-01-25 14:12:05,447,Brazil,Fashion,Mobile App,Bank Transfer,3,53.09,0.05,151.31,33.0,5.0,4.0,False
10004640,2025-01-26 09:23:51,99,France,Toys,Store,Credit Card,3,25.67,0.1,69.31,46.0,5.0,8.0,False
10001730,2025-01-26 09:48:09,478,United Kingdom,Electronics,Mobile App,Credit Card,1,228.11,0.1,205.3,18.0,4.0,7.0,False
10003237,2025-01-26 14:45:30,260,India,Electronics,Store,PayPal,3,367.41,0.05,1047.12,27.0,,4.0,False
10001434,2025-01-27 00:35:32,442,Italy,Beauty,Mobile App,Bank Transfer,3,87.17,0.3,183.06,30.0,3.0,1.0,False
10000342,2025-01-27 03:28:13,271,United Kingdom,Toys,Marketplace,Bank Transfer,2,43.57,0.0,87.14,66.0,4.0,3.0,False
10003611,2025-01-27 15:49:03,348,United States,Sports,Store,Credit Card,4,77.98,0.0,311.92,18.0,5.0,8.0,False
10000031,2025-01-28 06:56:03,150,France,Toys,Mobile App,Credit Card,3,11.04,0.0,33.12,49.0,3.0,3.0,False
10001488,2025-01-28 10:22:50,579,Brazil,Toys,Store,Credit Card,4,54.21,0.05,206.0,18.0,5.0,2.0,False
10002773,2025-01-28 13:31:08,562,Spain,Electronics,Mobile App,Credit Card,3,359.46,0.2,862.7,60.0,3.0,8.0,False
10000503,2025-01-28 18:26:54,409,India,Fashion,Marketplace,PayPal,4,41.6,0.0,166.4,37.0,3.0,5.0,False
10000606,2025-01-28 20:27:36,334,Italy,Home & Garden,Web,Credit Card,2,104.59,0.1,188.26,26.0,3.0,3.0,False
10003510,2025-01-28 23:58:56,258,Germany,Electronics,Web,Credit Card,5,281.01,0.0,1405.05,47.0,4.0,5.0,False
10000344,2025-01-29 05:26:10,350,France,Home & Garden,Web,Credit Card,2,85.73,0.0,171.46,30.0,3.0,6.0,False
10000152,2025-01-29 06:26:43,316,Germany,Home & Garden,Web,Credit Card,3,67.91,0.2,162.98,46.0,4.0,3.0,False
10000121,2025-01-29 06:54:10,189,United Kingdom,Home & Garden,Marketplace,Credit Card,2,60.13,0.1,108.23,35.0,4.0,6.0,False
10001353,2025-01-29 08:04:44,495,India,Electronics,Mobile App,PayPal,3,153.85,0.05,438.47,29.0,4.0,5.0,False
10002847,2025-01-29 12:26:15,275,Germany,Sports,Web,Credit Card,2,42.7,0.05,81.13,45.0,5.0,6.0,False
10002668,2025-01-29 15:42:54,405,United States,Beauty,Store,PayPal,3,37.03,0.0,111.09,53.0,4.0,5.0,False
10002453,2025-01-29 21:39:33,456,Germany,Beauty,Web,PayPal,1,41.95,0.1,37.76,38.0,3.0,5.0,False
10003812,2025-01-30 02:49:46,392,India,Home & Garden,Mobile App,Credit Card,2,63.81,0.0,127.62,34.0,4.0,4.0,False
10004410,2025-01-30 10:56:12,97,India,Toys,Mobile App,PayPal,3,23.58,0.0,70.74,41.0,3.0,9.0,False
10000848,2025-01-30 12:09:29,264,India,Sports,Web,Credit Card,2,58.4,0.2,93.44,34.0,4.0,7.0,False
10000476,2025-01-30 12:25:16,125,Germany,Fashion,Web,Credit Card,2,56.36,0.1,101.45,18.0,4.0,10.0,False
10001461,2025-01-30 15:01:28,577,United States,Electronics,Store,Bank Transfer,2,502.73,0.0,1005.46,39.0,4.0,8.0,False
10000517,2025-01-30 17:55:26,517,Germany,Fashion,Web,Gift Card,2,62.2,0.3,87.08,77.0,4.0,6.0,False
10002477,2025-01-30 19:34:40,462,India,Sports,Mobile App,Gift Card,3,52.32,0.3,109.87,44.0,3.0,11.0,False
10004192,2025-01-31 02:28:31,103,Spain,Sports,Mobile App,PayPal,3,38.49,0.05,109.7,28.0,3.0,5.0,False
10003585,2025-01-31 11:17:27,577,France,Sports,Marketplace,Gift Card,3,77.13,0.05,219.82,54.0,2.0,5.0,False
10000564,2025-01-31 19:16:17,573,India,Electronics,Mobile App,PayPal,3,161.25,0.1,435.38,34.0,3.0,7.0,False
10004076,2025-02-01 01:55:39,293,France,Beauty,Web,Credit Card,5,57.58,0.05,273.5,46.0,4.0,10.0,False
10003701,2025-02-02 10:37:34,479,Brazil,Toys,Web,Credit Card,2,12.71,0.0,25.42,33.0,4.0,6.0,False
10001951,2025-02-02 12:31:29,506,Brazil,Fashion,Web,Credit Card,1,69.79,0.1,62.81,34.0,3.0,3.0,False
10004698,2025-02-02 13:30:10,452,India,Sports,Web,Credit Card,2,46.49,0.0,92.98,37.0,3.0,2.0,False
10003449,2025-02-02 14:38:55,160,Germany,Toys,Web,Credit Card,3,6.97,0.0,20.91,27.0,4.0,5.0,False
10003692,2025-02-02 15:15:29,214,Brazil,Home & Garden,Mobile App,Gift Card,1,112.77,0.2,90.22,18.0,,5.0,False
10004052,2025-02-02 17:11:32,53,France,Fashion,Web,Credit Card,2,21.14,0.0,42.28,33.0,5.0,6.0,False
10002389,2025-02-02 18:06:52,68,Germany,Sports,Web,Gift Card,2,103.41,0.0,206.82,46.0,4.0,4.0,False
10002333,2025-02-02 23:11:05,522,United States,Fashion,Web,Credit Card,6,48.65,0.0,291.9,48.0,4.0,2.0,False
10004809,2025-02-03 03:22:58,319,India,Sports,Web,Gift Card,4,53.19,0.1,191.48,29.0,3.0,6.0,False
10000956,2025-02-03 04:40:43,209,United States,Fashion,Web,Credit Card,6,170.67,0.05,972.82,45.0,2.0,7.0,True
10003020,2025-02-03 06:19:44,535,United States,Fashion,Web,Bank Transfer,1,72.71,0.1,65.44,27.0,5.0,5.0,False
10002094,2025-02-03 12:02:28,226,Brazil,Sports,Web,PayPal,3,71.32,0.0,213.96,48.0,4.0,10.0,True
10001837,2025-02-03 15:52:30,217,Germany,Beauty,Web,Credit Card,2,48.04,0.0,96.08,56.0,2.0,4.0,False
10003619,2025-02-04 03:22:30,223,United States,Sports,Mobile App,PayPal,2,59.25,0.05,112.57,37.0,5.0,5.0,True
10003610,2025-02-04 15:17:56,286,United States,Electronics,Web,Gift Card,2,187.18,0.05,355.64,37.0,4.0,3.0,False
10002791,2025-02-05 04:16:43,5,France,Beauty,Web,PayPal,3,76.89,0.1,207.6,46.0,5.0,5.0,False
10002107,2025-02-05 13:15:47,437,United Kingdom,Fashion,Mobile App,Bank Transfer,2,67.3,0.0,134.6,32.0,3.0,1.0,True
10000336,2025-02-05 21:06:24,610,United States,Fashion,Web,PayPal,2,40.56,0.0,81.12,19.0,3.0,4.0,False
10004545,2025-02-06 01:48:57,27,Brazil,Electronics,Mobile App,PayPal,2,265.99,0.1,478.78,49.0,5.0,4.0,False
10002353,2025-02-06 06:09:19,586,India,Electronics,Web,Bank Transfer,3,253.45,0.1,684.32,42.0,4.0,6.0,False
10004662,2025-02-06 10:16:00,441,United States,Beauty,Web,Credit Card,4,26.24,0.0,104.96,47.0,4.0,1.0,False
10000681,2025-02-07 03:48:23,195,Germany,Fashion,Web,Bank Transfer,2,87.63,0.0,175.26,45.0,4.0,3.0,False
10003281,2025-02-07 15:37:43,27,Spain,Electronics,Mobile App,Credit Card,2,178.77,0.0,357.54,41.0,3.0,6.0,True
10000686,2025-02-07 16:13:16,529,United States,Fashion,Store,Credit Card,7,45.2,0.0,316.4,39.0,,8.0,False
10000090,2025-02-07 16:14:59,415,India,Toys,Mobile App,Credit Card,4,28.33,0.05,107.65,26.0,4.0,6.0,False
10001546,2025-02-07 21:31:04,510,United Kingdom,Electronics,Mobile App,Credit Card,3,172.58,0.0,517.74,29.0,4.0,7.0,False
10004899,2025-02-08 00:35:00,470,Germany,Fashion,Mobile App,Credit Card,3,24.05,0.05,68.54,46.0,,3.0,False
10000377,2025-02-08 01:11:55,419,United Kingdom,Home & Garden,Store,PayPal,1,133.44,0.0,133.44,18.0,4.0,3.0,False
10001303,2025-02-08 07:02:04,42,Canada,Beauty,Web,PayPal,3,28.58,0.0,85.74,44.0,4.0,5.0,False
10002763,2025-02-08 15:51:38,457,France,Fashion,Mobile App,Credit Card,2,74.64,0.0,149.28,47.0,,2.0,False
10003801,2025-02-09 03:49:27,7,United States,Home & Garden,Marketplace,PayPal,4,235.91,0.0,943.64,58.0,4.0,1.0,False
10004235,2025-02-09 13:32:45,47,Germany,Fashion,Mobile App,PayPal,1,27.13,0.3,18.99,35.0,4.0,5.0,False
10003970,2025-02-10 01:42:45,529,United States,Fashion,Web,Credit Card,2,65.36,0.0,130.72,55.0,3.0,5.0,False
10002554,2025-02-10 03:37:04,61,Germany,Home & Garden,Mobile App,Credit Card,2,47.64,0.0,95.28,49.0,4.0,9.0,False
10001174,2025-02-10 11:05:09,401,United Kingdom,Beauty,Mobile App,Bank Transfer,5,53.49,0.0,267.45,39.0,5.0,8.0,False
10003340,2025-02-10 15:05:50,332,India,Electronics,Mobile App,Credit Card,3,312.48,0.0,937.44,46.0,4.0,6.0,False
10003549,2025-02-10 17:29:59,130,France,Beauty,Store,Credit Card,1,11.77,0.0,11.77,46.0,4.0,4.0,False
10001534,2025-02-10 19:17:01,607,Italy,Toys,Store,PayPal,4,32.46,0.0,129.84,53.0,5.0,7.0,False
10000395,2025-02-11 07:52:20,258,Japan,Home & Garden,Web,PayPal,3,73.44,0.0,220.32,44.0,5.0,3.0,False
10002280,2025-02-11 11:45:10,34,United States,Fashion,Web,Credit Card,3,51.07,0.0,153.21,38.0,4.0,5.0,False
10001514,2025-02-11 18:14:34,619,Germany,Fashion,Web,Bank Transfer,4,70.12,0.2,224.38,39.0,3.0,6.0,False
10001567,2025-02-11 23:44:36,296,Canada,Electronics,Web,Credit Card,2,377.42,0.0,754.84,24.0,4.0,3.0,False
10004083,2025-02-12 04:55:24,606,United Kingdom,Electronics,Web,Credit Card,4,233.03,0.0,932.12,32.0,5.0,5.0,False
10003768,2025-02-12 05:53:10,202,Spain,Electronics,Store,Credit Card,2,91.46,0.05,173.77,43.0,4.0,4.0,False
10001314,2025-02-12 09:04:00,351,Canada,Fashion,Web,PayPal,5,18.26,0.05,86.74,41.0,4.0,4.0,False
10000581,2025-02-12 20:57:59,187,United States,Sports,Marketplace,Credit Card,1,108.67,0.0,108.67,38.0,4.0,3.0,False
10002807,2025-02-13 01:09:11,237,Italy,Fashion,Web,PayPal,1,55.41,0.0,55.41,28.0,5.0,3.0,False
10003751,2025-02-13 03:51:34,502,Japan,Beauty,Mobile App,Credit Card,2,52.05,0.0,104.1,41.0,4.0,4.0,False
10004957,2025-02-13 10:33:16,524,United Kingdom,Home & Garden,Store,PayPal,4,43.02,0.1,154.87,40.0,3.0,5.0,False
10000893,2025-02-14 03:43:52,601,Canada,Beauty,Web,PayPal,2,49.69,0.0,99.38,,3.0,4.0,False
10002794,2025-02-14 23:06:06,558,United States,Home & Garden,Marketplace,Credit Card,2,253.14,0.3,354.4,40.0,1.0,3.0,False
10003774,2025-02-15 05:13:12,22,United States,Sports,Web,Credit Card,2,38.11,0.0,76.22,42.0,3.0,4.0,False
10000186,2025-02-15 07:02:00,562,United States,Sports,Web,Bank Transfer,2,77.98,0.0,155.96,43.0,,1.0,False
10000944,2025-02-15 10:39:06,208,Brazil,Electronics,Web,Credit Card,1,512.69,0.05,487.06,27.0,4.0,7.0,False
10002139,2025-02-15 12:52:14,497,France,Electronics,Store,Bank Transfer,3,330.99,0.0,992.97,30.0,5.0,6.0,False
10004990,2025-02-15 13:54:28,31,Spain,Beauty,Web,Credit Card,2,42.29,0.0,84.58,29.0,4.0,5.0,False
10003785,2025-02-15 18:02:00,266,Italy,Fashion,Marketplace,Gift Card,5,52.03,0.1,234.14,18.0,,3.0,False
10003371,2025-02-15 22:58:40,420,United Kingdom,Fashion,Marketplace,Credit Card,2,85.52,0.05,162.49,46.0,4.0,8.0,False
10002396,2025-02-16 00:49:20,178,India,Beauty,Mobile App,Bank Transfer,3,30.44,0.1,82.19,43.0,4.0,4.0,False
10003115,2025-02-16 03:19:56,70,Italy,Electronics,Mobile App,Credit Card,6,212.65,0.0,1275.9,37.0,5.0,4.0,False
10004310,2025-02-16 03:37:35,150,United States,Electronics,Web,Credit Card,3,372.09,0.3,781.39,37.0,3.0,10.0,False
10004887,2025-02-16 08:39:31,569,Canada,Toys,Marketplace,PayPal,3,19.07,0.05,54.35,26.0,3.0,3.0,False
10004529,2025-02-16 16:23:38,425,France,Beauty,Mobile App,PayPal,4,30.53,0.1,109.91,23.0,5.0,4.0,False
10003490,2025-02-16 19:23:40,510,United States,Home & Garden,Mobile App,Credit Card,4,46.91,0.05,178.26,44.0,5.0,6.0,False
10002251,2025-02-17 01:12:20,337,Brazil,Toys,Web,Credit Card,2,25.91,0.2,41.46,37.0,5.0,5.0,False
10003480,2025-02-17 11:57:06,151,Brazil,Home & Garden,Store,PayPal,1,125.68,0.0,125.68,37.0,4.0,4.0,False
10001608,2025-02-17 15:08:14,72,United States,Home & Garden,Marketplace,PayPal,3,102.83,0.0,308.49,41.0,3.0,3.0,False
10003212,2025-02-17 18:12:32,578,Brazil,Home & Garden,Store,Bank Transfer,2,47.38,0.0,94.76,47.0,3.0,5.0,False
10002006,2025-02-17 20:13:48,220,India,Fashion,Mobile App,Credit Card,1,68.45,0.05,65.03,41.0,3.0,3.0,False
10004015,2025-02-17 21:39:25,139,United States,Electronics,Web,Credit Card,3,199.55,0.1,538.79,40.0,4.0,4.0,False
10001828,2025-02-17 23:23:29,502,United States,Electronics,Mobile App,Credit Card,1,342.31,0.3,239.62,44.0,3.0,8.0,False
10003305,2025-02-18 01:53:50,317,United States,Toys,Web,PayPal,1,16.22,0.05,15.41,28.0,4.0,9.0,False
10002044,2025-02-18 06:15:08,251,United States,Beauty,Mobile App,Credit Card,8,42.69,0.05,324.44,32.0,3.0,3.0,False
10000955,2025-02-18 09:08:58,83,Italy,Fashion,Web,Gift Card,5,48.21,0.0,241.05,30.0,5.0,7.0,False
10003793,2025-02-18 23:18:13,90,United Kingdom,Sports,Store,Gift Card,4,72.87,0.05,276.91,18.0,3.0,5.0,False
10001584,2025-02-19 00:10:11,15,United States,Electronics,Web,Bank Transfer,3,212.11,0.05,604.51,42.0,3.0,3.0,False
10003083,2025-02-19 02:09:52,5,France,Electronics,Web,PayPal,3,370.82,0.0,1112.46,35.0,5.0,3.0,False
10003553,2025-02-19 04:02:29,468,United States,Home & Garden,Mobile App,Credit Card,3,88.17,0.0,264.51,45.0,5.0,5.0,False
10002647,2025-02-19 08:40:46,255,United Kingdom,Beauty,Web,Credit Card,4,18.83,0.0,75.32,62.0,3.0,4.0,False
10000053,2025-02-19 11:08:27,388,Spain,Home & Garden,Marketplace,PayPal,3,146.85,0.0,440.55,48.0,4.0,4.0,False
10004345,2025-02-19 11:25:48,454,Japan,Fashion,Mobile App,Credit Card,3,61.82,0.2,148.37,46.0,5.0,5.0,False
10001926,2025-02-19 14:06:07,615,Italy,Sports,Web,Bank Transfer,3,48.87,0.0,146.61,46.0,5.0,8.0,False
10000147,2025-02-19 14:33:20,216,United States,Fashion,Store,Credit Card,2,37.03,0.05,70.36,52.0,5.0,3.0,False
10000479,2025-02-19 20:17:28,262,Germany,Fashion,Mobile App,Credit Card,3,57.35,0.0,172.05,54.0,3.0,3.0,False
10004805,2025-02-20 12:04:01,290,Italy,Sports,Web,Credit Card,2,77.54,0.1,139.57,25.0,4.0,12.0,False
10001703,2025-02-20 12:35:00,203,India,Beauty,Store,Credit Card,3,63.28,0.2,151.87,29.0,5.0,4.0,False
10001280,2025-02-21 02:50:44,419,United States,Electronics,Web,Credit Card,1,167.07,0.0,167.07,60.0,4.0,4.0,False
10001454,2025-02-21 08:02:02,134,India,Sports,Marketplace,Credit Card,3,42.41,0.1,114.51,35.0,3.0,7.0,False
10001710,2025-02-21 12:01:30,350,United States,Beauty,Marketplace,Credit Card,2,69.42,0.05,131.9,40.0,4.0,4.0,False
10003843,2025-02-21 16:34:25,394,United States,Electronics,Web,Credit Card,1,435.42,0.0,435.42,,3.0,6.0,False
10001874,2025-02-21 20:03:30,547,India,Fashion,Web,Credit Card,3,55.39,0.2,132.94,51.0,5.0,2.0,False
10002129,2025-02-22 00:18:13,356,United Kingdom,Home & Garden,Mobile App,Bank Transfer,4,62.73,0.0,250.92,38.0,4.0,3.0,False
10001736,2025-02-22 02:02:56,436,Spain,Sports,Store,Credit Card,1,64.61,0.0,64.61,37.0,4.0,6.0,False
10002611,2025-02-22 02:23:39,471,Canada,Toys,Web,Gift Card,2,27.22,0.0,54.44,25.0,4.0,4.0,False
10000804,2025-02-22 07:05:03,284,United Kingdom,Beauty,Web,PayPal,2,26.0,0.0,52.0,52.0,,6.0,False
10000332,2025-02-22 10:25:43,260,United States,Toys,Web,Credit Card,1,26.49,0.1,23.84,46.0,5.0,5.0,False
10002310,2025-02-22 18:09:11,317,United States,Toys,Web,PayPal,1,19.27,0.2,15.42,54.0,5.0,3.0,False
10002624,2025-02-22 19:33:58,384,Spain,Beauty,Marketplace,Credit Card,2,23.45,0.0,46.9,23.0,,2.0,False
10004299,2025-02-22 23:37:22,2,Germany,Electronics,Mobile App,Credit Card,1,149.06,0.1,134.15,45.0,3.0,4.0,False
10001504,2025-02-23 03:03:24,605,Germany,Sports,Mobile App,Credit Card,3,51.25,0.1,138.38,59.0,4.0,8.0,False
10001192,2025-02-23 04:30:18,421,United States,Beauty,Web,Bank Transfer,1,58.73,0.05,55.79,61.0,4.0,7.0,False
10000622,2025-02-23 15:49:46,6,United States,Home & Garden,Mobile App,PayPal,2,103.54,0.05,196.73,42.0,4.0,5.0,False
10004101,2025-02-23 20:07:43,380,United States,Toys,Store,Gift Card,3,25.21,0.0,75.63,34.0,4.0,5.0,False
10004610,2025-02-23 20:49:01,574,United States,Fashion,Mobile App,PayPal,2,57.93,0.1,104.27,62.0,4.0,7.0,False
10004286,2025-02-24 05:10:37,618,Italy,Electronics,Mobile App,PayPal,1,186.44,0.0,186.44,54.0,4.0,3.0,False
10001424,2025-02-24 07:39:51,374,Germany,Fashion,Mobile App,PayPal,2,48.88,0.0,97.76,47.0,5.0,7.0,False
10004206,2025-02-24 09:24:58,318,Germany,Fashion,Marketplace,Credit Card,1,52.12,0.1,46.91,45.0,4.0,5.0,False
10004721,2025-02-24 09:51:43,242,United States,Fashion,Web,Bank Transfer,3,47.21,0.0,141.63,31.0,3.0,5.0,False
10003182,2025-02-24 17:28:41,486,Spain,Fashion,Mobile App,Gift Card,1,47.19,0.05,44.83,33.0,2.0,5.0,False
10004088,2025-02-24 21:06:42,99,United States,Electronics,Mobile App,Bank Transfer,1,203.14,0.2,162.51,26.0,3.0,8.0,False
10004588,2025-02-25 00:11:28,319,United Kingdom,Electronics,Mobile App,Gift Card,1,409.32,0.1,368.39,44.0,3.0,5.0,False
10004999,2025-02-25 06:34:44,23,India,Fashion,Web,PayPal,3,38.6,0.0,115.8,42.0,2.0,3.0,False
10002515,2025-02-25 08:25:45,466,United Kingdom,Home & Garden,Marketplace,Credit Card,3,73.68,0.0,221.04,,4.0,9.0,False
10002372,2025-02-25 10:16:57,419,India,Beauty,Mobile App,Credit Card,3,34.99,0.0,104.97,40.0,5.0,8.0,False
10003850,2025-02-25 11:35:41,172,United States,Sports,Marketplace,PayPal,3,74.24,0.3,155.9,24.0,,3.0,False
10000204,2025-02-25 14:54:52,33,United States,Fashion,Mobile App,Gift Card,3,40.87,0.05,116.48,18.0,4.0,11.0,False
10000365,2025-02-25 17:43:49,592,Spain,Beauty,Mobile App,Credit Card,3,25.98,0.05,74.04,31.0,4.0,4.0,False
10004722,2025-02-25 18:30:45,338,France,Toys,Web,Credit Card,4,36.9,0.0,147.6,32.0,3.0,7.0,False
10001223,2025-02-25 23:24:00,529,Brazil,Home & Garden,Web,PayPal,3,59.87,0.0,179.61,56.0,5.0,4.0,False
10003042,2025-02-25 23:31:11,240,Brazil,Beauty,Web,Credit Card,4,27.93,0.2,89.38,37.0,5.0,4.0,False
10003625,2025-02-26 05:23:39,505,United States,Fashion,Web,Credit Card,2,41.9,0.0,83.8,43.0,,5.0,False
10002574,2025-02-26 08:58:55,402,Spain,Sports,Web,Credit Card,4,61.04,0.1,219.74,38.0,4.0,6.0,False
10003656,2025-02-26 18:47:20,590,Japan,Fashion,Web,Credit Card,4,30.7,0.05,116.66,30.0,4.0,5.0,False
10001541,2025-02-27 03:28:26,395,United States,Beauty,Marketplace,PayPal,5,43.94,0.0,219.7,48.0,4.0,6.0,False
10004642,2025-02-27 04:56:14,484,Germany,Beauty,Web,PayPal,5,50.51,0.0,252.55,50.0,3.0,8.0,False
10004917,2025-02-27 08:48:36,299,United States,Fashion,Marketplace,Credit Card,2,32.7,0.1,58.86,37.0,3.0,7.0,False
10001485,2025-02-27 09:27:13,297,Canada,Fashion,Store,Credit Card,2,85.07,0.0,170.14,27.0,4.0,9.0,False
10002913,2025-02-27 13:10:19,463,United States,Fashion,Web,PayPal,2,41.07,0.0,82.14,40.0,4.0,3.0,False
10004190,2025-02-27 23:56:20,535,United Kingdom,Home & Garden,Web,Bank Transfer,1,89.03,0.3,62.32,18.0,5.0,3.0,True
10001974,2025-02-28 01:20:51,513,United States,Electronics,Store,Credit Card,4,144.97,0.0,579.88,22.0,5.0,8.0,False
10004981,2025-02-28 04:53:34,584,Germany,Fashion,Web,Credit Card,5,46.34,0.0,231.7,38.0,5.0,3.0,False
10001783,2025-02-28 05:10:55,457,United States,Electronics,Store,Credit Card,3,176.63,0.2,423.91,24.0,3.0,3.0,False
10000797,2025-02-28 05:17:11,290,Germany,Toys,Mobile App,Credit Card,2,23.08,0.0,46.16,40.0,4.0,7.0,False
10004320,2025-02-28 08:06:24,599,Japan,Toys,Mobile App,Credit Card,5,20.84,0.0,104.2,40.0,,4.0,False
10002040,2025-02-28 16:48:55,92,United States,Beauty,Web,PayPal,2,7.66,0.0,15.32,33.0,4.0,8.0,False
10001387,2025-02-28 18:31:56,128,Canada,Fashion,Mobile App,Gift Card,4,24.42,0.0,97.68,29.0,3.0,6.0,False
10003419,2025-02-28 23:10:35,168,Brazil,Fashion,Web,Credit Card,5,52.73,0.3,184.55,35.0,3.0,3.0,False
10004346,2025-03-01 04:21:26,320,United States,Electronics,Web,Credit Card,5,226.71,0.1,1020.2,63.0,5.0,2.0,False
10001681,2025-03-01 11:30:19,530,United States,Sports,Web,Credit Card,6,54.88,0.0,329.28,47.0,5.0,8.0,False
10003745,2025-03-01 12:50:54,428,United States ,Electronics,Web,Credit Card,3,432.08,0.0,1296.24,,3.0,6.0,False
10003148,2025-03-01 14:52:49,542,United States,Home & Garden,Mobile App,Credit Card,3,47.53,0.2,114.07,52.0,4.0,5.0,False
10004079,2025-03-01 18:27:55,360,France,Sports,Marketplace,PayPal,1,60.36,0.1,54.32,49.0,3.0,2.0,True
10003532,2025-03-01 19:13:35,154,United States,Beauty,Mobile App,PayPal,1,43.11,0.0,43.11,22.0,3.0,7.0,False
10004409,2025-03-01 19:40:20,409,Spain,Beauty,Mobile App,Bank Transfer,4,26.69,0.1,96.08,58.0,3.0,2.0,False
10001080,2025-03-01 19:45:22,620,United States,Electronics,Web,Credit Card,3,355.22,0.0,1065.66,,5.0,8.0,False
10004684,2025-03-02 02:31:04,480,United States,Sports,Store,Gift Card,3,76.88,0.1,207.58,44.0,2.0,7.0,False
10002232,2025-03-02 06:43:29,371,Canada,Sports,Mobile App,PayPal,1,47.67,0.1,42.9,34.0,4.0,7.0,False
10002596,2025-03-02 08:12:54,206,Brazil,Fashion,Marketplace,Credit Card,3,72.66,0.0,217.98,36.0,4.0,3.0,False
10002472,2025-03-02 11:37:21,622,Japan,Home & Garden,Marketplace,Bank Transfer,1,49.99,0.0,49.99,35.0,3.0,7.0,False
10001256,2025-03-03 03:42:58,617,Germany,Beauty,Mobile App,Credit Card,2,22.73,0.0,45.46,37.0,4.0,2.0,False
10004824,2025-03-03 10:37:40,347,Germany,Sports,Web,PayPal,3,81.72,0.0,245.16,35.0,4.0,5.0,False
10000896,2025-03-03 16:50:32,291,Germany,Home & Garden,Mobile App,Credit Card,3,109.39,0.0,328.17,27.0,4.0,4.0,False
10003753,2025-03-03 19:31:01,294,United States,Electronics,Store,PayPal,3,163.3,0.0,489.9,40.0,,2.0,False
10000899,2025-03-03 23:13:08,77,United States,Beauty,Marketplace,Credit Card,1,83.63,0.0,83.63,28.0,3.0,9.0,True
10000980,2025-03-04 00:35:33,13,India,Fashion,Mobile App,Bank Transfer,2,67.7,0.1,121.86,53.0,4.0,4.0,False
10003700,2025-03-04 00:42:41,452,United States,Sports,Marketplace,Credit Card,4,67.48,0.0,269.92,41.0,4.0,8.0,False
10003754,2025-03-04 01:31:56,573,United States,Fashion,Mobile App,Credit Card,3,25.18,0.3,52.88,33.0,2.0,7.0,False
10001818,2025-03-04 01:51:04,258,United Kingdom,Fashion,Marketplace,Credit Card,2,57.74,0.05,109.71,47.0,4.0,2.0,False
10001762,2025-03-04 01:52:25,67,Canada,Fashion,Mobile App,Credit Card,3,118.02,0.1,318.65,24.0,4.0,3.0,False
10001315,2025-03-04 10:01:31,134,Japan,Electronics,Mobile App,Credit Card,5,210.15,0.05,998.21,40.0,5.0,8.0,True
10001548,2025-03-04 11:13:52,314,Japan,Electronics,Marketplace,Gift Card,4,196.51,0.05,746.74,31.0,2.0,8.0,False
10000413,2025-03-04 15:06:00,4,Spain,Sports,Web,PayPal,1,76.28,0.0,76.28,35.0,5.0,2.0,False
10003941,2025-03-05 03:58:55,452,United States,Electronics,Web,PayPal,1,514.67,0.0,514.67,55.0,4.0,5.0,False
10004747,2025-03-05 08:16:17,439,Japan,Fashion,Web,Bank Transfer,2,76.84,0.05,146.0,42.0,4.0,6.0,False
10004125,2025-03-05 09:06:36,398,United Kingdom,Fashion,Web,Credit Card,4,60.55,0.2,193.76,45.0,,4.0,False
10002706,2025-03-05 09:13:30,555,United States,Home & Garden,Mobile App,Gift Card,2,158.58,0.0,317.16,39.0,5.0,7.0,False
10000419,2025-03-05 09:23:57,289,France,Sports,Web,Credit Card,3,91.24,0.0,273.72,29.0,3.0,2.0,False
10004012,2025-03-05 12:09:06,584,Brazil,Home & Garden,Marketplace,Credit Card,1,111.38,0.2,89.1,24.0,5.0,2.0,False
10001483,2025-03-06 00:51:32,477,United States,Fashion,Web,Credit Card,7,70.81,0.1,446.1,42.0,3.0,8.0,False
10002220,2025-03-06 16:56:08,465,Italy,Beauty,Marketplace,PayPal,2,39.21,0.0,78.42,36.0,3.0,6.0,False
10001053,2025-03-06 17:34:45,392,United Kingdom,Fashion,Mobile App,Credit Card,4,66.24,0.0,264.96,46.0,5.0,5.0,False
10004123,2025-03-06 21:01:50,206,Japan,Fashion,Store,Credit Card,1,58.63,0.05,55.7,61.0,3.0,8.0,False
10001638,2025-03-07 00:13:24,330,Germany,Toys,Web,PayPal,3,34.93,0.1,94.31,24.0,4.0,8.0,False
10004602,2025-03-07 03:00:03,309,United States,Home & Garden,Mobile App,Credit Card,3,76.01,0.1,205.23,53.0,4.0,8.0,False
10002178,2025-03-07 06:33:38,538,Brazil,Sports,Web,PayPal,3,68.96,0.05,196.54,50.0,4.0,6.0,False
10004249,2025-03-07 07:54:32,446,United States,Home & Garden,Web,Credit Card,4,37.42,0.05,142.2,,5.0,6.0,False
10003844,2025-03-08 02:44:58,303,United Kingdom,Sports,Web,Credit Card,3,60.89,0.2,146.14,52.0,3.0,7.0,False
10002324,2025-03-08 04:01:16,392,United States,Fashion,Marketplace,PayPal,1,117.66,0.05,111.78,41.0,5.0,2.0,False
10003642,2025-03-08 05:59:00,389,United Kingdom,Fashion,Mobile App,Credit Card,2,63.61,0.05,120.86,54.0,5.0,6.0,False
10003814,2025-03-08 13:19:24,596,France,Home & Garden,Store,Credit Card,3,81.23,0.05,231.51,31.0,5.0,4.0,False
10001850,2025-03-08 15:24:36,583,Brazil,Fashion,Mobile App,Bank Transfer,2,95.97,0.1,172.75,41.0,3.0,2.0,False
10004622,2025-03-08 16:12:30,484,Spain,Fashion,Web,Credit Card,4,104.14,0.05,395.73,20.0,4.0,6.0,False
10000943,2025-03-08 17:07:48,584,Japan,Electronics,Web,Bank Transfer,3,138.15,0.05,393.73,25.0,5.0,6.0,False
10001467,2025-03-08 21:03:10,502,Canada,Fashion,Mobile App,Credit Card,1,37.03,0.05,35.18,48.0,5.0,3.0,False
10001741,2025-03-08 22:07:46,374,United Kingdom,Fashion,Web,Credit Card,2,79.97,0.05,151.94,33.0,,5.0,False
10003596,2025-03-08 22:10:09,537,United States,Fashion,Store,Credit Card,1,94.26,0.0,94.26,31.0,5.0,5.0,False
10001478,2025-03-08 22:53:50,15,United Kingdom,Electronics,Web,PayPal,1,185.69,0.05,176.41,28.0,5.0,6.0,False
10004063,2025-03-08 23:10:54,298,United States,Toys,Marketplace,PayPal,5,18.53,0.0,92.65,44.0,3.0,5.0,False
10002569,2025-03-09 10:24:11,390,Brazil,Beauty,Marketplace,Credit Card,2,30.94,0.0,61.88,29.0,5.0,5.0,False
10002876,2025-03-09 12:59:11,445,India,Electronics,Web,Credit Card,2,147.37,0.1,265.27,31.0,2.0,4.0,False
10000827,2025-03-09 14:39:09,167,India,Electronics,Mobile App,Credit Card,3,198.1,0.1,534.87,62.0,4.0,2.0,True
10000122,2025-03-09 20:12:47,615,United States,Beauty,Web,Credit Card,2,20.18,0.3,28.25,36.0,4.0,5.0,False
10004825,2025-03-09 21:16:55,92,United Kingdom,Toys,Web,PayPal,3,54.77,0.0,164.31,18.0,5.0,3.0,False
10001634,2025-03-09 23:45:25,98,Brazil,Beauty,Web,PayPal,3,23.5,0.1,63.45,33.0,3.0,6.0,False
10004772,2025-03-10 04:42:09,339,United States,Electronics,Marketplace,Bank Transfer,1,183.89,0.05,174.7,32.0,5.0,1.0,False
10004615,2025-03-10 11:18:48,238,Brazil,Toys,Mobile App,PayPal,2,44.85,0.0,89.7,47.0,,8.0,False
10000143,2025-03-10 12:40:58,547,United Kingdom,Fashion,Web,Credit Card,2,64.8,0.05,123.12,18.0,3.0,8.0,False
10004295,2025-03-10 13:54:06,113,Japan,Beauty,Web,PayPal,1,17.35,0.0,17.35,58.0,4.0,5.0,False
10003098,2025-03-10 16:50:12,276,India,Beauty,Web,Credit Card,1,39.45,0.0,39.45,42.0,5.0,6.0,False
10000164,2025-03-10 17:36:25,120,France,Sports,Mobile App,Credit Card,3,74.83,0.0,224.49,44.0,5.0,3.0,False
10004632,2025-03-10 23:13:34,539,United States,Electronics,Web,Credit Card,3,236.6,0.1,638.82,31.0,5.0,6.0,False
10003401,2025-03-11 02:23:27,576,Italy,Home & Garden,Web,Credit Card,3,93.12,0.3,195.55,44.0,,4.0,False
10001831,2025-03-11 03:14:50,540,United States,Beauty,Mobile App,PayPal,4,27.8,0.0,111.2,30.0,3.0,4.0,False
10004876,2025-03-11 06:15:00,133,Japan,Sports,Web,Credit Card,3,120.9,0.1,326.43,41.0,4.0,4.0,False
10004219,2025-03-11 20:00:04,506,Brazil,Toys,Marketplace,Credit Card,1,25.46,0.1,22.91,65.0,5.0,5.0,False
10003789,2025-03-12 05:53:48,18,France,Sports,Web,PayPal,3,64.97,0.1,175.42,28.0,5.0,7.0,False
10001225,2025-03-12 06:00:00,537,France,Fashion,Web,Credit Card,1,53.6,0.0,53.6,39.0,5.0,3.0,False
10004526,2025-03-12 11:21:20,461,United States,Sports,Mobile App,PayPal,1,52.04,0.05,49.44,38.0,5.0,3.0,False
10004225,2025-03-12 11:55:38,100,Canada,Sports,Web,PayPal,2,56.26,0.0,112.52,56.0,4.0,6.0,False
10002994,2025-03-12 15:47:39,269,France,Fashion,Web,PayPal,4,29.44,0.0,117.76,39.0,3.0,5.0,False
10001700,2025-03-12 16:48:53,278,Italy,Sports,Mobile App,PayPal,2,94.11,0.0,188.22,40.0,3.0,6.0,False
10001313,2025-03-12 17:55:22,166,Canada,Toys,Marketplace,Credit Card,2,40.93,0.1,73.67,18.0,3.0,3.0,False
10004766,2025-03-12 21:55:08,89,India,Home & Garden,Mobile App,Gift Card,4,69.29,0.0,277.16,33.0,3.0,3.0,False
10000922,2025-03-12 22:54:37,293,Brazil,Fashion,Web,Credit Card,5,134.07,0.0,670.35,43.0,5.0,4.0,False
10001673,2025-03-13 00:55:56,349,United States,Fashion,Web,Credit Card,2,58.96,0.0,117.92,40.0,4.0,5.0,False
10000397,2025-03-13 05:47:02,577,United States,Toys,Web,PayPal,1,19.63,0.05,18.65,49.0,5.0,3.0,False
10004452,2025-03-13 13:27:28,528,United States ,Electronics,Marketplace,Credit Card,4,267.25,0.1,962.1,68.0,5.0,4.0,False
10002618,2025-03-13 14:23:55,191,United States,Toys,Web,PayPal,3,27.14,0.0,81.42,29.0,3.0,3.0,False
10003000,2025-03-13 14:36:30,526,United Kingdom,Toys,Web,PayPal,2,12.06,0.2,19.3,42.0,4.0,4.0,False
10000347,2025-03-13 15:03:43,224,Spain,Fashion,Mobile App,Credit Card,2,38.38,0.0,76.76,48.0,3.0,5.0,False
10004651,2025-03-13 17:12:04,287,United States,Electronics,Mobile App,Bank Transfer,2,444.02,0.1,799.24,28.0,5.0,3.0,False
10000068,2025-03-13 18:07:33,253,Canada,Fashion,Mobile App,PayPal,1,81.67,0.0,81.67,44.0,4.0,6.0,False
10000425,2025-03-13 21:31:47,163,Brazil,Electronics,Web,Credit Card,1,217.66,0.3,152.36,67.0,5.0,8.0,True
10002922,2025-03-13 22:34:25,446,United States,Fashion,Web,Credit Card,4,100.03,0.1,360.11,31.0,,4.0,False
10000111,2025-03-14 01:33:35,307,United States,Fashion,Marketplace,Credit Card,2,43.62,0.0,87.24,42.0,4.0,6.0,False
10000537,2025-03-14 04:42:27,333,United States,Home & Garden,Web,Credit Card,3,82.79,0.05,235.95,53.0,,5.0,False
10004836,2025-03-14 07:50:27,58,United States,Beauty,Web,Credit Card,3,37.4,0.0,112.2,46.0,3.0,5.0,False
10000311,2025-03-14 08:57:19,152,Canada,Electronics,Web,Credit Card,7,247.98,0.0,1735.86,38.0,4.0,2.0,False
10003636,2025-03-14 17:02:20,171,United States,Fashion,Marketplace,Credit Card,1,41.75,0.1,37.58,37.0,5.0,4.0,False
10001003,2025-03-14 20:34:00,436,Italy,Electronics,Web,Credit Card,3,328.42,0.2,788.21,48.0,4.0,8.0,False
10001856,2025-03-14 21:08:11,609,United States,Beauty,Web,PayPal,3,20.24,0.0,60.72,18.0,5.0,2.0,False
10004660,2025-03-14 21:30:43,78,Canada,Toys,Web,Credit Card,4,36.22,0.1,130.39,43.0,4.0,4.0,False
10001236,2025-03-14 23:24:14,115,United States,Electronics,Web,Credit Card,3,347.16,0.1,937.33,38.0,4.0,3.0,False
10000261,2025-03-15 01:51:43,289,Japan,Electronics,Web,Credit Card,4,313.83,0.05,1192.55,32.0,4.0,8.0,False
10002059,2025-03-15 15:59:56,620,Italy,Fashion,Web,Credit Card,1,30.13,0.0,30.13,22.0,4.0,10.0,False
10004539,2025-03-15 17:54:45,312,India,Home & Garden,Mobile App,PayPal,4,89.77,0.05,341.13,30.0,4.0,4.0,False
10002731,2025-03-15 18:01:06,66,Canada,Electronics,Marketplace,Credit Card,2,304.15,0.0,608.3,27.0,5.0,7.0,False
10003647,2025-03-16 03:33:26,190,United Kingdom,Beauty,Marketplace,Credit Card,1,12.18,0.0,12.18,37.0,5.0,6.0,False
10001952,2025-03-16 03:50:39,105,India,Fashion,Mobile App,Bank Transfer,3,60.9,0.0,182.7,30.0,3.0,6.0,False
10002346,2025-03-16 05:45:24,22,Italy,Sports,Web,PayPal,3,53.78,0.1,145.21,59.0,2.0,6.0,False
10000958,2025-03-16 10:02:38,182,India,Fashion,Web,Credit Card,2,88.29,0.2,141.26,46.0,4.0,4.0,False
10004423,2025-03-16 11:37:30,339,United States,Fashion,Mobile App,PayPal,4,41.42,0.0,165.68,51.0,3.0,4.0,False
10001390,2025-03-17 00:00:25,250,United Kingdom,Fashion,Mobile App,Credit Card,3,40.2,0.05,114.57,53.0,3.0,5.0,False
10004159,2025-03-17 18:45:36,136,United States,Electronics,Web,PayPal,1,405.23,0.0,405.23,39.0,5.0,3.0,False
10002122,2025-03-18 01:23:55,182,Canada,Electronics,Web,Credit Card,1,232.25,0.0,232.25,59.0,2.0,2.0,False
10000697,2025-03-18 10:04:38,463,France,Home & Garden,Mobile App,Credit Card,4,75.25,0.1,270.9,49.0,4.0,3.0,False
10001569,2025-03-18 11:22:01,149,United States,Fashion,Web,Gift Card,2,39.39,0.2,63.02,22.0,5.0,6.0,False
10003232,2025-03-18 12:35:09,431,France,Fashion,Web,Credit Card,2,28.75,0.0,57.5,40.0,5.0,7.0,False
10001089,2025-03-18 13:00:14,502,India,Fashion,Marketplace,Credit Card,2,91.87,0.3,128.62,18.0,4.0,3.0,False
10003356,2025-03-18 21:45:25,303,Canada,Fashion,Web,Credit Card,3,100.84,0.0,302.52,56.0,5.0,5.0,False
10004644,2025-03-19 06:53:51,590,United States,Home & Garden,Web,Credit Card,5,62.61,0.1,281.74,37.0,5.0,4.0,False
10000671,2025-03-19 12:13:43,368,Brazil,Fashion,Web,PayPal,2,45.91,0.0,91.82,23.0,5.0,7.0,False
10001814,2025-03-19 12:23:42,456,India,Beauty,Web,Credit Card,2,53.72,0.05,102.07,33.0,5.0,3.0,False
10001060,2025-03-19 14:41:25,286,Japan,Home & Garden,Mobile App,PayPal,4,69.87,0.05,265.51,26.0,5.0,4.0,False
10000756,2025-03-19 16:50:36,183,France,Home & Garden,Mobile App,Credit Card,2,44.75,0.3,62.65,28.0,3.0,5.0,False
10004313,2025-03-19 23:49:15,340,United Kingdom,Electronics,Store,Credit Card,3,203.15,0.2,487.56,50.0,4.0,6.0,True
10003012,2025-03-20 00:37:06,97,United States,Home & Garden,Web,PayPal,2,126.57,0.1,227.83,32.0,5.0,3.0,False
10000198,2025-03-20 01:12:35,607,United States,Electronics,Mobile App,Gift Card,3,214.47,0.0,643.41,39.0,3.0,8.0,False
10002849,2025-03-20 02:52:27,208,United Kingdom,Toys,Web,Gift Card,3,48.84,0.0,146.52,19.0,4.0,4.0,False
10003660,2025-03-20 05:29:00,516,United States,Toys,Marketplace,Credit Card,4,13.26,0.05,50.39,32.0,5.0,5.0,False
10003248,2025-03-20 10:20:06,395,United States,Sports,Mobile App,Credit Card,3,77.68,0.3,163.13,48.0,4.0,5.0,False
10001537,2025-03-20 12:04:31,350,Germany,Electronics,Mobile App,Credit Card,2,144.66,0.0,289.32,27.0,,4.0,False
10004911,2025-03-20 16:05:27,406,United States,Sports,Marketplace,PayPal,2,61.93,0.0,123.86,21.0,4.0,2.0,False
10002654,2025-03-20 16:15:10,395,France,Electronics,Web,Credit Card,2,261.23,0.0,522.46,42.0,5.0,4.0,False
10002654,2025-03-20 16:15:10,395,France,Electronics,Web,Credit Card,2,261.23,0.0,522.46,42.0,5.0,4.0,False
10000438,2025-03-21 01:20:37,621,India,Electronics,Mobile App,Bank Transfer,3,327.26,0.0,981.78,37.0,4.0,2.0,False
10004603,2025-03-21 05:37:43,80,India,Home & Garden,Mobile App,Credit Card,4,51.93,0.0,207.72,34.0,,6.0,False
10000764,2025-03-21 12:32:32,280,Spain,Fashion,Marketplace,Credit Card,1,24.81,0.3,17.37,23.0,3.0,2.0,False
10001308,2025-03-21 15:05:32,405,United States,Home & Garden,Mobile App,Credit Card,2,88.65,0.05,168.44,38.0,5.0,5.0,False
10003584,2025-03-22 21:35:15,318,India,Fashion,Marketplace,Credit Card,1,55.12,0.0,55.12,18.0,,10.0,False
10001803,2025-03-23 01:09:00,221,United States,Beauty,Web,PayPal,3,35.77,0.0,107.31,34.0,4.0,2.0,True
10001278,2025-03-23 02:59:26,462,United States,Fashion,Mobile App,PayPal,3,108.35,0.3,227.53,37.0,5.0,5.0,False
10004390,2025-03-23 06:23:32,98,Canada,Toys,Web,Credit Card,1,10.07,0.0,10.07,65.0,5.0,9.0,False
10002821,2025-03-23 07:27:53,545,United Kingdom,Electronics,Mobile App,Credit Card,1,191.86,0.05,182.27,58.0,2.0,4.0,False
10000662,2025-03-23 11:41:40,424,united states,Beauty,Web,Gift Card,6,21.57,0.0,129.42,50.0,,7.0,False
10001769,2025-03-23 11:50:41,277,France,Fashion,Mobile App,Credit Card,2,44.02,0.0,88.04,25.0,4.0,2.0,False
10003609,2025-03-24 09:33:59,381,Germany,Fashion,Marketplace,Credit Card,2,141.23,0.05,268.34,55.0,4.0,7.0,False
10001715,2025-03-24 20:11:45,285,United Kingdom,Toys,Mobile App,Gift Card,4,21.05,0.05,79.99,39.0,2.0,4.0,False
10000048,2025-03-24 22:26:41,597,Italy,Electronics,Web,Credit Card,2,224.73,0.05,426.99,37.0,3.0,8.0,False
10000163,2025-03-24 22:35:16,305,United States ,Toys,Web,PayPal,1,29.53,0.2,23.62,39.0,,7.0,False
10000611,2025-03-24 23:07:34,550,United Kingdom,Home & Garden,Web,Bank Transfer,3,81.2,0.05,231.42,45.0,5.0,4.0,False
10003891,2025-03-24 23:29:00,615,United States,Fashion,Mobile App,Gift Card,2,22.5,0.2,36.0,36.0,4.0,5.0,False
10001377,2025-03-25 04:59:58,575,France,Electronics,Marketplace,Credit Card,3,273.85,0.0,821.55,21.0,,5.0,False
10004220,2025-03-25 05:56:51,425,Spain,Home & Garden,Web,Credit Card,2,117.07,0.0,234.14,31.0,5.0,6.0,False
10001021,2025-03-25 08:22:06,492,United States,Electronics,Web,Credit Card,3,159.84,0.05,455.54,44.0,5.0,5.0,False
10001140,2025-03-25 19:10:09,495,United States,Toys,Marketplace,Bank Transfer,2,13.96,0.0,27.92,42.0,,4.0,False
10000858,2025-03-25 19:47:05,166,Germany,Beauty,Web,PayPal,5,70.38,0.1,316.71,39.0,5.0,7.0,False
10001210,2025-03-26 03:01:40,396,Germany,Electronics,Web,Credit Card,2,442.12,0.0,884.24,32.0,,3.0,True
10000216,2025-03-26 04:51:51,485,France,Beauty,Web,Credit Card,3,35.23,0.0,105.69,21.0,2.0,4.0,False
10002460,2025-03-26 05:04:04,458,Italy,Beauty,Store,Credit Card,1,74.94,0.0,74.94,33.0,2.0,8.0,False
10002836,2025-03-26 15:29:37,247,France,Home & Garden,Web,PayPal,2,84.98,0.1,152.96,36.0,4.0,6.0,False
10001499,2025-03-26 17:42:50,547,United Kingdom,Beauty,Web,Credit Card,3,15.35,0.0,46.05,18.0,3.0,7.0,False
10002171,2025-03-26 22:12:34,245,India,Electronics,Mobile App,Credit Card,2,93.67,0.2,149.87,30.0,5.0,3.0,False
10001781,2025-03-27 04:23:12,611,Germany,Beauty,Web,PayPal,2,52.01,0.05,98.82,31.0,,7.0,False
10001637,2025-03-27 07:38:45,130,United States,Home & Garden,Web,Credit Card,1,116.76,0.2,93.41,28.0,1.0,3.0,False
10003960,2025-03-27 08:15:30,560,Japan,Fashion,Mobile App,Credit Card,2,57.12,0.0,114.24,38.0,5.0,4.0,False
10003679,2025-03-27 20:18:23,343,United States,Electronics,Mobile App,Bank Transfer,3,248.38,0.05,707.88,46.0,3.0,5.0,False
10002079,2025-03-27 21:11:15,351,United States,Sports,Mobile App,PayPal,3,72.64,0.0,217.92,42.0,5.0,3.0,False
10000315,2025-03-27 21:15:49,56,Brazil,Toys,Web,Credit Card,3,33.15,0.0,99.45,45.0,4.0,4.0,False
10001497,2025-03-27 22:12:40,288,United States,Electronics,Web,PayPal,2,221.06,0.05,420.01,34.0,4.0,6.0,False
10002018,2025-03-28 07:35:06,326,Japan,Fashion,Mobile App,Bank Transfer,2,53.05,0.0,106.1,40.0,4.0,6.0,False
10003880,2025-03-28 14:52:25,388,France,Fashion,Mobile App,Credit Card,3,21.09,0.0,63.27,19.0,3.0,10.0,False
10004861,2025-03-28 15:30:08,330,Japan,Fashion,Store,PayPal,3,22.0,0.0,66.0,26.0,3.0,5.0,False
10002409,2025-03-28 18:42:45,489,United Kingdom,Home & Garden,Mobile App,PayPal,1,62.67,0.0,62.67,34.0,4.0,4.0,False
10001027,2025-03-28 19:17:13,591,Brazil,Sports,Store,Gift Card,1,59.39,0.2,47.51,27.0,5.0,8.0,False
10004020,2025-03-29 12:38:49,538,Canada,Sports,Web,PayPal,2,66.71,0.1,120.08,38.0,4.0,6.0,False
10003357,2025-03-29 18:37:22,617,United Kingdom,Fashion,Mobile App,Credit Card,2,77.08,0.1,138.74,35.0,5.0,7.0,False
10003881,2025-03-29 19:01:48,369,Brazil,Electronics,Web,Credit Card,2,104.22,0.1,187.6,28.0,4.0,7.0,False
10002551,2025-03-29 23:48:22,39,Canada,Home & Garden,Web,Credit Card,2,125.03,0.0,250.06,45.0,4.0,2.0,False
10004148,2025-03-30 00:27:38,353,Italy,Home & Garden,Marketplace,Credit Card,1,76.32,0.1,68.69,31.0,,6.0,False
10002862,2025-03-30 03:25:35,236,Brazil,Toys,Store,Credit Card,4,23.57,0.05,89.57,51.0,5.0,3.0,False
10000963,2025-03-30 07:56:52,469,United States,Home & Garden,Web,Credit Card,2,131.25,0.2,210.0,56.0,4.0,5.0,False
10002861,2025-03-30 13:35:04,295,Canada,Home & Garden,Mobile App,PayPal,3,65.72,0.0,197.16,25.0,4.0,6.0,False
10001794,2025-03-30 15:25:08,392,Germany,Fashion,Web,Credit Card,3,37.17,0.0,111.51,,2.0,8.0,True
10004024,2025-03-30 18:19:18,433,Canada,Home & Garden,Mobile App,Credit Card,2,25.5,0.0,51.0,28.0,3.0,5.0,False
10001819,2025-03-30 18:44:29,479,Germany,Beauty,Mobile App,Gift Card,2,33.94,0.0,67.88,43.0,5.0,5.0,False
10001032,2025-03-30 23:44:17,345,France,Fashion,Web,Bank Transfer,3,63.75,0.0,191.25,67.0,,8.0,False
10002490,2025-03-31 02:12:25,308,Germany,Electronics,Mobile App,Credit Card,1,253.89,0.2,203.11,22.0,4.0,7.0,False
10000458,2025-03-31 08:31:11,23,Germany,Electronics,Web,Credit Card,5,318.7,0.2,1274.8,53.0,3.0,4.0,False
10004308,2025-03-31 09:55:06,480,United States,Home & Garden,Mobile App,PayPal,2,173.0,0.0,346.0,45.0,4.0,7.0,False
10002192,2025-03-31 16:33:01,166,France,Home & Garden,Mobile App,Credit Card,1,68.34,0.05,64.92,61.0,4.0,5.0,False
10004401,2025-03-31 23:22:22,508,Brazil,Electronics,Mobile App,Credit Card,1,178.54,0.1,160.69,30.0,4.0,6.0,False
10002833,2025-04-01 00:16:24,244,United Kingdom,Home & Garden,Store,PayPal,2,61.49,0.05,116.83,66.0,,4.0,False
10000296,2025-04-01 00:46:33,310,United Kingdom,Beauty,Web,Credit Card,5,19.69,0.0,98.45,46.0,,3.0,False
10004554,2025-04-01 04:21:11,116,United Kingdom,Beauty,Web,PayPal,2,28.88,0.05,54.87,19.0,4.0,4.0,False
10003978,2025-04-01 04:26:56,574,Germany,Electronics,Mobile App,Credit Card,1,218.5,0.0,218.5,61.0,5.0,3.0,False
10004859,2025-04-01 05:12:15,451,United States,Beauty,Web,Credit Card,5,27.8,0.05,132.05,37.0,3.0,5.0,False
10004935,2025-04-01 23:19:24,170,France,Sports,Mobile App,Credit Card,2,107.77,0.0,215.54,26.0,3.0,6.0,False
10002154,2025-04-02 05:20:51,258,United States,Home & Garden,Mobile App,Credit Card,2,123.18,0.2,197.09,18.0,4.0,7.0,False
10001808,2025-04-02 13:23:30,581,united states,Electronics,Web,Gift Card,2,230.14,0.3,322.2,36.0,4.0,5.0,False
10002201,2025-04-02 17:11:44,242,India,Sports,Web,Credit Card,1,34.74,0.0,34.74,33.0,5.0,5.0,False
10004058,2025-04-02 22:21:11,46,Canada,Fashion,Mobile App,Credit Card,3,48.52,0.0,145.56,32.0,4.0,6.0,False
10002005,2025-04-02 22:47:54,557,Italy,Sports,Web,Credit Card,2,31.63,0.0,63.26,42.0,3.0,9.0,False
10001937,2025-04-03 00:09:26,172,Canada,Electronics,Web,Gift Card,1,136.24,0.1,122.62,43.0,4.0,5.0,False
10001400,2025-04-03 01:42:42,322,United States,Fashion,Mobile App,PayPal,1,61.01,0.0,61.01,35.0,3.0,6.0,False
10000292,2025-04-03 01:53:55,494,Brazil,Electronics,Mobile App,Bank Transfer,3,132.16,0.0,396.48,37.0,4.0,4.0,False
10002905,2025-04-03 02:01:45,64,Canada,Electronics,Mobile App,Credit Card,5,224.72,0.3,786.52,44.0,3.0,3.0,False
10004584,2025-04-03 03:04:08,314,United Kingdom,Beauty,Web,Credit Card,4,16.35,0.2,52.32,43.0,4.0,7.0,False
10002751,2025-04-03 05:11:27,8,Spain,Toys,Web,Credit Card,2,17.94,0.2,28.7,24.0,4.0,7.0,False
10003706,2025-04-03 07:50:12,22,United Kingdom,Beauty,Mobile App,Gift Card,4,28.25,0.0,113.0,48.0,5.0,3.0,False
10002518,2025-04-03 15:32:27,402,Japan,Home & Garden,Web,Credit Card,4,89.0,0.05,338.2,33.0,4.0,5.0,False
10004468,2025-04-03 16:42:21,236,United States,Beauty,Mobile App,Credit Card,2,18.27,0.1,32.89,45.0,5.0,7.0,False
10004675,2025-04-03 18:40:14,404,Germany,Fashion,Web,Credit Card,2,56.19,0.1,101.14,18.0,3.0,8.0,False
10001456,2025-04-03 19:20:13,355,Germany,Beauty,Marketplace,PayPal,2,29.51,0.2,47.22,24.0,5.0,8.0,False
10003353,2025-04-04 14:36:37,125,United States,Beauty,Marketplace,PayPal,2,56.31,0.05,106.99,38.0,5.0,7.0,False
10004000,2025-04-04 17:02:15,565,United States,Electronics,Web,PayPal,1,489.95,0.05,465.45,63.0,3.0,5.0,False
10001890,2025-04-04 19:18:59,487,France,Fashion,Mobile App,PayPal,1,25.44,0.05,24.17,38.0,3.0,4.0,False
10002937,2025-04-04 22:23:45,162,Brazil,Sports,Mobile App,Credit Card,2,82.19,0.1,147.94,46.0,5.0,2.0,False
10001524,2025-04-05 03:11:35,426,United States,Electronics,Mobile App,Credit Card,2,117.95,0.05,224.1,47.0,,7.0,False
10002067,2025-04-06 07:42:59,345,United Kingdom,Fashion,Store,Credit Card,3,83.87,0.1,226.45,52.0,5.0,6.0,True
10003904,2025-04-06 09:53:34,595,United States,Beauty,Web,Credit Card,3,26.46,0.0,79.38,31.0,3.0,7.0,False
10004382,2025-04-06 12:44:23,583,Italy,Home & Garden,Mobile App,Credit Card,2,53.96,0.3,75.54,40.0,4.0,4.0,False
10002213,2025-04-06 15:12:44,36,Brazil,Toys,Store,Credit Card,4,8.64,0.0,34.56,28.0,,3.0,False
10004629,2025-04-06 17:06:21,471,United Kingdom,Toys,Web,PayPal,2,12.97,0.0,25.94,36.0,3.0,5.0,False
10001159,2025-04-06 20:27:15,551,United States,Fashion,Store,Credit Card,2,42.81,0.0,85.62,29.0,3.0,6.0,False
10003218,2025-04-07 08:07:19,404,Italy,Home & Garden,Mobile App,PayPal,1,124.01,0.05,117.81,39.0,5.0,5.0,False
10003839,2025-04-07 11:07:07,58,Japan,Toys,Marketplace,Credit Card,5,16.18,0.0,80.9,35.0,5.0,5.0,False
10001714,2025-04-07 15:31:30,367,United States,Fashion,Store,Credit Card,2,32.28,0.05,61.33,39.0,4.0,5.0,False
10000687,2025-04-07 18:14:02,204,Japan,Home & Garden,Web,PayPal,5,34.01,0.0,170.05,18.0,5.0,10.0,False
10001482,2025-04-08 09:23:40,506,Italy,Beauty,Store,Gift Card,4,45.71,0.0,182.84,27.0,3.0,3.0,False
10001789,2025-04-08 14:41:54,156,United States,Home & Garden,Store,Credit Card,4,68.79,0.05,261.4,49.0,5.0,4.0,False
10001262,2025-04-08 22:17:00,178,France,Home & Garden,Mobile App,Credit Card,3,51.93,0.2,124.63,49.0,4.0,7.0,False
10003478,2025-04-08 23:22:23,354,Germany,Electronics,Mobile App,Credit Card,3,114.33,0.1,308.69,48.0,4.0,6.0,False
10004559,2025-04-09 01:47:07,414,Germany,Home & Garden,Mobile App,Credit Card,2,121.74,0.05,231.31,18.0,2.0,7.0,False
10000854,2025-04-09 03:48:59,102,Germany,Electronics,Mobile App,PayPal,1,489.52,0.2,391.62,59.0,5.0,2.0,False
10001515,2025-04-09 04:30:38,308,India,Electronics,Web,Gift Card,3,194.97,0.1,526.42,30.0,4.0,6.0,False
10000902,2025-04-09 06:14:28,610,Germany,Beauty,Web,PayPal,2,37.89,0.0,75.78,40.0,5.0,4.0,False
10000465,2025-04-09 08:29:43,574,France,Electronics,Web,Credit Card,1,178.87,0.0,178.87,50.0,4.0,7.0,False
10001517,2025-04-09 20:24:17,109,Italy,Home & Garden,Web,Credit Card,4,93.33,0.05,354.65,41.0,4.0,5.0,False
10002673,2025-04-09 23:37:16,58,Germany,Sports,Web,Credit Card,3,90.56,0.0,271.68,38.0,2.0,5.0,False
10000462,2025-04-10 01:10:06,351,France,Beauty,Web,Credit Card,1,45.64,0.0,45.64,55.0,4.0,6.0,False
10002588,2025-04-10 05:29:12,456,Brazil,Beauty,Store,PayPal,4,19.59,0.0,78.36,47.0,5.0,4.0,False
10000174,2025-04-10 14:16:05,19,France,Fashion,Mobile App,Credit Card,1,33.29,0.0,33.29,19.0,4.0,3.0,False
10004750,2025-04-10 16:26:25,516,United States,Sports,Web,PayPal,3,78.01,0.0,234.03,29.0,4.0,49.0,False
10001670,2025-04-10 18:23:39,432,United States,Sports,Web,Credit Card,4,38.44,0.2,123.01,41.0,5.0,5.0,False
10001005,2025-04-10 20:23:14,169,Brazil,Home & Garden,Web,Credit Card,1,59.66,0.2,47.73,19.0,4.0,4.0,False
10001999,2025-04-11 06:42:05,447,France,Home & Garden,Web,Credit Card,4,152.86,0.0,611.44,46.0,4.0,7.0,False
10004608,2025-04-11 07:37:45,72,Brazil,Home & Garden,Web,Credit Card,4,72.47,0.0,289.88,20.0,4.0,5.0,False
10004419,2025-04-11 12:11:20,567,Germany,Electronics,Marketplace,Credit Card,2,214.69,0.05,407.91,30.0,4.0,5.0,False
10002033,2025-04-11 13:35:50,27,India,Toys,Marketplace,Credit Card,4,17.56,0.0,70.24,22.0,5.0,9.0,False
10000649,2025-04-11 20:17:59,403,Brazil,Home & Garden,Mobile App,Credit Card,4,47.93,0.1,172.55,28.0,4.0,14.0,False
10000575,2025-04-12 12:15:14,16,United States,Home & Garden,Web,PayPal,1,143.07,0.1,128.76,31.0,5.0,4.0,False
10000335,2025-04-12 14:54:29,271,United States,Fashion,Web,Credit Card,4,52.49,0.05,199.46,30.0,3.0,3.0,False
10001743,2025-04-12 15:27:45,178,United States,Beauty,Mobile App,Bank Transfer,3,59.98,0.0,179.94,,3.0,10.0,False
10001194,2025-04-12 15:42:16,322,United States,Electronics,Web,Credit Card,1,150.5,0.0,150.5,71.0,4.0,6.0,False
10001066,2025-04-12 19:45:12,566,Brazil,Beauty,Web,Credit Card,2,45.65,0.0,91.3,56.0,3.0,5.0,False
10004260,2025-04-12 23:31:09,63,Germany,Home & Garden,Mobile App,Bank Transfer,2,45.4,0.05,86.26,40.0,5.0,3.0,False
10001968,2025-04-13 05:42:54,173,Spain,Electronics,Mobile App,Credit Card,2,284.11,0.1,511.4,36.0,5.0,1.0,False
10000257,2025-04-13 07:12:44,337,United States,Electronics,Marketplace,Credit Card,3,288.81,0.0,866.43,22.0,4.0,5.0,False
10004359,2025-04-13 08:44:37,144,United States,Home & Garden,Web,Credit Card,3,177.53,0.0,532.59,55.0,4.0,4.0,True
10003635,2025-04-13 10:28:08,549,United States,Fashion,Web,Credit Card,4,48.49,0.0,193.96,,5.0,8.0,False
10000357,2025-04-13 12:35:30,26,United States,Fashion,Mobile App,Credit Card,5,39.36,0.0,196.8,38.0,5.0,8.0,False
10003179,2025-04-13 13:38:08,510,Brazil,Electronics,Web,PayPal,2,241.69,0.2,386.7,18.0,4.0,2.0,False
10000412,2025-04-13 23:53:44,167,India,Electronics,Web,PayPal,2,335.89,0.05,638.19,36.0,4.0,7.0,False
10002667,2025-04-14 00:33:39,69,Italy,Sports,Marketplace,Bank Transfer,1,53.42,0.05,50.75,24.0,5.0,4.0,False
10004563,2025-04-14 06:22:15,434,France,Toys,Web,Bank Transfer,6,69.65,0.0,417.9,20.0,4.0,3.0,False
10003638,2025-04-14 06:40:55,5,Italy,Fashion,Marketplace,Credit Card,1,63.4,0.1,57.06,26.0,4.0,3.0,False
10004043,2025-04-14 12:19:42,324,India,Fashion,Web,Credit Card,2,39.78,0.0,79.56,28.0,5.0,7.0,False
10004214,2025-04-14 15:56:51,593,Germany,Toys,Mobile App,Credit Card,3,47.61,0.05,135.69,52.0,5.0,3.0,False
10004044,2025-04-14 17:00:50,349,United Kingdom,Beauty,Store,Credit Card,3,41.99,0.2,100.78,40.0,5.0,3.0,False
10001012,2025-04-14 17:57:03,439,Italy,Electronics,Marketplace,Credit Card,1,205.11,0.0,205.11,27.0,4.0,5.0,False
10000148,2025-04-14 21:10:41,335,Italy,Home & Garden,Web,PayPal,1,46.86,0.05,44.52,48.0,4.0,1.0,False
10003056,2025-04-14 21:48:42,17,Germany,Sports,Mobile App,Credit Card,3,82.66,0.0,247.98,35.0,5.0,5.0,False
10001678,2025-04-14 22:06:05,484,Germany,Electronics,Marketplace,Credit Card,3,375.5,0.05,1070.18,53.0,5.0,6.0,False
10003686,2025-04-15 01:31:06,453,United States,Fashion,Mobile App,Credit Card,1,84.37,0.0,84.37,40.0,5.0,1.0,False
10001361,2025-04-15 03:44:36,232,Japan,Electronics,Marketplace,PayPal,2,145.42,0.2,232.67,50.0,3.0,6.0,False
10000485,2025-04-15 08:58:26,219,Germany,Electronics,Mobile App,PayPal,2,218.89,0.0,437.78,28.0,4.0,4.0,False
10004411,2025-04-15 10:12:29,17,Brazil,Fashion,Web,Credit Card,2,57.16,0.1,102.89,52.0,3.0,4.0,False
10001249,2025-04-15 18:52:34,5,Brazil,Toys,Mobile App,Gift Card,2,29.92,0.1,53.86,43.0,5.0,4.0,False
10001863,2025-04-15 19:43:34,337,Spain,Electronics,Web,PayPal,1,289.79,0.0,289.79,36.0,5.0,4.0,False
10003565,2025-04-15 22:23:35,408,United States,Electronics,Web,Credit Card,2,99.82,0.0,199.64,51.0,4.0,1.0,False
10004147,2025-04-16 05:00:54,81,United States,Electronics,Web,Credit Card,4,181.62,0.05,690.16,42.0,3.0,5.0,False
10004019,2025-04-16 13:14:20,170,Canada,Electronics,Marketplace,Credit Card,5,253.07,0.0,1265.35,31.0,2.0,7.0,False
10003741,2025-04-16 22:57:08,186,United States,Fashion,Web,PayPal,1,78.35,0.2,62.68,53.0,3.0,5.0,False
10003341,2025-04-17 14:25:06,524,Germany,Electronics,Web,Credit Card,3,433.36,0.05,1235.08,43.0,4.0,5.0,False
10003643,2025-04-17 20:15:01,522,Germany,Fashion,Marketplace,Credit Card,3,50.76,0.05,144.67,25.0,5.0,2.0,False
10004422,2025-04-17 20:28:55,63,Canada,Sports,Mobile App,PayPal,2,100.91,0.2,161.46,35.0,4.0,6.0,False
10004692,2025-04-17 21:23:45,535,France,Sports,Mobile App,Credit Card,5,124.62,0.3,436.17,28.0,4.0,6.0,False
10002750,2025-04-17 21:42:13,85,Spain,Home & Garden,Web,Credit Card,1,64.74,0.0,64.74,47.0,4.0,3.0,False
10000718,2025-04-18 04:43:53,16,United States,Fashion,Mobile App,PayPal,1,84.12,0.1,75.71,54.0,4.0,4.0,False
10002503,2025-04-18 09:16:38,243,Germany,Home & Garden,Mobile App,Credit Card,1,125.23,0.0,125.23,38.0,3.0,6.0,False
10002843,2025-04-18 12:25:58,506,Brazil,Beauty,Web,Credit Card,2,22.95,0.2,36.72,28.0,5.0,6.0,False
10003425,2025-04-18 13:46:24,616,Spain,Electronics,Web,Gift Card,3,406.91,0.1,1098.66,24.0,3.0,6.0,False
10004288,2025-04-19 03:33:06,14,United States,Fashion,Mobile App,Credit Card,1,31.69,0.2,25.35,36.0,,5.0,False
10004838,2025-04-19 11:08:17,171,Brazil,Home & Garden,Web,Credit Card,4,63.38,0.1,228.17,18.0,5.0,5.0,False
10000348,2025-04-19 18:30:14,14,Germany,Home & Garden,Web,PayPal,4,62.77,0.2,200.86,34.0,5.0,3.0,False
10001425,2025-04-19 19:01:50,145,Canada,Fashion,Web,Credit Card,3,96.77,0.0,290.31,29.0,5.0,6.0,False
10003127,2025-04-19 22:36:04,426,Italy,Home & Garden,Mobile App,PayPal,4,26.88,0.0,107.52,36.0,4.0,3.0,False
10004835,2025-04-20 00:04:58,149,France,Fashion,Store,Credit Card,3,48.37,0.05,137.85,18.0,4.0,6.0,False
10000672,2025-04-20 01:13:56,3,Germany,Toys,Marketplace,PayPal,1,16.97,0.05,16.12,49.0,4.0,5.0,False
10004494,2025-04-20 01:21:52,406,Italy,Home & Garden,Marketplace,Credit Card,4,50.51,0.05,191.94,55.0,3.0,3.0,False
10002949,2025-04-20 06:27:28,477,Canada,Home & Garden,Marketplace,PayPal,2,71.23,0.0,142.46,48.0,3.0,5.0,False
10001031,2025-04-20 07:25:45,561,Germany,Home & Garden,Marketplace,PayPal,1,354.48,0.1,319.03,35.0,5.0,3.0,False
10003917,2025-04-20 12:45:04,106,Italy,Fashion,Web,Gift Card,4,28.59,0.0,114.36,39.0,3.0,4.0,False
10004525,2025-04-21 02:05:42,584,United States,Fashion,Web,Credit Card,3,29.43,0.1,79.46,58.0,3.0,6.0,False
10000676,2025-04-21 14:37:10,105,France,Sports,Mobile App,Credit Card,2,90.41,0.2,144.66,28.0,5.0,9.0,False
10000637,2025-04-21 20:43:37,137,United States,Fashion,Mobile App,Credit Card,3,61.47,0.1,165.97,18.0,3.0,8.0,False
10002562,2025-04-21 22:28:26,205,India,Sports,Mobile App,Credit Card,1,91.47,0.2,73.18,33.0,3.0,8.0,False
10003469,2025-04-22 03:19:18,312,Germany,Fashion,Marketplace,PayPal,4,48.48,0.1,174.53,38.0,5.0,5.0,False
10000635,2025-04-22 03:59:09,455,Germany,Sports,Web,Gift Card,2,69.26,0.05,131.59,47.0,4.0,7.0,True
10003268,2025-04-22 21:23:51,530,France,Fashion,Marketplace,Credit Card,1,27.58,0.05,26.2,41.0,4.0,3.0,False
10000834,2025-04-22 22:02:03,564,United States,Sports,Web,Credit Card,3,68.16,0.1,184.03,50.0,4.0,3.0,False
10003894,2025-04-22 23:10:27,549,India,Home & Garden,Web,Bank Transfer,3,52.45,0.2,125.88,25.0,4.0,1.0,False
10003760,2025-04-23 03:53:37,109,Spain,Electronics,Mobile App,Credit Card,4,311.74,0.0,1246.96,49.0,3.0,7.0,False
10003820,2025-04-23 05:58:09,303,Germany,Fashion,Web,PayPal,4,64.79,0.3,181.41,60.0,4.0,7.0,False
10004184,2025-04-23 06:59:10,173,Brazil,Toys,Mobile App,Credit Card,2,27.81,0.3,38.93,28.0,,6.0,False
10002104,2025-04-23 16:51:56,140,Spain,Sports,Web,PayPal,3,28.57,0.05,81.42,55.0,5.0,2.0,False
10001352,2025-04-23 17:38:52,49,Germany,Home & Garden,Web,Credit Card,5,46.67,0.2,186.68,40.0,5.0,5.0,True
10000607,2025-04-23 18:51:21,261,France,Beauty,Marketplace,PayPal,1,34.1,0.0,34.1,43.0,5.0,4.0,False
10004810,2025-04-24 01:38:55,112,Spain,Home & Garden,Mobile App,PayPal,3,64.78,0.0,194.34,54.0,4.0,3.0,False
10004449,2025-04-24 02:37:28,541,Japan,Electronics,Web,Credit Card,1,222.83,0.2,178.26,36.0,5.0,3.0,False
10000467,2025-04-24 14:39:55,450,Germany,Electronics,Web,PayPal,4,207.58,0.0,830.32,28.0,4.0,10.0,False
10000153,2025-04-24 15:41:53,165,United Kingdom,Toys,Web,Credit Card,6,28.65,0.05,163.3,35.0,5.0,3.0,False
10004437,2025-04-24 16:17:33,311,United States,Home & Garden,Store,PayPal,2,56.74,0.05,107.81,23.0,5.0,3.0,False
10003729,2025-04-24 19:47:03,152,Canada,Fashion,Web,Credit Card,3,55.34,0.0,166.02,47.0,3.0,5.0,False
10003186,2025-04-24 22:20:03,110,United States,Fashion,Mobile App,PayPal,4,41.8,0.0,167.2,64.0,5.0,2.0,False
10000683,2025-04-25 03:54:35,557,Spain,Electronics,Web,Credit Card,2,218.19,0.2,349.1,38.0,2.0,4.0,False
10002717,2025-04-25 06:27:56,253,United Kingdom,Electronics,Marketplace,Gift Card,2,195.94,0.0,391.88,42.0,4.0,3.0,False
10000057,2025-04-25 08:57:54,21,Japan,Toys,Mobile App,Credit Card,3,45.57,0.05,129.87,55.0,2.0,4.0,False
10004925,2025-04-25 16:23:04,108,France,Home & Garden,Web,Credit Card,1,74.56,0.0,74.56,39.0,3.0,2.0,False
10002436,2025-04-25 17:13:02,363,United States,Electronics,Marketplace,Credit Card,1,444.37,0.0,444.37,50.0,3.0,3.0,False
10000155,2025-04-26 00:50:22,485,Germany,Toys,Web,Credit Card,3,19.95,0.0,59.85,49.0,4.0,5.0,False
10002406,2025-04-26 06:29:12,298,India,Electronics,Mobile App,Bank Transfer,3,197.87,0.05,563.93,38.0,4.0,6.0,False
10004013,2025-04-26 07:06:31,91,United States,Fashion,Mobile App,Credit Card,3,89.38,0.05,254.73,41.0,4.0,6.0,False
10001437,2025-04-26 10:22:59,237,Brazil,Home & Garden,Mobile App,Credit Card,3,68.02,0.0,204.06,33.0,5.0,5.0,False
10004476,2025-04-26 12:35:43,596,Japan,Electronics,Web,PayPal,3,69.5,0.0,208.5,51.0,4.0,4.0,False
10004966,2025-04-26 21:55:13,235,Germany,Sports,Mobile App,Credit Card,3,162.74,0.0,488.22,26.0,4.0,6.0,False
10004039,2025-04-27 01:59:56,141,United States,Toys,Marketplace,Credit Card,2,21.12,0.0,42.24,49.0,5.0,5.0,False
10001554,2025-04-27 11:31:18,110,Italy,Home & Garden,Web,PayPal,4,126.78,0.0,507.12,47.0,5.0,3.0,False
10002371,2025-04-27 15:10:44,291,United Kingdom,Sports,Mobile App,Credit Card,3,89.14,0.0,267.42,21.0,5.0,5.0,False
10002726,2025-04-27 21:18:03,188,Germany,Beauty,Web,Gift Card,1,34.68,0.0,34.68,49.0,,2.0,False
10000238,2025-04-28 03:08:59,426,Japan,Electronics,Store,PayPal,3,314.61,0.3,660.68,29.0,3.0,4.0,False
10002984,2025-04-28 04:32:57,557,United States,Beauty,Web,Credit Card,2,18.07,0.0,36.14,24.0,3.0,5.0,False
10000824,2025-04-28 14:39:48,597,United States,Home & Garden,Store,Credit Card,3,80.54,0.1,217.46,58.0,4.0,6.0,False
10001972,2025-04-28 18:34:46,282,France,Toys,Mobile App,Gift Card,3,49.82,0.0,149.46,30.0,4.0,5.0,False
10001240,2025-04-28 19:24:18,72,Canada,Toys,Web,Credit Card,1,33.08,0.0,33.08,46.0,4.0,6.0,False
10000859,2025-04-29 01:27:52,580,United States,Electronics,Mobile App,Bank Transfer,2,528.45,0.0,1056.9,18.0,5.0,6.0,False
10000895,2025-04-29 02:50:06,75,Canada,Electronics,Marketplace,Bank Transfer,1,139.93,0.1,125.94,32.0,5.0,5.0,False
10004151,2025-04-29 05:21:07,110,United Kingdom,Toys,Web,PayPal,2,25.11,0.05,47.71,55.0,4.0,4.0,False
10002039,2025-04-29 06:28:48,231,Canada,Electronics,Mobile App,Credit Card,1,429.81,0.05,408.32,18.0,5.0,7.0,False
10002314,2025-04-29 07:40:37,347,Japan,Fashion,Mobile App,Bank Transfer,1,36.67,0.0,36.67,21.0,4.0,2.0,False
10001180,2025-04-29 12:33:51,49,Spain,Fashion,Mobile App,PayPal,3,44.41,0.0,133.23,53.0,5.0,4.0,False
10003464,2025-04-29 13:37:17,62,United States,Electronics,Marketplace,Bank Transfer,5,416.69,0.2,1666.76,22.0,4.0,5.0,False
10000175,2025-04-29 20:25:09,474,United States,Fashion,Mobile App,Gift Card,1,37.27,0.3,26.09,47.0,2.0,4.0,False
10004450,2025-04-29 20:28:02,305,Brazil,Beauty,Mobile App,PayPal,5,26.48,0.1,119.16,32.0,3.0,7.0,False
10001636,2025-04-30 01:17:02,331,United States,Electronics,Web,Credit Card,1,169.12,0.0,169.12,45.0,3.0,3.0,False
10002313,2025-04-30 06:54:52,461,France,Fashion,Marketplace,PayPal,1,107.23,0.0,107.23,35.0,4.0,7.0,False
10001729,2025-04-30 09:29:02,510,United States,Fashion,Web,Credit Card,4,58.62,0.2,187.58,44.0,3.0,7.0,False
10000029,2025-04-30 13:20:39,136,Germany,Fashion,Mobile App,Gift Card,2,55.32,0.0,110.64,39.0,5.0,4.0,False
10004959,2025-04-30 19:13:05,173,India,Home & Garden,Web,Bank Transfer,2,40.66,0.0,81.32,29.0,5.0,2.0,False
10004654,2025-04-30 22:03:41,195,Italy,Fashion,Mobile App,PayPal,2,56.64,0.0,113.28,47.0,,4.0,False
10004434,2025-04-30 23:53:46,366,Germany,Electronics,Web,Credit Card,2,130.1,0.05,247.19,49.0,4.0,5.0,False
10002680,2025-04-30 23:54:12,27,France,Home & Garden,Web,Credit Card,3,91.86,0.05,261.8,25.0,5.0,6.0,False
10000565,2025-05-01 03:19:03,485,Canada,Toys,Web,Credit Card,3,15.9,0.05,45.32,54.0,4.0,3.0,False
10004621,2025-05-01 04:22:55,106,Brazil,Fashion,Mobile App,Gift Card,2,154.03,0.0,308.06,50.0,3.0,3.0,False
10004342,2025-05-01 06:28:13,183,France,Fashion,Web,Credit Card,5,84.9,0.3,297.15,30.0,,5.0,False
10003942,2025-05-01 22:07:45,476,United Kingdom,Toys,Web,PayPal,2,27.14,0.0,54.28,26.0,3.0,2.0,False
10000952,2025-05-02 00:51:31,39,United States,Electronics,Web,PayPal,1,487.5,0.0,487.5,35.0,3.0,7.0,False
10002206,2025-05-02 16:08:41,69,Spain,Electronics,Mobile App,Credit Card,4,230.39,0.2,737.25,28.0,4.0,5.0,False
10003974,2025-05-02 17:16:49,298,Germany,Fashion,Marketplace,Credit Card,2,76.61,0.0,153.22,27.0,5.0,4.0,True
10002492,2025-05-03 13:53:46,332,United States,Sports,Store,Credit Card,2,63.46,0.0,126.92,23.0,2.0,6.0,False
10004787,2025-05-03 19:20:56,214,Japan,Fashion,Web,Credit Card,3,36.62,0.1,98.87,20.0,5.0,1.0,False
10004008,2025-05-03 23:57:30,270,United States,Electronics,Marketplace,Credit Card,3,308.4,0.05,878.94,31.0,4.0,4.0,False
10001948,2025-05-04 02:26:10,186,United States,Home & Garden,Mobile App,Credit Card,1,132.07,0.0,132.07,40.0,4.0,4.0,False
10001132,2025-05-04 02:35:51,317,India,Electronics,Web,Credit Card,3,262.12,0.0,786.36,26.0,4.0,8.0,False
10001739,2025-05-04 02:43:07,357,United States,Sports,Store,Credit Card,5,37.13,0.05,176.37,,5.0,8.0,False
10003046,2025-05-04 02:55:00,282,Brazil,Sports,Marketplace,Credit Card,3,29.42,0.0,88.26,26.0,3.0,4.0,False
10002106,2025-05-04 03:01:01,280,France,Sports,Store,Bank Transfer,3,110.89,0.3,232.87,33.0,4.0,9.0,False
10000493,2025-05-04 03:27:37,428,Germany,Electronics,Web,Credit Card,3,250.0,0.0,750.0,46.0,4.0,6.0,False
10004498,2025-05-04 12:31:22,493,Italy,Fashion,Mobile App,PayPal,3,57.52,0.05,163.93,51.0,4.0,8.0,False
10001672,2025-05-04 16:04:52,531,Japan,Fashion,Web,Credit Card,2,81.55,0.0,163.1,47.0,4.0,4.0,False
10003670,2025-05-04 16:34:42,258,France,Electronics,Web,Bank Transfer,3,199.15,0.1,537.71,38.0,3.0,3.0,False
10001917,2025-05-04 20:10:11,171,India,Fashion,Marketplace,Credit Card,2,83.82,0.05,159.26,52.0,5.0,4.0,False
10003027,2025-05-05 02:28:32,624,Brazil,Sports,Web,Credit Card,1,66.44,0.0,66.44,34.0,3.0,6.0,False
10003247,2025-05-05 05:08:01,270,Japan,Fashion,Web,Credit Card,4,37.71,0.2,120.67,27.0,3.0,6.0,False
10004821,2025-05-05 05:44:06,301,India,Home & Garden,Mobile App,Credit Card,2,231.36,0.0,462.72,45.0,5.0,7.0,False
10004649,2025-05-05 10:37:29,317,India,Home & Garden,Marketplace,Credit Card,3,78.19,0.2,187.66,54.0,4.0,4.0,False
10002165,2025-05-05 16:36:40,150,United States,Home & Garden,Marketplace,PayPal,3,127.96,0.05,364.69,30.0,5.0,6.0,False
10001385,2025-05-05 22:14:11,189,United States,Home & Garden,Store,PayPal,2,155.71,0.0,311.42,38.0,3.0,7.0,False
10004586,2025-05-06 04:06:00,59,France,Home & Garden,Mobile App,Credit Card,2,80.61,0.1,145.1,34.0,4.0,4.0,False
10000066,2025-05-06 04:34:20,271,Brazil,Toys,Store,Bank Transfer,2,28.25,0.05,53.68,39.0,4.0,7.0,False
10002374,2025-05-06 05:17:04,192,Spain,Toys,Mobile App,Credit Card,2,23.95,0.0,47.9,21.0,3.0,9.0,False
10000875,2025-05-06 07:29:43,74,India,Fashion,Web,PayPal,1,78.86,0.0,78.86,53.0,5.0,7.0,False
10000746,2025-05-06 16:14:31,381,Canada,Beauty,Marketplace,PayPal,4,70.18,0.0,280.72,59.0,,3.0,False
10004688,2025-05-06 16:20:54,277,Japan,Electronics,Marketplace,Gift Card,4,212.95,0.1,766.62,52.0,3.0,2.0,False
10003652,2025-05-07 02:34:34,209,Spain,Fashion,Marketplace,PayPal,3,49.71,0.0,149.13,61.0,5.0,7.0,False
10004378,2025-05-07 03:07:04,459,United Kingdom,Electronics,Store,Credit Card,3,240.04,0.0,720.12,26.0,2.0,5.0,False
10004404,2025-05-07 08:35:02,327,United States,Electronics,Mobile App,PayPal,1,349.67,0.0,349.67,30.0,5.0,6.0,False
10004479,2025-05-07 09:23:28,497,Germany,Home & Garden,Mobile App,Bank Transfer,3,56.72,0.0,170.16,46.0,5.0,2.0,False
10004477,2025-05-07 14:06:27,131,United States,Toys,Mobile App,Bank Transfer,2,19.34,0.0,38.68,43.0,4.0,7.0,False
10000994,2025-05-07 16:28:01,548,Spain,Fashion,Web,Credit Card,2,111.06,0.05,211.01,42.0,4.0,5.0,False
10003262,2025-05-07 20:49:23,13,Canada,Toys,Marketplace,Credit Card,4,20.41,0.05,77.56,39.0,3.0,4.0,False
10002350,2025-05-08 00:12:15,535,United Kingdom,Fashion,Web,Credit Card,1,68.62,0.0,68.62,50.0,5.0,4.0,False
10000743,2025-05-08 06:41:48,244,India,Fashion,Marketplace,PayPal,1,33.64,0.0,33.64,44.0,3.0,10.0,False
10002694,2025-05-08 10:49:46,143,Canada,Electronics,Mobile App,Credit Card,1,133.38,0.05,126.71,,3.0,4.0,False
10000085,2025-05-08 12:37:04,24,Canada,Fashion,Web,Credit Card,1,40.63,0.0,40.63,,4.0,4.0,False
10002093,2025-05-09 02:20:16,533,United States,Fashion,Web,PayPal,3,87.03,0.0,261.09,47.0,4.0,7.0,False
10002368,2025-05-09 06:08:55,487,India,Electronics,Mobile App,Credit Card,5,309.23,0.0,1546.15,39.0,4.0,8.0,True
10001898,2025-05-09 06:12:45,325,Canada,Sports,Mobile App,Credit Card,3,50.31,0.0,150.93,23.0,4.0,5.0,False
10004386,2025-05-09 09:54:35,226,United Kingdom,Home & Garden,Mobile App,Bank Transfer,3,74.67,0.05,212.81,47.0,2.0,4.0,False
10001795,2025-05-09 14:25:09,324,Spain,Sports,Mobile App,Gift Card,4,46.16,0.1,166.18,25.0,4.0,6.0,False
10001797,2025-05-09 16:12:42,503,Germany,Sports,Web,PayPal,2,134.59,0.0,269.18,38.0,5.0,7.0,False
10002722,2025-05-09 19:56:29,522,Germany,Sports,Store,Credit Card,1,54.85,0.0,54.85,27.0,3.0,6.0,False
10003662,2025-05-09 22:12:06,325,Canada,Electronics,Web,Gift Card,4,640.07,0.1,2304.25,18.0,,7.0,False
10003487,2025-05-09 22:18:35,463,France,Home & Garden,Web,Gift Card,2,97.16,0.1,174.89,32.0,5.0,4.0,False
10003944,2025-05-10 03:50:05,584,United States,Toys,Marketplace,Credit Card,2,16.74,0.1,30.13,24.0,4.0,3.0,False
10000185,2025-05-10 13:01:50,411,Italy,Home & Garden,Marketplace,PayPal,1,148.41,0.1,133.57,18.0,4.0,6.0,False
10004730,2025-05-10 13:34:28,101,Germany,Beauty,Store,PayPal,3,34.57,0.0,103.71,33.0,5.0,6.0,False
10000616,2025-05-10 14:21:02,262,Japan,Fashion,Store,Credit Card,2,87.25,0.3,122.15,22.0,2.0,5.0,False
10004773,2025-05-10 14:33:40,502,Brazil,Electronics,Marketplace,Gift Card,4,691.87,0.3,1937.24,42.0,3.0,3.0,False
10002083,2025-05-10 15:13:58,134,United Kingdom,Electronics,Store,Credit Card,2,555.65,0.05,1055.73,40.0,4.0,4.0,False
10004162,2025-05-11 03:36:56,427,United Kingdom,Electronics,Web,Credit Card,1,414.71,0.1,373.24,33.0,4.0,2.0,False
10000089,2025-05-11 04:48:58,492,United States,Sports,Mobile App,Credit Card,4,70.69,0.05,268.62,20.0,5.0,5.0,False
10001824,2025-05-11 15:00:16,603,Germany,Fashion,Web,PayPal,3,45.7,0.1,123.39,44.0,3.0,4.0,False
10004273,2025-05-11 21:49:16,428,France,Beauty,Web,Credit Card,3,38.74,0.05,110.41,63.0,5.0,3.0,False
10002582,2025-05-11 23:14:32,125,United States,Home & Garden,Mobile App,Credit Card,1,126.58,0.05,120.25,58.0,4.0,6.0,False
10001571,2025-05-12 05:16:04,348,Germany,Fashion,Mobile App,Credit Card,4,77.16,0.05,293.21,20.0,3.0,3.0,False
10000770,2025-05-12 07:00:52,248,Japan,Sports,Mobile App,Credit Card,5,36.47,0.0,182.35,22.0,5.0,5.0,False
10000673,2025-05-12 13:04:01,391,France,Electronics,Mobile App,Credit Card,2,424.2,0.05,805.98,29.0,4.0,3.0,False
10000015,2025-05-12 16:26:41,482,United Kingdom,Electronics,Web,Credit Card,2,343.85,0.1,618.93,40.0,4.0,5.0,True
10003984,2025-05-12 17:06:01,571,United Kingdom,Beauty,Web,Credit Card,2,31.29,0.0,62.58,26.0,4.0,6.0,False
10003883,2025-05-12 17:36:45,581,Germany,Home & Garden,Store,Credit Card,2,98.65,0.05,187.44,18.0,4.0,1.0,False
10004691,2025-05-12 20:13:08,169,Italy,Fashion,Mobile App,PayPal,3,120.24,0.0,360.72,23.0,,5.0,False
10001507,2025-05-13 03:02:01,424,United States,Toys,Marketplace,Gift Card,4,49.14,0.05,186.73,31.0,5.0,8.0,False
10001746,2025-05-13 08:35:36,233,United Kingdom,Sports,Marketplace,Credit Card,1,121.55,0.2,97.24,39.0,4.0,4.0,False
10003830,2025-05-13 09:51:33,147,United States,Home & Garden,Web,PayPal,1,59.84,0.0,59.84,40.0,4.0,9.0,False
10001854,2025-05-13 10:09:58,492,Spain,Electronics,Store,Bank Transfer,1,159.17,0.0,159.17,18.0,3.0,8.0,False
10002425,2025-05-13 14:09:38,421,United States,Electronics,Web,PayPal,2,112.31,0.0,224.62,30.0,3.0,7.0,False
10000936,2025-05-13 14:31:12,584,Germany,Toys,Web,Credit Card,2,24.32,0.3,34.05,18.0,,5.0,False
10004303,2025-05-14 07:33:29,157,Brazil,Fashion,Web,PayPal,4,104.5,0.05,397.1,33.0,5.0,4.0,False
10003412,2025-05-14 08:12:25,580,Italy,Fashion,Mobile App,PayPal,1,65.93,0.2,52.74,34.0,3.0,5.0,False
10003877,2025-05-14 11:45:02,372,Italy,Fashion,Store,Credit Card,2,45.36,0.1,81.65,32.0,4.0,5.0,False
10000434,2025-05-14 17:45:19,284,Canada,Beauty,Mobile App,Gift Card,2,32.94,0.05,62.59,61.0,3.0,3.0,False
10001307,2025-05-15 01:23:03,428,United States,Fashion,Web,Gift Card,1,85.23,0.2,68.18,41.0,5.0,9.0,False
10004556,2025-05-15 02:04:01,137,United States,Sports,Web,PayPal,2,64.98,0.05,123.46,20.0,3.0,5.0,True
10002925,2025-05-15 04:02:59,80,United States,Beauty,Web,Credit Card,3,79.15,0.0,237.45,64.0,5.0,10.0,False
10002439,2025-05-15 04:35:41,541,United Kingdom,Home & Garden,Store,PayPal,2,106.15,0.2,169.84,38.0,3.0,6.0,False
10001941,2025-05-15 07:19:24,177,United States,Fashion,Web,Credit Card,2,55.5,0.05,105.45,36.0,3.0,1.0,False
10001300,2025-05-15 08:44:57,522,France,Fashion,Mobile App,Credit Card,2,49.93,0.0,99.86,25.0,4.0,5.0,False
10001104,2025-05-15 11:48:16,428,United States,Beauty,Mobile App,Credit Card,2,43.99,0.0,87.98,53.0,3.0,5.0,False
10003238,2025-05-15 13:36:49,504,Japan,Fashion,Marketplace,Credit Card,5,86.94,0.05,412.96,30.0,,5.0,False
10001250,2025-05-15 14:21:39,520,Brazil,Sports,Store,Credit Card,5,76.05,0.1,342.22,28.0,4.0,7.0,False
10004432,2025-05-15 19:27:58,256,Japan,Sports,Web,Gift Card,2,149.38,0.0,298.76,39.0,4.0,6.0,False
10002866,2025-05-16 00:08:28,520,India,Electronics,Store,Credit Card,3,270.55,0.0,811.65,34.0,4.0,6.0,False
10001954,2025-05-16 00:08:50,66,Spain,Fashion,Web,Gift Card,3,27.55,0.1,74.39,18.0,5.0,4.0,False
10002721,2025-05-16 00:09:11,212,Canada,Toys,Web,PayPal,3,28.52,0.0,85.56,27.0,2.0,4.0,True
10004045,2025-05-16 15:39:28,20,Italy,Fashion,Mobile App,Credit Card,3,131.23,0.0,393.69,53.0,4.0,7.0,False
10004806,2025-05-16 21:14:50,173,Brazil,Fashion,Mobile App,Credit Card,3,42.81,0.05,122.01,45.0,5.0,3.0,False
10004904,2025-05-17 00:41:39,117,Brazil,Electronics,Mobile App,Bank Transfer,5,328.65,0.0,1643.25,62.0,3.0,6.0,False
10003374,2025-05-17 05:33:09,204,Brazil,Beauty,Mobile App,PayPal,3,54.24,0.05,154.58,38.0,,7.0,False
10002782,2025-05-17 06:44:28,194,United States,Sports,Mobile App,Credit Card,4,192.13,0.0,768.52,35.0,4.0,3.0,False
10001304,2025-05-17 07:46:25,613,Canada,Electronics,Store,Bank Transfer,1,338.23,0.05,321.32,31.0,,2.0,False
10003250,2025-05-17 11:38:09,255,Italy,Electronics,Web,Credit Card,4,243.79,0.0,975.16,26.0,4.0,4.0,False
10000231,2025-05-17 13:50:42,307,Spain,Electronics,Mobile App,Credit Card,3,111.19,0.05,316.89,29.0,4.0,9.0,False
10002309,2025-05-17 13:52:35,428,Germany,Electronics,Web,PayPal,1,162.97,0.0,162.97,53.0,3.0,5.0,False
10001157,2025-05-17 14:35:13,290,Italy,Home & Garden,Mobile App,Credit Card,2,106.38,0.05,202.12,18.0,4.0,2.0,False
10002091,2025-05-17 16:41:49,201,Japan,Home & Garden,Web,Credit Card,2,52.32,0.1,94.18,18.0,,5.0,False
10000037,2025-05-17 20:35:35,245,Canada,Sports,Web,PayPal,2,51.43,0.0,102.86,31.0,2.0,3.0,False
10003439,2025-05-17 21:18:41,103,United Kingdom,Home & Garden,Mobile App,Credit Card,5,77.44,0.0,387.2,33.0,5.0,6.0,False
10001265,2025-05-18 06:08:22,462,United States,Toys,Marketplace,Credit Card,2,24.18,0.0,48.36,27.0,3.0,8.0,False
10001618,2025-05-18 12:57:25,96,India ,Electronics,Web,Credit Card,4,192.39,0.2,615.65,55.0,4.0,5.0,False
10001288,2025-05-18 20:10:25,46,India,Toys,Marketplace,PayPal,2,18.15,0.2,29.04,26.0,4.0,7.0,False
10004363,2025-05-19 07:59:16,37,Canada,Home & Garden,Marketplace,PayPal,3,117.69,0.05,335.42,38.0,4.0,5.0,False
10000704,2025-05-19 08:49:20,72,United States,Beauty,Mobile App,Credit Card,2,11.63,0.2,18.61,72.0,4.0,6.0,False
10000559,2025-05-19 11:24:24,2,India,Fashion,Mobile App,Credit Card,2,67.89,0.0,135.78,30.0,3.0,9.0,False
10000436,2025-05-19 12:52:09,18,France,Fashion,Web,Credit Card,1,100.93,0.0,100.93,34.0,4.0,4.0,False
10003631,2025-05-19 21:15:15,312,Brazil,Electronics,Marketplace,PayPal,2,230.54,0.1,414.97,45.0,5.0,4.0,False
10002770,2025-05-19 23:17:57,270,United States,Fashion,Mobile App,Credit Card,2,32.49,0.1,58.48,40.0,3.0,3.0,False
10002354,2025-05-20 01:59:09,35,France,Home & Garden,Web,Credit Card,5,89.12,0.0,445.6,45.0,4.0,4.0,False
10003031,2025-05-20 02:09:46,59,United States,Toys,Web,Credit Card,2,29.05,0.05,55.2,34.0,4.0,5.0,False
10004473,2025-05-20 05:30:53,512,United States,Beauty,Mobile App,Credit Card,2,46.73,0.0,93.46,54.0,5.0,6.0,False
10003505,2025-05-20 12:37:30,421,United States,Beauty,Marketplace,Credit Card,3,30.62,0.2,73.49,40.0,,3.0,False
10002531,2025-05-20 16:55:50,567,France,Fashion,Web,PayPal,3,132.45,0.0,397.35,25.0,,6.0,False
10004119,2025-05-20 18:59:41,25,Canada,Home & Garden,Web,Credit Card,1,71.56,0.05,67.98,41.0,5.0,5.0,False
10000447,2025-05-20 19:18:57,312,Canada,Home & Garden,Web,Bank Transfer,2,86.82,0.0,173.64,59.0,5.0,7.0,False
10001149,2025-05-20 21:36:11,269,Brazil,Beauty,Web,Bank Transfer,3,44.83,0.05,127.77,25.0,5.0,2.0,False
10002854,2025-05-21 02:28:49,68,Canada,Home & Garden,Web,Credit Card,5,133.58,0.0,667.9,40.0,4.0,5.0,False
10004549,2025-05-21 06:01:53,52,Brazil,Beauty,Marketplace,Gift Card,1,25.97,0.05,24.67,31.0,3.0,6.0,False
10002338,2025-05-21 09:28:10,132,United States,Fashion,Mobile App,Bank Transfer,1,28.93,0.0,28.93,35.0,5.0,3.0,False
10004074,2025-05-21 13:06:52,154,France,Fashion,Web,Bank Transfer,4,91.6,0.05,348.08,34.0,3.0,4.0,False
10001069,2025-05-21 18:31:45,260,Germany,Fashion,Marketplace,Credit Card,2,56.51,0.0,113.02,48.0,,3.0,False
10002904,2025-05-21 18:55:51,239,Germany,Electronics,Mobile App,Credit Card,4,188.4,0.2,602.88,43.0,,5.0,True
10004356,2025-05-21 19:47:44,547,Italy,Electronics,Mobile App,Gift Card,4,209.61,0.0,838.44,24.0,4.0,3.0,False
10004881,2025-05-21 23:38:59,284,United Kingdom,Sports,Mobile App,Credit Card,2,58.9,0.0,117.8,43.0,2.0,5.0,True
10001801,2025-05-22 03:00:45,494,Japan,Beauty,Web,Credit Card,1,51.41,0.0,51.41,37.0,4.0,3.0,False
10002225,2025-05-22 03:36:29,53,Brazil,Home & Garden,Web,Gift Card,1,54.74,0.0,54.74,40.0,4.0,5.0,False
10001148,2025-05-22 06:46:40,57,France,Fashion,Marketplace,PayPal,1,25.91,0.0,25.91,54.0,3.0,7.0,False
10001040,2025-05-22 09:06:46,497,Germany,Beauty,Web,Credit Card,1,41.41,0.0,41.41,,3.0,5.0,False
10000669,2025-05-22 11:31:01,160,United States,Beauty,Web,Credit Card,2,23.34,0.05,44.35,25.0,,7.0,False
10000103,2025-05-22 18:53:35,29,Italy,Sports,Mobile App,Credit Card,2,81.9,0.0,163.8,34.0,5.0,5.0,False
10000324,2025-05-22 20:53:35,241,Germany,Fashion,Store,Gift Card,3,55.43,0.3,116.4,48.0,5.0,5.0,False
10002233,2025-05-23 12:05:41,308,United Kingdom,Sports,Store,Credit Card,3,101.34,0.0,304.02,42.0,4.0,7.0,False
10002434,2025-05-23 18:40:09,617,India,Sports,Web,Credit Card,2,70.7,0.05,134.33,35.0,5.0,4.0,False
10000428,2025-05-24 00:41:04,348,United Kingdom,Electronics,Web,Credit Card,4,86.44,0.05,328.47,34.0,5.0,2.0,False
10004858,2025-05-24 06:29:16,564,Japan,Electronics,Web,Credit Card,4,145.03,0.0,580.12,23.0,3.0,7.0,False
10001081,2025-05-24 09:19:18,198,Canada,Fashion,Web,Gift Card,4,71.95,0.2,230.24,25.0,4.0,5.0,False
10003432,2025-05-24 10:40:19,211,Italy,Sports,Mobile App,PayPal,2,84.04,0.0,168.08,45.0,3.0,4.0,False
10003394,2025-05-24 14:15:23,18,United Kingdom,Home & Garden,Marketplace,Credit Card,3,98.7,0.05,281.3,21.0,3.0,6.0,False
10002294,2025-05-24 15:01:31,142,Canada,Fashion,Web,Credit Card,3,17.5,0.05,49.88,37.0,,5.0,False
10000762,2025-05-24 16:06:20,70,India,Beauty,Mobile App,PayPal,4,25.31,0.0,101.24,39.0,5.0,4.0,False
10003122,2025-05-24 19:30:04,311,India,Beauty,Web,Credit Card,4,23.02,0.0,92.08,28.0,4.0,2.0,False
10004694,2025-05-24 21:35:32,172,Italy,Electronics,Web,Credit Card,2,317.64,0.0,635.28,34.0,4.0,2.0,False
10002352,2025-05-25 06:18:41,381,Germany,Fashion,Web,Credit Card,1,34.2,0.0,410.4,29.0,3.0,6.0,False
10002388,2025-05-25 16:01:36,530,Brazil,Fashion,Web,Credit Card,1,31.72,0.0,31.72,27.0,5.0,4.0,False
10002819,2025-05-25 23:04:04,299,United Kingdom,Electronics,Web,Credit Card,4,186.19,0.0,744.76,30.0,3.0,5.0,False
10002369,2025-05-26 03:01:24,275,United States,Electronics,Store,Credit Card,2,384.75,0.3,538.65,,5.0,4.0,False
10001876,2025-05-26 10:03:57,28,United Kingdom,Electronics,Mobile App,PayPal,3,249.54,0.2,598.9,23.0,5.0,5.0,False
10000036,2025-05-26 10:15:01,68,United Kingdom,Beauty,Mobile App,Gift Card,1,20.48,0.0,20.48,65.0,4.0,2.0,False
10000916,2025-05-26 12:39:36,382,United States,Fashion,Web,Credit Card,3,73.97,0.1,199.72,70.0,3.0,4.0,False
10000916,2025-05-26 12:39:36,382,United States,Fashion,Web,Credit Card,3,73.97,0.1,199.72,70.0,3.0,4.0,False
10002182,2025-05-26 17:30:23,608,Germany,Electronics,Web,Credit Card,2,375.8,0.2,601.28,33.0,5.0,5.0,False
10000367,2025-05-27 13:23:50,577,India,Fashion,Mobile App,Credit Card,2,75.9,0.0,151.8,40.0,4.0,4.0,False
10003474,2025-05-27 20:55:08,56,Brazil,Home & Garden,Web,Credit Card,3,96.58,0.1,260.77,65.0,,5.0,False
10000076,2025-05-28 04:32:46,519,India,Toys,Store,Credit Card,2,31.22,0.05,59.32,46.0,3.0,2.0,False
10000383,2025-05-28 05:30:59,472,United Kingdom,Beauty,Marketplace,Credit Card,2,55.21,0.2,88.34,31.0,3.0,8.0,False
10003333,2025-05-28 05:47:18,326,United Kingdom,Home & Garden,Web,Credit Card,4,62.77,0.1,225.97,42.0,3.0,4.0,False
10001047,2025-05-28 07:58:56,605,United States,Fashion,Store,Bank Transfer,4,71.79,0.2,229.73,32.0,4.0,6.0,False
10004312,2025-05-28 09:32:33,3,Brazil,Fashion,Mobile App,Credit Card,5,75.61,0.0,378.05,43.0,4.0,4.0,False
10002947,2025-05-28 17:19:25,262,United States,Home & Garden,Mobile App,PayPal,3,84.74,0.0,254.22,37.0,5.0,3.0,False
10002380,2025-05-28 23:32:25,73,United States,Fashion,Mobile App,Credit Card,1,18.93,0.2,15.14,41.0,2.0,6.0,False
10003144,2025-05-29 01:06:25,410,United States,Sports,Marketplace,PayPal,1,111.02,0.0,111.02,41.0,5.0,5.0,False
10001931,2025-05-29 06:36:32,470,United States,Beauty,Web,Credit Card,2,55.5,0.0,111.0,40.0,5.0,7.0,False
10003608,2025-05-29 07:42:34,525,Japan,Electronics,Marketplace,Gift Card,3,97.34,0.0,292.02,49.0,4.0,6.0,False
10001270,2025-05-29 19:31:53,145,United States,Sports,Web,PayPal,4,50.4,0.1,181.44,26.0,3.0,5.0,False
10003365,2025-05-30 01:01:02,529,United States,Electronics,Mobile App,Bank Transfer,3,257.28,0.1,694.66,33.0,,4.0,False
10004628,2025-05-30 03:54:42,470,Brazil,Fashion,Mobile App,Gift Card,2,65.72,0.0,131.44,65.0,4.0,3.0,False
10002595,2025-05-30 05:45:41,599,Germany,Fashion,Web,Credit Card,3,45.85,0.0,137.55,30.0,4.0,6.0,False
10003848,2025-05-30 06:37:50,306,Italy,Beauty,Web,Credit Card,3,54.07,0.0,162.21,61.0,4.0,6.0,False
10003893,2025-05-30 07:47:45,181,Japan,Toys,Web,Credit Card,4,23.91,0.0,95.64,41.0,5.0,7.0,False
10002907,2025-05-30 07:54:24,219,Japan,Electronics,Marketplace,PayPal,5,378.77,0.3,1325.7,54.0,3.0,3.0,False
10001848,2025-05-30 13:46:43,104,Italy,Electronics,Mobile App,Credit Card,1,241.49,0.0,241.49,52.0,2.0,6.0,False
10004914,2025-05-30 15:43:09,389,France,Electronics,Web,PayPal,2,173.17,0.1,311.71,36.0,4.0,3.0,False
10004671,2025-05-30 20:55:45,330,United Kingdom,Toys,Mobile App,Credit Card,1,17.11,0.1,15.4,31.0,5.0,2.0,False
10001138,2025-05-31 04:34:56,312,Spain,Fashion,Web,PayPal,1,27.78,0.0,27.78,23.0,3.0,8.0,False
10000464,2025-05-31 04:41:47,307,Italy,Electronics,Marketplace,Credit Card,2,422.67,0.0,845.34,32.0,3.0,2.0,False
10000135,2025-05-31 11:44:09,419,United States,Toys,Marketplace,Credit Card,2,59.66,0.2,95.46,,4.0,2.0,False
10002470,2025-05-31 12:55:28,9,India,Fashion,Web,PayPal,1,47.76,0.05,45.37,28.0,4.0,6.0,False
10000136,2025-05-31 14:52:21,488,United Kingdom,Electronics,Marketplace,Credit Card,3,109.12,0.0,327.36,42.0,4.0,4.0,False
10001687,2025-05-31 16:42:43,367,Germany,Beauty,Web,Credit Card,2,43.99,0.0,87.98,19.0,,8.0,False
10004054,2025-05-31 17:12:01,293,United States,Sports,Mobile App,Credit Card,3,46.02,0.1,124.25,33.0,4.0,4.0,False
10002536,2025-05-31 23:39:32,100,Brazil,Home & Garden,Mobile App,Credit Card,3,86.04,0.1,232.31,34.0,4.0,2.0,False
10004726,2025-06-01 02:51:31,591,United Kingdom,Electronics,Marketplace,PayPal,1,216.94,0.0,216.94,33.0,4.0,3.0,False
10002689,2025-06-01 03:39:37,476,United States,Toys,Web,Credit Card,4,26.91,0.1,96.88,60.0,4.0,9.0,False
10002491,2025-06-01 08:44:08,575,Spain,Fashion,Mobile App,Bank Transfer,2,48.91,0.0,97.82,32.0,4.0,6.0,False
10004489,2025-06-01 13:30:59,18,Germany,Beauty,Mobile App,PayPal,2,21.17,0.3,29.64,36.0,4.0,5.0,False
10000954,2025-06-01 16:39:27,351,Japan,Sports,Mobile App,PayPal,2,30.79,0.1,55.42,32.0,4.0,5.0,False
10003613,2025-06-02 04:48:09,5,Spain,Beauty,Marketplace,Credit Card,3,66.2,0.2,158.88,30.0,2.0,2.0,False
10000817,2025-06-02 05:12:18,83,United States,Beauty,Web,Credit Card,3,17.45,0.05,49.73,51.0,4.0,6.0,False
10000700,2025-06-02 11:23:36,48,Italy,Toys,Web,PayPal,2,53.25,0.0,106.5,18.0,4.0,5.0,False
10002617,2025-06-02 13:57:28,513,Germany,Home & Garden,Web,Bank Transfer,2,83.46,0.3,116.84,35.0,4.0,12.0,False
10000212,2025-06-02 19:04:50,533,United Kingdom,Sports,Mobile App,PayPal,3,60.51,0.3,127.07,20.0,5.0,4.0,False
10000124,2025-06-03 02:11:11,461,Brazil,Home & Garden,Web,Credit Card,3,113.56,0.0,340.68,30.0,4.0,6.0,False
10002268,2025-06-03 02:11:47,79,United States,Toys,Web,PayPal,2,33.8,0.2,54.08,49.0,4.0,3.0,False
10003347,2025-06-03 02:14:30,491,United States,Fashion,Mobile App,Bank Transfer,2,53.38,0.1,96.08,59.0,5.0,3.0,False
10000934,2025-06-03 04:41:05,374,India,Electronics,Web,Credit Card,3,255.4,0.0,766.2,64.0,5.0,4.0,False
10000034,2025-06-03 05:44:45,117,Brazil,Beauty,Mobile App,Credit Card,5,27.33,0.1,122.98,26.0,4.0,6.0,False
10002222,2025-06-03 11:44:16,494,United Kingdom,Electronics,Marketplace,Credit Card,1,275.23,0.0,275.23,28.0,2.0,3.0,True
10003598,2025-06-03 13:07:43,108,Germany,Home & Garden,Mobile App,Credit Card,2,77.26,0.3,108.16,52.0,3.0,10.0,False
10000162,2025-06-03 16:28:50,100,Italy,Beauty,Web,Credit Card,1,36.74,0.1,33.07,28.0,3.0,2.0,False
10000422,2025-06-03 19:09:48,212,United States,Electronics,Mobile App,Bank Transfer,1,151.23,0.0,151.23,43.0,,3.0,False
10001602,2025-06-03 22:03:41,36,United Kingdom,Electronics,Web,Credit Card,2,141.87,0.0,283.74,42.0,4.0,6.0,False
10004480,2025-06-03 23:44:59,313,Canada,Fashion,Mobile App,Credit Card,4,30.28,0.1,109.01,40.0,5.0,5.0,False
10003952,2025-06-04 00:39:09,19,United States,Fashion,Store,PayPal,2,53.67,0.0,107.34,26.0,5.0,5.0,False
10002089,2025-06-04 01:52:58,595,France,Toys,Marketplace,Credit Card,3,22.91,0.05,65.29,52.0,5.0,2.0,False
10000300,2025-06-04 06:37:55,362,India,Electronics,Marketplace,Credit Card,4,209.85,0.05,797.43,33.0,5.0,6.0,False
10003075,2025-06-04 08:49:45,68,United States,Home & Garden,Web,PayPal,3,136.22,0.1,367.79,,4.0,6.0,False
10001131,2025-06-04 11:21:16,582,Spain,Sports,Marketplace,Gift Card,1,100.4,0.0,100.4,34.0,5.0,8.0,False
10000094,2025-06-04 11:44:12,216,Spain,Sports,Web,Credit Card,3,72.25,0.0,216.75,44.0,3.0,7.0,False
10002305,2025-06-04 16:00:26,173,France,Electronics,Marketplace,PayPal,5,217.52,0.0,1087.6,47.0,5.0,5.0,False
10004656,2025-06-04 19:35:03,314,United States,Toys,Web,Credit Card,1,14.87,0.1,13.38,18.0,,7.0,False
10001523,2025-06-04 22:59:36,611,United States,Electronics,Mobile App,Credit Card,1,156.81,0.0,156.81,40.0,2.0,4.0,False
10002774,2025-06-05 05:17:22,352,Spain,Toys,Web,PayPal,2,79.58,0.0,159.16,27.0,4.0,4.0,False
10003507,2025-06-05 08:54:48,489,Germany,Sports,Web,Credit Card,2,213.14,0.0,426.28,49.0,5.0,5.0,False
10003555,2025-06-05 15:38:37,134,France,Electronics,Web,Credit Card,3,223.59,0.0,670.77,47.0,5.0,9.0,False
10004326,2025-06-05 15:53:14,615,France,Sports,Mobile App,Gift Card,4,42.73,0.0,170.92,48.0,4.0,4.0,False
10000107,2025-06-06 03:42:05,108,Brazil,Sports,Mobile App,PayPal,4,59.31,0.1,213.52,39.0,2.0,8.0,False
10000107,2025-06-06 03:42:05,108,Brazil,Sports,Mobile App,PayPal,4,59.31,0.1,213.52,39.0,2.0,8.0,False
10001254,2025-06-06 13:48:55,235,India,Sports,Mobile App,Credit Card,2,70.24,0.1,126.43,43.0,3.0,4.0,False
10000026,2025-06-07 00:17:30,431,Canada,Electronics,Mobile App,Credit Card,2,161.65,0.0,323.3,25.0,5.0,11.0,False
10002506,2025-06-07 08:48:30,355,United States,Beauty,Web,Credit Card,3,22.94,0.05,65.38,35.0,3.0,3.0,False
10004508,2025-06-07 15:17:38,562,France,Home & Garden,Web,PayPal,2,133.99,0.0,267.98,28.0,3.0,4.0,False
10000778,2025-06-07 21:30:36,350,Spain,Beauty,Mobile App,Credit Card,2,57.08,0.1,102.74,45.0,,4.0,False
10003408,2025-06-07 21:39:02,271,United States,Home & Garden,Web,PayPal,4,71.45,0.0,285.8,54.0,5.0,1.0,False
10002446,2025-06-07 21:51:37,624,United States,Fashion,Web,Gift Card,3,154.43,0.1,416.96,38.0,4.0,4.0,False
10003243,2025-06-07 23:48:05,543,Italy,Fashion,Marketplace,Credit Card,2,39.16,0.05,74.4,42.0,4.0,3.0,False
10003932,2025-06-08 12:08:46,486,Canada,Fashion,Marketplace,Gift Card,3,61.47,0.0,184.41,45.0,3.0,4.0,False
10004715,2025-06-08 16:20:24,603,Brazil,Sports,Web,Credit Card,2,86.36,0.05,164.08,34.0,4.0,6.0,False
10001645,2025-06-09 01:30:15,535,France,Beauty,Mobile App,Credit Card,3,56.48,0.1,152.5,37.0,4.0,5.0,False
10000780,2025-06-09 01:53:14,311,Brazil,Home & Garden,Marketplace,PayPal,3,109.78,0.1,296.41,45.0,4.0,7.0,False
10000071,2025-06-09 04:24:40,424,France,Sports,Web,Credit Card,4,37.58,0.0,150.32,48.0,5.0,5.0,True
10003548,2025-06-09 07:12:27,218,United States,Fashion,Store,PayPal,2,135.71,0.0,271.42,,5.0,5.0,False
10002124,2025-06-09 09:28:53,477,India,Toys,Store,Credit Card,3,24.03,0.05,68.49,37.0,5.0,6.0,False
10004655,2025-06-09 10:20:17,198,India,Beauty,Web,Bank Transfer,5,21.62,0.0,108.1,22.0,3.0,8.0,False
10002482,2025-06-09 12:21:12,168,Germany,Electronics,Web,Credit Card,5,254.39,0.2,1017.56,54.0,4.0,7.0,False
10002109,2025-06-09 15:51:32,191,Germany,Fashion,Mobile App,Gift Card,2,120.54,0.0,241.08,29.0,2.0,4.0,False
10001965,2025-06-09 18:26:29,223,United Kingdom,Fashion,Marketplace,PayPal,4,58.61,0.1,211.0,35.0,5.0,4.0,False
10003499,2025-06-10 00:32:26,116,United States,Electronics,Web,Credit Card,2,268.83,0.0,537.66,42.0,4.0,7.0,False
10002991,2025-06-10 08:12:47,14,United States,Sports,Mobile App,Gift Card,1,77.14,0.1,69.43,43.0,4.0,8.0,False
10001359,2025-06-10 20:07:42,235,United Kingdom,Electronics,Mobile App,Credit Card,2,192.84,0.1,347.11,22.0,5.0,4.0,False
10002576,2025-06-10 21:50:00,32,Germany,Electronics,Mobile App,Credit Card,2,290.91,0.0,581.82,32.0,3.0,9.0,False
10004997,2025-06-11 03:52:02,243,United States,Toys,Mobile App,Credit Card,2,30.41,0.05,57.78,27.0,4.0,4.0,False
10002355,2025-06-11 04:42:55,545,Canada,Fashion,Web,Credit Card,5,30.46,0.0,152.3,34.0,4.0,8.0,False
10004321,2025-06-11 06:53:43,407,United Kingdom,Fashion,Web,PayPal,5,43.02,0.0,215.1,60.0,4.0,7.0,False
10004164,2025-06-11 07:47:07,13,United States,Beauty,Web,Bank Transfer,3,42.68,0.05,121.64,19.0,3.0,3.0,False
10003043,2025-06-11 14:04:49,519,United States,Fashion,Web,Credit Card,2,50.18,0.1,90.32,49.0,5.0,5.0,False
10004133,2025-06-11 14:46:40,185,United States,Fashion,Store,PayPal,1,67.1,0.1,60.39,30.0,4.0,5.0,False
10000587,2025-06-11 16:31:19,235,United States,Beauty,Web,Credit Card,2,60.49,0.0,120.98,30.0,4.0,2.0,False
10002599,2025-06-12 01:18:34,174,United States,Beauty,Marketplace,Credit Card,2,22.2,0.0,44.4,24.0,3.0,3.0,False
10004229,2025-06-12 07:40:47,212,Germany,Home & Garden,Web,Gift Card,4,57.4,0.2,183.68,25.0,4.0,5.0,False
10002229,2025-06-12 15:12:40,243,Canada,Fashion,Web,PayPal,2,45.46,0.2,72.74,18.0,4.0,4.0,False
10003547,2025-06-12 17:35:32,320,Canada,Home & Garden,Store,PayPal,6,50.51,0.0,303.06,41.0,4.0,6.0,False
10000267,2025-06-12 19:56:50,492,Japan,Toys,Web,Credit Card,7,13.07,0.05,86.92,64.0,,9.0,False
10001152,2025-06-13 01:18:08,217,Germany,Home & Garden,Marketplace,Credit Card,3,203.41,0.05,579.72,63.0,4.0,3.0,False
10002608,2025-06-13 04:12:33,152,Germany,Toys,Web,PayPal,3,18.14,0.05,51.7,57.0,3.0,4.0,False
10002245,2025-06-13 05:51:08,464,Germany,Home & Garden,Mobile App,Bank Transfer,2,55.78,0.0,111.56,52.0,5.0,3.0,False
10002004,2025-06-13 06:33:56,354,Germany,Sports,Marketplace,Credit Card,4,115.75,0.05,439.85,58.0,4.0,3.0,False
10000870,2025-06-13 07:26:28,384,Brazil,Sports,Mobile App,PayPal,1,35.39,0.05,33.62,23.0,5.0,5.0,False
10003966,2025-06-13 07:52:59,571,Canada,Home & Garden,Store,Credit Card,1,171.22,0.1,154.1,59.0,2.0,5.0,False
10000092,2025-06-13 07:55:04,18,Germany,Fashion,Marketplace,Credit Card,4,66.9,0.0,267.6,50.0,5.0,6.0,False
10004460,2025-06-13 18:04:42,333,United States,Home & Garden,Web,Bank Transfer,2,63.65,0.0,127.3,,5.0,5.0,False
10002078,2025-06-13 18:07:49,499,Brazil,Electronics,Store,PayPal,3,362.06,0.05,1031.87,18.0,4.0,7.0,False
10001668,2025-06-13 19:52:12,117,Germany,Electronics,Web,Bank Transfer,3,522.34,0.1,1410.32,18.0,4.0,5.0,False
10003150,2025-06-13 23:42:42,313,United Kingdom,Fashion,Mobile App,Credit Card,3,71.18,0.0,213.54,47.0,5.0,3.0,False
10002418,2025-06-14 11:11:26,308,United Kingdom,Fashion,Mobile App,Gift Card,1,100.26,0.1,90.23,43.0,3.0,3.0,False
10003765,2025-06-14 11:22:30,426,France,Electronics,Web,Credit Card,2,76.17,0.05,144.72,27.0,3.0,5.0,False
10002262,2025-06-14 14:37:09,180,Germany,Toys,Web,Gift Card,3,30.76,0.0,92.28,61.0,5.0,5.0,False
10000825,2025-06-14 20:29:05,433,Italy,Beauty,Web,PayPal,1,31.33,0.0,31.33,33.0,4.0,6.0,False
10004402,2025-06-14 22:31:57,358,Germany,Beauty,Marketplace,Credit Card,1,35.16,0.1,31.64,27.0,,7.0,False
10004759,2025-06-15 09:33:20,8,France,Toys,Mobile App,Gift Card,6,22.98,0.1,124.09,53.0,5.0,2.0,False
10003493,2025-06-15 11:35:27,124,Spain,Fashion,Mobile App,Credit Card,3,44.73,0.1,120.77,37.0,3.0,3.0,False
10003206,2025-06-15 11:36:38,26,Italy,Sports,Web,Bank Transfer,3,61.21,0.0,183.63,49.0,,6.0,False
10000314,2025-06-15 13:33:21,590,Spain,Fashion,Web,PayPal,3,33.05,0.05,94.19,18.0,3.0,4.0,False
10004387,2025-06-15 13:37:21,141,Brazil,Fashion,Mobile App,Credit Card,1,32.85,0.05,31.21,39.0,4.0,3.0,False
10003450,2025-06-15 15:48:20,196,France,Electronics,Marketplace,Bank Transfer,1,369.59,0.0,369.59,36.0,5.0,2.0,False
10000873,2025-06-15 16:29:57,420,United States,Home & Garden,Web,Credit Card,4,160.03,0.2,512.1,41.0,3.0,3.0,False
10004590,2025-06-15 18:27:33,118,Germany,Electronics,Marketplace,Credit Card,2,314.78,0.3,440.69,47.0,4.0,4.0,False
10002992,2025-06-15 21:09:44,115,United States,Fashion,Mobile App,Credit Card,3,31.31,0.05,89.23,33.0,4.0,8.0,False
10001581,2025-06-16 09:15:14,567,United Kingdom,Electronics,Mobile App,Bank Transfer,3,235.67,0.05,671.66,25.0,5.0,5.0,False
10000363,2025-06-16 09:20:34,360,France,Home & Garden,Mobile App,Credit Card,2,208.52,0.3,291.93,29.0,,6.0,False
10004094,2025-06-16 09:41:11,559,Germany,Beauty,Mobile App,PayPal,4,59.68,0.0,238.72,51.0,4.0,2.0,False
10002295,2025-06-16 15:33:07,387,United States,Fashion,Web,PayPal,1,65.34,0.0,65.34,37.0,4.0,6.0,False
10001430,2025-06-16 21:41:55,19,France,Home & Garden,Store,Credit Card,3,77.3,0.0,231.9,49.0,4.0,8.0,False
10002278,2025-06-16 21:53:06,481,Brazil,Beauty,Web,Credit Card,1,15.64,0.0,15.64,43.0,4.0,3.0,False
10004238,2025-06-17 02:55:25,173,Italy,Toys,Web,Credit Card,1,11.02,0.05,10.47,50.0,5.0,5.0,False
10000295,2025-06-17 10:03:06,332,United States,Electronics,Mobile App,Credit Card,2,191.93,0.3,268.7,39.0,4.0,3.0,False
10000779,2025-06-17 13:45:07,319,France,Electronics,Store,PayPal,4,184.06,0.2,588.99,45.0,3.0,7.0,False
10002630,2025-06-17 18:52:50,52,France,Toys,Web,PayPal,1,35.99,0.1,32.39,36.0,4.0,1.0,False
10001099,2025-06-17 21:09:04,101,United Kingdom,Beauty,Mobile App,Credit Card,6,15.68,0.0,94.08,31.0,5.0,9.0,False
10003019,2025-06-18 02:18:06,587,Brazil,Electronics,Mobile App,Credit Card,4,231.74,0.3,648.87,39.0,3.0,6.0,False
10000359,2025-06-18 03:12:01,41,Spain,Electronics,Store,Credit Card,3,280.01,0.05,798.03,48.0,4.0,10.0,False
10003794,2025-06-18 05:50:42,619,United Kingdom,Home & Garden,Store,PayPal,3,162.07,0.0,486.21,25.0,3.0,2.0,False
10002320,2025-06-18 12:55:56,40,France,Electronics,Mobile App,PayPal,3,412.77,0.0,1238.31,37.0,4.0,4.0,False
10000597,2025-06-18 14:23:10,21,Germany,Sports,Mobile App,Credit Card,4,89.4,0.2,286.08,38.0,,2.0,False
10002776,2025-06-18 17:51:00,437,Japan,Sports,Web,Credit Card,3,74.55,0.0,223.65,24.0,5.0,2.0,False
10001052,2025-06-18 18:28:46,505,United States,Fashion,Web,Credit Card,3,58.16,0.0,174.48,34.0,4.0,2.0,False
10002718,2025-06-18 20:57:45,189,United States,Electronics,Store,Bank Transfer,2,217.18,0.0,434.36,35.0,5.0,6.0,False
10004042,2025-06-18 21:41:31,451,United Kingdom,Electronics,Store,Credit Card,1,241.76,0.0,241.76,39.0,5.0,4.0,False
10000883,2025-06-19 00:00:40,435,Italy,Toys,Marketplace,Credit Card,1,20.54,0.0,20.54,42.0,4.0,4.0,False
10000805,2025-06-19 01:16:47,2,Spain,Fashion,Store,Credit Card,1,55.0,0.2,44.0,57.0,4.0,7.0,False
10002022,2025-06-19 07:27:45,537,United States,Home & Garden,Mobile App,Credit Card,4,106.11,0.1,382.0,39.0,5.0,5.0,False
10002856,2025-06-19 10:34:32,492,United States,Fashion,Web,PayPal,2,92.81,0.0,185.62,48.0,5.0,3.0,False
10002134,2025-06-20 08:15:39,532,France,Toys,Marketplace,PayPal,2,42.74,0.05,81.21,21.0,3.0,10.0,False
10002090,2025-06-20 12:35:05,176,Canada,Home & Garden,Marketplace,Credit Card,4,61.1,0.1,219.96,18.0,5.0,2.0,False
10000742,2025-06-20 15:31:25,494,United States,Fashion,Web,Credit Card,1,43.69,0.2,34.95,38.0,4.0,6.0,False
10004938,2025-06-20 16:35:20,307,Italy,Electronics,Marketplace,Credit Card,2,252.17,0.05,479.12,35.0,5.0,8.0,False
10003386,2025-06-20 16:50:28,503,France,Home & Garden,Web,PayPal,2,40.43,0.0,80.86,44.0,4.0,4.0,False
10004693,2025-06-21 04:11:59,327,Japan,Electronics,Mobile App,Credit Card,3,209.62,0.1,565.97,59.0,3.0,5.0,False
10001450,2025-06-22 00:58:05,93,Japan,Home & Garden,Marketplace,PayPal,3,70.91,0.0,212.73,53.0,4.0,5.0,False
10001720,2025-06-22 08:12:42,407,Germany,Sports,Web,Credit Card,4,37.12,0.0,148.48,44.0,3.0,4.0,True
10001929,2025-06-22 09:31:47,379,Canada,Toys,Web,Gift Card,3,20.37,0.05,58.05,23.0,3.0,3.0,False
10001631,2025-06-22 17:04:01,624,Spain,Fashion,Web,Credit Card,2,36.77,0.0,73.54,18.0,5.0,6.0,False
10002914,2025-06-22 20:38:22,185,United Kingdom,Toys,Web,Credit Card,1,15.22,0.05,14.46,44.0,3.0,5.0,False
10001932,2025-06-22 21:00:45,365,Germany,Fashion,Mobile App,Credit Card,3,24.86,0.0,74.58,26.0,3.0,7.0,False
10000932,2025-06-22 22:17:26,214,Germany,Electronics,Mobile App,PayPal,2,316.08,0.0,632.16,44.0,5.0,2.0,False
10002570,2025-06-23 01:55:07,447,France,Fashion,Mobile App,Credit Card,2,39.21,0.05,74.5,30.0,2.0,9.0,False
10001076,2025-06-23 02:27:41,46,Japan,Sports,Mobile App,Gift Card,3,59.19,0.0,177.57,44.0,4.0,5.0,False
10003167,2025-06-23 03:10:21,22,United States,Fashion,Web,PayPal,3,51.83,0.0,155.49,36.0,3.0,6.0,False
10000293,2025-06-23 03:43:17,500,India,Sports,Mobile App,PayPal,4,59.35,0.05,225.53,47.0,4.0,1.0,False
10000306,2025-06-23 04:27:56,444,Brazil,Beauty,Mobile App,Credit Card,1,44.01,0.0,44.01,41.0,2.0,2.0,False
10001505,2025-06-23 06:15:18,209,Brazil,Home & Garden,Web,Bank Transfer,6,85.03,0.0,510.18,27.0,3.0,12.0,False
10001388,2025-06-23 13:51:28,268,United States,Fashion,Web,Credit Card,2,73.61,0.2,117.78,32.0,4.0,5.0,False
10003954,2025-06-23 15:14:35,157,United States,Sports,Web,Credit Card,3,30.96,0.1,83.59,20.0,5.0,4.0,False
10000221,2025-06-23 19:01:09,568,Germany,Electronics,Mobile App,Credit Card,1,74.53,0.05,70.8,27.0,5.0,6.0,False
10001922,2025-06-24 00:30:20,91,United States,Sports,Mobile App,Credit Card,1,39.85,0.2,31.88,32.0,5.0,4.0,False
10003183,2025-06-24 13:08:08,242,Japan,Electronics,Marketplace,Credit Card,2,269.2,0.1,484.56,23.0,4.0,4.0,False
10002223,2025-06-24 17:49:19,509,United States,Fashion,Mobile App,PayPal,5,43.99,0.05,208.95,,5.0,5.0,False
10003657,2025-06-25 04:47:05,415,France,Fashion,Store,PayPal,2,26.08,0.0,52.16,35.0,3.0,5.0,False
10004134,2025-06-25 08:03:18,416,United States,Electronics,Web,Bank Transfer,3,224.27,0.0,672.81,32.0,4.0,4.0,False
10004280,2025-06-25 13:21:19,560,United Kingdom,Electronics,Mobile App,Credit Card,2,182.67,0.0,365.34,55.0,3.0,4.0,False
10003350,2025-06-25 13:52:13,455,United States,Electronics,Web,Credit Card,3,247.75,0.0,743.25,36.0,5.0,3.0,False
10002832,2025-06-25 15:24:41,322,United States,Toys,Marketplace,PayPal,3,11.76,0.0,35.28,38.0,4.0,12.0,False
10003669,2025-06-25 20:56:41,227,United Kingdom,Home & Garden,Mobile App,PayPal,3,37.37,0.3,78.48,32.0,3.0,5.0,False
10001492,2025-06-26 02:41:43,218,Brazil,Toys,Marketplace,Credit Card,1,40.81,0.2,32.65,48.0,5.0,6.0,False
10000484,2025-06-26 06:31:07,83,India,Fashion,Marketplace,Bank Transfer,3,88.79,0.1,239.73,37.0,3.0,2.0,False
10001342,2025-06-26 08:12:54,517,Japan,Toys,Marketplace,Credit Card,1,22.13,0.05,21.02,36.0,5.0,10.0,False
10002586,2025-06-26 08:48:24,59,United States,Home & Garden,Web,Credit Card,3,116.89,0.0,350.67,35.0,5.0,6.0,False
10004781,2025-06-26 09:57:53,5,Brazil,Sports,Mobile App,Credit Card,4,56.0,0.05,212.8,35.0,2.0,8.0,False
10004672,2025-06-26 21:04:01,243,Italy,Electronics,Marketplace,PayPal,2,218.54,0.0,437.08,37.0,2.0,4.0,False
10000030,2025-06-26 21:15:46,492,United States,Beauty,Mobile App,Gift Card,2,27.46,0.0,54.92,26.0,5.0,6.0,False
10003458,2025-06-27 00:58:23,299,India,Electronics,Store,PayPal,1,326.74,0.1,294.07,47.0,2.0,3.0,True
10001900,2025-06-27 13:18:49,561,Brazil,Fashion,Store,PayPal,4,63.18,0.05,240.08,35.0,4.0,6.0,False
10003188,2025-06-27 16:34:57,43,India,Electronics,Mobile App,Credit Card,1,211.61,0.2,169.29,44.0,5.0,2.0,False
10003930,2025-06-27 18:26:57,269,United States,Home & Garden,Marketplace,Credit Card,2,106.61,0.3,149.25,38.0,2.0,4.0,False
10003963,2025-06-27 19:08:40,504,United Kingdom,Fashion,Mobile App,Credit Card,5,44.16,0.05,209.76,29.0,4.0,3.0,False
10003667,2025-06-28 02:06:35,348,France,Sports,Web,Credit Card,2,51.02,0.0,102.04,23.0,4.0,5.0,False
10000832,2025-06-28 08:36:27,215,United States,Electronics,Marketplace,Credit Card,2,318.15,0.05,604.48,23.0,5.0,5.0,False
10003417,2025-06-28 12:23:21,319,United States,Fashion,Web,Credit Card,4,32.0,0.05,121.6,26.0,3.0,6.0,False
10000618,2025-06-28 17:23:39,156,United States,Electronics,Web,Credit Card,2,522.59,0.0,1045.18,18.0,4.0,3.0,False
10002941,2025-06-29 06:17:34,39,Germany,Beauty,Web,PayPal,4,18.07,0.0,72.28,18.0,4.0,5.0,False
10000953,2025-06-29 12:13:08,47,United Kingdom,Home & Garden,Web,Credit Card,1,56.1,0.0,56.1,37.0,5.0,3.0,False
10001026,2025-06-29 14:54:42,398,Japan,Electronics,Marketplace,Credit Card,3,118.44,0.05,337.55,40.0,5.0,4.0,False
10000620,2025-06-29 17:20:07,195,United States,Electronics,Web,Bank Transfer,3,313.81,0.0,941.43,38.0,5.0,6.0,False
10003639,2025-06-29 20:08:45,574,United States,Home & Garden,Web,Credit Card,2,79.58,0.0,159.16,62.0,4.0,4.0,False
10000150,2025-06-29 21:43:07,171,Germany,Electronics,Mobile App,Credit Card,1,254.63,0.1,229.17,27.0,4.0,3.0,False
10002539,2025-06-30 01:31:13,65,Brazil,Fashion,Mobile App,Credit Card,3,80.2,0.1,216.54,57.0,5.0,5.0,False
10003573,2025-06-30 02:09:09,330,France,Beauty,Mobile App,Bank Transfer,2,15.68,0.0,31.36,38.0,2.0,3.0,False
10004639,2025-06-30 03:55:11,435,France,Toys,Mobile App,PayPal,3,35.94,0.05,102.43,24.0,3.0,9.0,False
10002602,2025-06-30 11:00:35,495,United States,Fashion,Web,PayPal,4,49.57,0.0,198.28,37.0,4.0,6.0,False
10003282,2025-06-30 18:49:27,332,Canada,Fashion,Web,PayPal,1,241.81,0.1,217.63,45.0,3.0,5.0,False
10002394,2025-06-30 20:48:15,72,Brazil,Electronics,Store,Gift Card,2,293.27,0.05,557.21,42.0,3.0,2.0,False
10000287,2025-06-30 22:44:24,318,United States,Fashion,Store,Credit Card,3,80.05,0.0,240.15,36.0,4.0,4.0,False
10004752,2025-07-01 02:33:36,591,India,Electronics,Web,Credit Card,2,353.82,0.3,495.35,50.0,3.0,8.0,False
10004894,2025-07-01 03:50:17,221,Canada,Fashion,Web,Credit Card,2,43.36,0.1,78.05,25.0,5.0,3.0,False
10004577,2025-07-01 10:31:06,408,France,Fashion,Web,Credit Card,1,29.16,0.0,29.16,48.0,3.0,5.0,True
10003107,2025-07-01 12:46:25,545,United States,Beauty,Mobile App,Bank Transfer,5,41.28,0.2,165.12,41.0,,5.0,False
10003380,2025-07-01 18:25:20,390,United Kingdom,Sports,Mobile App,PayPal,3,36.61,0.0,109.83,31.0,5.0,6.0,False
10001228,2025-07-01 18:33:31,396,Germany,Fashion,Web,Credit Card,3,58.55,0.0,175.65,36.0,3.0,9.0,False
10000271,2025-07-02 07:09:47,494,France,Home & Garden,Web,Bank Transfer,2,143.14,0.3,200.4,32.0,2.0,6.0,True
10002172,2025-07-02 09:02:28,88,United States,Toys,Web,PayPal,2,30.42,0.0,60.84,33.0,3.0,7.0,False
10002740,2025-07-02 10:33:19,602,France,Sports,Mobile App,Credit Card,1,179.42,0.1,161.48,26.0,4.0,10.0,False
10003088,2025-07-02 10:47:39,457,Germany,Sports,Web,Credit Card,2,95.83,0.3,134.16,28.0,5.0,6.0,False
10000721,2025-07-02 18:36:48,292,Spain,Electronics,Marketplace,Bank Transfer,1,330.86,0.0,330.86,62.0,,4.0,False
10000266,2025-07-03 02:17:28,33,India,Beauty,Store,PayPal,2,22.12,0.0,44.24,42.0,5.0,7.0,False
10000706,2025-07-03 08:17:15,486,Italy,Home & Garden,Marketplace,Bank Transfer,4,63.73,0.3,178.44,37.0,3.0,4.0,False
10000706,2025-07-03 08:17:15,486,Italy,Home & Garden,Marketplace,Bank Transfer,4,63.73,0.3,178.44,37.0,3.0,4.0,False
10004499,2025-07-03 10:23:29,195,United States,Fashion,Store,PayPal,2,76.89,0.05,146.09,18.0,4.0,5.0,False
10004505,2025-07-03 10:26:51,448,Germany,Home & Garden,Web,Gift Card,2,189.1,0.1,340.38,30.0,3.0,7.0,False
10001906,2025-07-03 16:31:28,62,United Kingdom,Fashion,Web,Bank Transfer,3,41.1,0.3,86.31,53.0,3.0,6.0,False
10002064,2025-07-03 18:09:32,537,Italy,Home & Garden,Web,Credit Card,1,153.3,0.0,153.3,37.0,2.0,6.0,False
10002261,2025-07-03 22:11:07,221,India,Fashion,Mobile App,Credit Card,3,59.06,0.0,177.18,39.0,4.0,2.0,False
10003827,2025-07-03 22:26:30,207,Spain,Electronics,Mobile App,Credit Card,1,269.77,0.1,242.79,61.0,5.0,5.0,False
10001751,2025-07-03 22:38:01,228,United States,Beauty,Web,PayPal,4,54.22,0.0,216.88,39.0,2.0,2.0,False
10003051,2025-07-04 11:12:51,583,United States,Sports,Mobile App,Credit Card,3,166.45,0.1,449.42,43.0,3.0,5.0,False
10003517,2025-07-04 16:31:58,418,Germany,Electronics,Marketplace,PayPal,1,95.94,0.05,91.14,31.0,5.0,1.0,False
10001516,2025-07-04 16:52:04,460,Germany,Electronics,Mobile App,PayPal,2,258.63,0.3,362.08,61.0,,9.0,False
10002915,2025-07-04 22:34:27,183,France,Fashion,Marketplace,Credit Card,5,58.34,0.05,277.12,30.0,5.0,2.0,False
10000123,2025-07-04 23:33:46,196,Italy,Beauty,Web,Credit Card,4,53.21,0.3,148.99,28.0,5.0,6.0,False
10004958,2025-07-05 01:03:25,227,Spain,Home & Garden,Marketplace,Bank Transfer,3,72.67,0.0,218.01,30.0,3.0,8.0,False
10001442,2025-07-05 02:21:35,607,Italy,Fashion,Web,Credit Card,2,22.97,0.05,43.64,46.0,3.0,5.0,False
10001135,2025-07-05 07:57:07,529,United Kingdom,Toys,Web,Bank Transfer,4,15.74,0.0,62.96,40.0,4.0,1.0,False
10002311,2025-07-05 10:19:49,348,India,Home & Garden,Marketplace,Bank Transfer,2,49.61,0.05,94.26,42.0,5.0,4.0,True
10000554,2025-07-05 12:45:41,276,United States,Electronics,Mobile App,Credit Card,5,233.78,0.05,1110.46,47.0,5.0,4.0,False
10004031,2025-07-05 12:56:11,243,France,Beauty,Mobile App,Bank Transfer,1,92.67,0.1,83.4,29.0,5.0,3.0,False
10004154,2025-07-05 14:12:43,131,France,Home & Garden,Mobile App,Credit Card,1,132.98,0.1,119.68,42.0,4.0,4.0,False
10003140,2025-07-05 15:35:12,559,Germany,Toys,Web,PayPal,1,40.19,0.0,40.19,39.0,4.0,7.0,False
10004664,2025-07-05 19:21:38,379,Canada,Electronics,Web,PayPal,2,310.67,0.0,621.34,37.0,4.0,3.0,False
10001020,2025-07-05 22:38:28,402,United States,Electronics,Web,PayPal,3,142.01,0.0,426.03,53.0,3.0,3.0,False
10003607,2025-07-06 00:23:50,142,Italy,Fashion,Web,Credit Card,2,17.48,0.05,33.21,28.0,4.0,6.0,False
10003137,2025-07-06 00:40:44,570,Germany,Electronics,Web,Credit Card,3,156.44,0.0,469.32,28.0,4.0,9.0,False
10003663,2025-07-06 04:20:02,10,United States,Fashion,Store,Bank Transfer,3,48.74,0.0,146.22,33.0,4.0,8.0,False
10004121,2025-07-06 07:09:09,383,United States,Beauty,Web,Credit Card,2,40.75,0.05,77.42,22.0,4.0,3.0,False
10000392,2025-07-06 07:29:27,465,United States,Beauty,Web,Bank Transfer,2,91.39,0.1,164.5,33.0,4.0,6.0,False
10003234,2025-07-06 08:31:09,469,Germany,Electronics,Web,PayPal,2,126.62,0.2,202.59,21.0,4.0,7.0,False
10001175,2025-07-06 12:23:24,554,United Kingdom,Beauty,Mobile App,Credit Card,2,36.28,0.1,65.3,52.0,5.0,3.0,False
10004607,2025-07-06 21:04:22,502,Canada,Fashion,Web,Credit Card,1,54.26,0.0,54.26,34.0,5.0,3.0,False
10003716,2025-07-07 09:26:46,617,India,Electronics,Marketplace,Bank Transfer,3,216.18,0.0,648.54,27.0,5.0,5.0,True
10002621,2025-07-07 09:29:12,332,Germany,Sports,Store,Bank Transfer,3,82.32,0.05,234.61,38.0,3.0,5.0,False
10000331,2025-07-07 22:23:45,45,Spain,Fashion,Mobile App,Credit Card,4,81.91,0.0,327.64,18.0,5.0,2.0,False
10002336,2025-07-07 22:37:20,554,Germany,Fashion,Mobile App,Gift Card,3,101.08,0.1,272.92,46.0,4.0,2.0,False
10002413,2025-07-08 03:41:35,209,Italy,Fashion,Web,PayPal,4,106.44,0.1,383.18,41.0,5.0,6.0,False
10000113,2025-07-08 14:44:12,119,Canada,Electronics,Mobile App,PayPal,1,318.78,0.0,318.78,37.0,3.0,9.0,False
10003156,2025-07-08 19:10:14,577,United States,Fashion,Web,Credit Card,1,51.14,0.0,51.14,25.0,4.0,1.0,False
10000075,2025-07-08 22:09:04,119,Germany,Home & Garden,Web,Credit Card,4,63.44,0.2,203.01,33.0,,4.0,True
10001088,2025-07-08 23:07:03,124,Canada,Fashion,Web,Credit Card,3,48.43,0.2,116.23,37.0,5.0,6.0,False
10004992,2025-07-09 00:40:55,451,United States,Beauty,Marketplace,PayPal,4,30.12,0.1,108.43,48.0,5.0,8.0,False
10003208,2025-07-09 02:45:26,342,Spain,Fashion,Marketplace,Credit Card,1,80.48,0.1,72.43,46.0,3.0,2.0,False
10002666,2025-07-09 03:42:01,581,Germany,Beauty,Mobile App,Credit Card,3,32.21,0.05,91.8,67.0,5.0,7.0,False
10002895,2025-07-09 08:47:52,538,Italy,Beauty,Mobile App,Credit Card,4,24.01,0.2,76.83,23.0,4.0,4.0,False
10000776,2025-07-09 10:28:51,192,United States,Beauty,Mobile App,PayPal,2,51.27,0.1,92.29,45.0,3.0,7.0,False
10003354,2025-07-09 12:06:28,577,France,Fashion,Mobile App,Credit Card,2,12.48,0.1,22.46,43.0,4.0,5.0,False
10004873,2025-07-09 16:21:18,2,Germany,Electronics,Mobile App,PayPal,1,539.72,0.0,539.72,53.0,4.0,6.0,False
10001014,2025-07-09 17:58:18,289,United States,Toys,Web,PayPal,2,48.58,0.3,68.01,29.0,3.0,3.0,False
10001443,2025-07-10 01:24:26,98,Germany,Home & Garden,Marketplace,Gift Card,4,171.44,0.3,480.03,56.0,,6.0,False
10004755,2025-07-10 08:03:51,292,Brazil,Fashion,Web,Credit Card,2,86.22,0.0,172.44,33.0,4.0,4.0,False
10000239,2025-07-10 16:55:40,512,India,Home & Garden,Store,PayPal,2,67.36,0.0,134.72,46.0,3.0,5.0,False
10000864,2025-07-10 17:37:39,521,United Kingdom,Fashion,Mobile App,Credit Card,4,66.12,0.0,264.48,49.0,3.0,4.0,False
10002291,2025-07-11 02:39:09,518,France,Home & Garden,Mobile App,PayPal,4,27.72,0.05,105.34,56.0,5.0,3.0,False
10003077,2025-07-11 08:06:02,541,Italy,Home & Garden,Marketplace,PayPal,2,132.81,0.0,265.62,40.0,4.0,8.0,False
10000096,2025-07-11 17:53:37,450,Spain,Sports,Web,Credit Card,2,32.74,0.0,65.48,33.0,4.0,6.0,False
10001984,2025-07-11 19:18:34,567,India,Home & Garden,Store,Gift Card,1,65.98,0.0,65.98,44.0,4.0,5.0,False
10000755,2025-07-11 20:53:26,173,United States,Beauty,Web,Bank Transfer,2,32.18,0.0,64.36,43.0,4.0,2.0,False
10004176,2025-07-11 22:41:16,503,Germany,Home & Garden,Marketplace,PayPal,2,89.42,0.0,178.84,32.0,5.0,3.0,False
10004888,2025-07-12 04:48:26,371,United States,Fashion,Mobile App,PayPal,3,86.64,0.0,259.92,18.0,4.0,10.0,False
10004153,2025-07-12 09:04:09,551,Brazil,Beauty,Web,Credit Card,3,62.25,0.0,186.75,35.0,4.0,6.0,False
10002289,2025-07-13 00:05:09,112,France,Fashion,Web,Credit Card,3,44.62,0.2,107.09,31.0,2.0,2.0,False
10004546,2025-07-13 00:27:13,189,United States,Home & Garden,Web,Credit Card,4,81.37,0.05,309.21,30.0,3.0,7.0,False
10004596,2025-07-13 10:46:59,254,Japan,Home & Garden,Mobile App,Credit Card,2,144.87,0.1,260.77,67.0,4.0,4.0,False
10003078,2025-07-13 19:07:48,239,United Kingdom,Toys,Web,PayPal,6,32.05,0.0,192.3,34.0,3.0,7.0,False
10002921,2025-07-13 22:51:16,309,India,Beauty,Mobile App,Credit Card,1,54.08,0.0,54.08,43.0,3.0,5.0,False
10004412,2025-07-13 23:56:30,612,United States,Beauty,Web,Credit Card,4,25.3,0.0,101.2,45.0,4.0,7.0,False
10001777,2025-07-14 01:38:12,334,Italy,Fashion,Mobile App,PayPal,4,60.65,0.05,230.47,33.0,4.0,5.0,False
10000501,2025-07-14 05:09:03,323,United Kingdom,Fashion,Mobile App,Credit Card,3,43.16,0.0,129.48,28.0,5.0,5.0,True
10003712,2025-07-14 11:35:11,401,United Kingdom,Sports,Web,Credit Card,4,86.72,0.05,329.54,35.0,,4.0,False
10001055,2025-07-14 17:19:28,281,United States,Electronics,Web,Credit Card,1,299.02,0.05,284.07,36.0,3.0,5.0,False
10004695,2025-07-14 22:12:55,228,United Kingdom,Sports,Web,PayPal,3,73.92,0.1,199.58,18.0,2.0,4.0,False
10001901,2025-07-14 23:21:45,413,United States,Toys,Mobile App,Gift Card,1,24.68,0.0,24.68,26.0,5.0,4.0,False
10003783,2025-07-15 01:17:37,44,France,Toys,Mobile App,PayPal,1,35.34,0.0,35.34,49.0,3.0,3.0,False
10002625,2025-07-15 05:55:18,423,Italy,Electronics,Web,PayPal,4,162.25,0.3,454.3,72.0,5.0,5.0,False
10004085,2025-07-15 06:43:38,527,United States,Electronics,Mobile App,PayPal,2,429.33,0.05,815.73,45.0,5.0,4.0,False
10001413,2025-07-15 06:58:41,434,Canada,Toys,Marketplace,PayPal,2,18.4,0.1,33.12,34.0,3.0,6.0,False
10001226,2025-07-15 08:33:42,279,United Kingdom,Fashion,Web,Credit Card,4,61.42,0.0,245.68,28.0,4.0,4.0,False
10002837,2025-07-15 09:24:53,513,United States,Fashion,Web,PayPal,1,58.41,0.05,55.49,23.0,4.0,8.0,False
10003559,2025-07-15 15:49:46,214,United Kingdom,Fashion,Store,PayPal,4,37.78,0.05,143.56,41.0,4.0,6.0,False
10001343,2025-07-15 22:12:37,279,Brazil,Electronics,Web,Credit Card,3,159.93,0.2,383.83,21.0,5.0,4.0,False
10004445,2025-07-16 00:43:11,87,United States,Toys,Web,Credit Card,3,21.28,0.2,51.07,31.0,5.0,5.0,True
10001674,2025-07-16 00:50:16,600,India,Home & Garden,Web,Credit Card,3,34.36,0.1,92.77,44.0,4.0,7.0,False
10002972,2025-07-16 21:07:54,420,United States,Home & Garden,Web,Credit Card,3,119.61,0.0,358.83,29.0,3.0,5.0,False
10001161,2025-07-17 00:16:02,374,India,Home & Garden,Web,Credit Card,2,80.88,0.05,153.67,22.0,3.0,4.0,False
10001013,2025-07-17 10:01:07,458,Italy,Toys,Marketplace,Credit Card,3,30.01,0.3,63.02,52.0,4.0,4.0,False
10001007,2025-07-17 11:01:03,246,India,Fashion,Store,PayPal,1,33.55,0.2,26.84,28.0,5.0,5.0,False
10004944,2025-07-17 11:49:36,607,United States,Home & Garden,Marketplace,Gift Card,3,103.02,0.0,309.06,41.0,,3.0,False
10002642,2025-07-17 11:59:26,584,United Kingdom,Electronics,Web,Credit Card,1,178.03,0.1,160.23,28.0,4.0,10.0,False
10000360,2025-07-17 18:16:11,589,Germany,Toys,Web,PayPal,4,18.79,0.05,71.4,38.0,3.0,3.0,False
10000118,2025-07-17 20:36:47,407,India,Toys,Marketplace,Credit Card,2,9.0,0.0,18.0,54.0,5.0,4.0,False
10003361,2025-07-17 23:47:18,586,United States,Home & Garden,Store,Credit Card,3,85.01,0.0,255.03,41.0,4.0,7.0,False
10002573,2025-07-18 03:01:03,236,Brazil,Beauty,Store,PayPal,2,45.36,0.2,72.58,37.0,4.0,5.0,False
10001056,2025-07-18 05:15:45,23,Canada,Fashion,Web,Credit Card,4,110.59,0.0,442.36,37.0,5.0,3.0,False
10001056,2025-07-18 05:15:45,23,Canada,Fashion,Web,Credit Card,4,110.59,0.0,442.36,37.0,5.0,3.0,False
10004293,2025-07-18 12:02:37,529,United States,Beauty,Web,Credit Card,3,51.19,0.0,153.57,28.0,5.0,4.0,False
10001301,2025-07-18 12:13:49,448,Germany,Fashion,Store,Credit Card,2,40.1,0.05,76.19,37.0,3.0,5.0,False
10001786,2025-07-18 22:32:27,430,United States,Sports,Marketplace,PayPal,2,114.03,0.0,228.06,18.0,3.0,1.0,False
10001221,2025-07-19 04:03:38,406,Italy,Toys,Mobile App,Bank Transfer,3,44.15,0.0,132.45,51.0,5.0,6.0,True
10004095,2025-07-19 13:25:28,477,Spain,Electronics,Mobile App,Credit Card,3,501.63,0.05,1429.65,53.0,4.0,7.0,True
10000722,2025-07-20 00:47:21,534,India,Toys,Mobile App,Bank Transfer,4,25.44,0.0,101.76,22.0,3.0,4.0,False
10001481,2025-07-20 19:40:10,346,India,Toys,Mobile App,PayPal,2,37.21,0.0,74.42,55.0,5.0,4.0,False
10004300,2025-07-20 21:56:17,523,United States,Fashion,Web,Credit Card,1,28.35,0.0,28.35,39.0,,5.0,False
10002422,2025-07-20 23:54:41,468,United States,Electronics,Mobile App,PayPal,3,129.24,0.0,387.72,42.0,5.0,4.0,False
10002056,2025-07-21 01:32:52,241,Germany,Fashion,Mobile App,PayPal,2,44.88,0.0,89.76,57.0,4.0,3.0,False
10003136,2025-07-21 16:22:31,293,France,Home & Garden,Store,Gift Card,1,59.06,0.2,47.25,28.0,4.0,1.0,False
10000929,2025-07-21 21:38:23,437,United States,Electronics,Web,Credit Card,2,288.94,0.05,548.99,37.0,4.0,7.0,False
10000492,2025-07-21 22:59:08,583,Germany,Electronics,Web,Credit Card,3,209.57,0.05,597.27,36.0,4.0,4.0,False
10003389,2025-07-21 23:18:46,389,Spain,Fashion,Marketplace,Credit Card,3,38.68,0.0,116.04,24.0,4.0,8.0,False
10002140,2025-07-22 00:29:39,323,France,Beauty,Marketplace,Credit Card,4,17.6,0.1,63.36,39.0,3.0,6.0,False
10004181,2025-07-22 01:58:00,502,Spain,Beauty,Web,PayPal,2,26.21,0.0,52.42,53.0,5.0,7.0,False
10002768,2025-07-22 06:27:12,215,India,Home & Garden,Web,Credit Card,2,59.17,0.2,94.67,31.0,4.0,4.0,False
10004118,2025-07-22 08:14:46,479,United States,Fashion,Mobile App,Credit Card,3,82.83,0.0,248.49,48.0,3.0,5.0,False
10001350,2025-07-22 09:21:50,131,India,Home & Garden,Mobile App,Gift Card,1,101.32,0.0,101.32,32.0,4.0,1.0,False
10000209,2025-07-22 12:13:21,460,Canada,Beauty,Mobile App,Bank Transfer,1,24.17,0.3,16.92,37.0,4.0,7.0,False
10004552,2025-07-23 00:55:33,184,France,Beauty,Web,PayPal,5,40.56,0.2,162.24,38.0,4.0,7.0,False
10002701,2025-07-23 01:35:32,217,Germany,Sports,Mobile App,Bank Transfer,3,105.16,0.05,299.71,37.0,4.0,7.0,False
10001796,2025-07-23 01:50:14,271,United States,Beauty,Web,Bank Transfer,5,39.12,0.0,195.6,23.0,5.0,5.0,False
10004236,2025-07-23 03:12:23,513,Brazil,Beauty,Web,Bank Transfer,4,33.86,0.0,135.44,67.0,3.0,2.0,False
10001484,2025-07-23 14:06:26,435,Brazil,Beauty,Mobile App,Credit Card,2,39.76,0.0,79.52,32.0,5.0,7.0,False
10000819,2025-07-23 16:19:56,508,United States,Electronics,Mobile App,PayPal,4,140.64,0.2,450.05,51.0,3.0,3.0,False
10002085,2025-07-24 04:26:04,418,India,Fashion,Store,PayPal,6,42.26,0.0,253.56,69.0,4.0,4.0,False
10004929,2025-07-24 07:00:00,125,United States,Beauty,Store,PayPal,2,22.27,0.05,42.31,27.0,3.0,3.0,False
10002556,2025-07-24 18:37:21,347,Japan,Home & Garden,Mobile App,Credit Card,3,77.98,0.2,187.15,46.0,5.0,8.0,False
10003645,2025-07-24 20:34:09,226,United States,Fashion,Mobile App,Credit Card,1,72.44,0.05,68.82,39.0,4.0,6.0,False
10001441,2025-07-24 20:53:29,197,United States,Home & Garden,Marketplace,Credit Card,3,74.77,0.3,157.02,38.0,4.0,8.0,False
10004572,2025-07-24 22:51:20,63,India,Electronics,Mobile App,PayPal,1,279.33,0.1,251.4,41.0,5.0,3.0,False
10002616,2025-07-24 23:02:27,296,United States,Home & Garden,Store,Gift Card,2,71.1,0.0,142.2,29.0,3.0,11.0,False
10000570,2025-07-25 07:21:02,450,India,Fashion,Mobile App,PayPal,4,51.02,0.0,204.08,42.0,5.0,6.0,False
10004984,2025-07-25 08:10:55,379,France,Electronics,Mobile App,Credit Card,3,110.11,0.0,330.33,48.0,4.0,2.0,False
10003204,2025-07-25 16:51:21,591,United Kingdom,Fashion,Mobile App,Gift Card,2,42.61,0.05,80.96,24.0,4.0,7.0,False
10000561,2025-07-25 17:53:35,56,United States,Beauty,Mobile App,Credit Card,4,48.88,0.0,195.52,44.0,2.0,5.0,False
10003557,2025-07-25 18:01:31,621,France,Sports,Marketplace,Credit Card,1,32.42,0.0,32.42,28.0,2.0,4.0,False
10004830,2025-07-26 00:51:29,588,India,Electronics,Mobile App,Bank Transfer,3,419.88,0.0,1259.64,58.0,4.0,2.0,False
10002170,2025-07-26 01:31:57,538,United States,Electronics,Web,PayPal,4,196.71,0.0,786.84,54.0,4.0,4.0,False
10001557,2025-07-26 05:10:42,421,United States,Toys,Marketplace,Credit Card,3,27.69,0.0,83.07,33.0,5.0,6.0,False
10004728,2025-07-26 08:55:44,511,United Kingdom,Toys,Marketplace,Credit Card,2,23.98,0.0,47.96,27.0,4.0,3.0,False
10002864,2025-07-26 22:44:10,393,Spain,Electronics,Web,Credit Card,5,225.47,0.05,1070.98,39.0,4.0,7.0,False
10003453,2025-07-27 03:42:29,265,Japan,Electronics,Web,Credit Card,4,339.44,0.0,1357.76,47.0,5.0,4.0,False
10002316,2025-07-27 09:29:41,592,Germany,Electronics,Web,Credit Card,1,443.51,0.1,399.16,38.0,1.0,4.0,False
10004482,2025-07-27 13:14:36,394,France,Fashion,Web,Credit Card,6,99.01,0.05,564.36,63.0,3.0,9.0,False
10000821,2025-07-27 21:17:09,539,United States,Beauty,Store,PayPal,4,22.96,0.2,73.47,42.0,4.0,2.0,False
10000818,2025-07-28 00:02:37,62,United States,Toys,Web,Bank Transfer,3,30.87,0.0,92.61,26.0,4.0,5.0,False
10003772,2025-07-28 02:05:27,478,France,Fashion,Mobile App,Credit Card,4,29.58,0.0,118.32,44.0,4.0,7.0,False
10004986,2025-07-28 03:51:55,152,India,Sports,Mobile App,PayPal,2,32.28,0.0,64.56,55.0,4.0,2.0,False
10000741,2025-07-28 06:04:11,367,France,Fashion,Web,PayPal,3,96.27,0.0,288.81,25.0,4.0,8.0,False
10000480,2025-07-28 08:54:57,267,United States,Beauty,Web,Credit Card,5,29.92,0.0,149.6,36.0,,5.0,False
10002691,2025-07-28 09:44:54,66,United States,Toys,Web,Credit Card,4,27.22,0.2,87.1,51.0,5.0,6.0,False
10004415,2025-07-28 12:30:07,490,Germany,Fashion,Store,Bank Transfer,3,33.93,0.2,81.43,46.0,5.0,4.0,False
10004501,2025-07-28 13:53:37,72,Germany,Home & Garden,Store,Credit Card,2,219.24,0.0,438.48,47.0,3.0,4.0,False
10003969,2025-07-28 20:00:46,100,Germany,Beauty,Mobile App,PayPal,1,41.68,0.05,39.6,41.0,5.0,4.0,False
10001728,2025-07-28 21:12:36,518,Spain,Home & Garden,Mobile App,Bank Transfer,3,100.2,0.1,270.54,32.0,5.0,5.0,False
10002754,2025-07-29 06:59:57,55,United States,Sports,Marketplace,Credit Card,2,97.11,0.2,155.38,38.0,,4.0,False
10000338,2025-07-29 13:46:15,610,United States,Electronics,Web,Bank Transfer,2,184.82,0.0,369.64,54.0,3.0,8.0,False
10002801,2025-07-29 21:37:49,88,Spain,Fashion,Mobile App,Credit Card,2,22.03,0.0,44.06,52.0,4.0,5.0,False
10003015,2025-07-30 03:55:45,389,Germany,Beauty,Web,Credit Card,3,26.53,0.3,55.71,39.0,3.0,5.0,False
10000119,2025-07-30 07:24:57,109,Japan,Fashion,Marketplace,Credit Card,5,38.15,0.05,181.21,30.0,5.0,5.0,False
10000739,2025-07-30 08:14:53,104,Germany,Home & Garden,Web,Credit Card,1,25.51,0.0,25.51,23.0,3.0,3.0,False
10004544,2025-07-30 09:42:50,575,Canada,Sports,Web,Credit Card,3,27.39,0.0,82.17,33.0,5.0,2.0,False
10004555,2025-07-30 17:59:56,172,Canada,Fashion,Web,Credit Card,2,45.94,0.05,87.29,41.0,4.0,48.0,False
10000354,2025-07-30 18:11:00,61,Germany,Sports,Mobile App,Bank Transfer,1,105.96,0.0,105.96,41.0,4.0,2.0,False
10004956,2025-07-31 08:19:35,591,United Kingdom ,Electronics,Marketplace,PayPal,3,182.91,0.0,548.73,18.0,5.0,6.0,False
10001845,2025-07-31 09:29:31,270,India,Beauty,Marketplace,Credit Card,1,36.71,0.0,36.71,,2.0,3.0,True
10000751,2025-07-31 09:57:01,287,Germany,Beauty,Mobile App,PayPal,4,16.19,0.0,64.76,38.0,5.0,4.0,False
10004467,2025-07-31 11:32:30,524,Spain,Electronics,Marketplace,Credit Card,1,249.69,0.0,249.69,34.0,4.0,4.0,False
10001133,2025-07-31 21:51:05,612,Spain,Beauty,Mobile App,PayPal,1,17.95,0.0,17.95,18.0,2.0,5.0,True
10000511,2025-07-31 22:17:12,609,Japan,Home & Garden,Web,Gift Card,4,91.69,0.0,366.76,47.0,,5.0,False
10002102,2025-08-01 00:23:11,240,Japan,Electronics,Marketplace,Credit Card,4,119.16,0.2,381.31,37.0,3.0,5.0,False
10004061,2025-08-01 02:18:54,376,Germany,Beauty,Mobile App,PayPal,3,34.17,0.05,97.38,18.0,5.0,3.0,False
10001802,2025-08-01 05:54:06,140,United States,Beauty,Store,PayPal,3,46.43,0.05,132.33,50.0,4.0,7.0,False
10003483,2025-08-01 06:19:41,518,Italy,Fashion,Web,Credit Card,2,43.78,0.0,87.56,40.0,4.0,8.0,False
10000190,2025-08-01 08:10:49,591,Italy,Electronics,Store,PayPal,4,150.44,0.0,601.76,18.0,2.0,12.0,False
10003082,2025-08-01 08:13:20,113,Italy,Fashion,Web,PayPal,3,145.71,0.0,437.13,24.0,4.0,6.0,False
10000734,2025-08-01 23:24:31,358,Spain,Beauty,Mobile App,Credit Card,3,22.95,0.0,68.85,34.0,3.0,4.0,False
10000333,2025-08-02 01:01:29,76,Italy,Sports,Web,Credit Card,2,85.55,0.0,171.1,53.0,3.0,5.0,False
10000217,2025-08-02 01:40:12,401,India,Beauty,Mobile App,Bank Transfer,2,54.86,0.2,87.78,42.0,5.0,5.0,False
10003495,2025-08-02 05:15:59,520,United States,Fashion,Mobile App,Bank Transfer,3,43.35,0.05,123.55,44.0,5.0,2.0,False
10002259,2025-08-02 07:11:43,571,Canada,Sports,Web,PayPal,7,69.29,0.1,436.53,37.0,4.0,2.0,False
10001146,2025-08-02 13:12:52,604,United States,Beauty,Web,Credit Card,2,55.0,0.1,99.0,27.0,3.0,6.0,False
10003085,2025-08-02 22:58:08,297,Brazil,Fashion,Mobile App,Credit Card,1,27.04,0.0,27.04,18.0,5.0,5.0,False
10002030,2025-08-02 23:12:49,317,Canada,Beauty,Mobile App,Credit Card,1,35.1,0.05,33.34,40.0,,12.0,False
10003541,2025-08-03 04:34:56,190,Brazil,Electronics,Mobile App,Credit Card,2,122.73,0.1,220.91,43.0,3.0,7.0,False
10001182,2025-08-03 17:43:32,192,France,Sports,Mobile App,Credit Card,2,69.22,0.0,138.44,40.0,3.0,5.0,False
10001873,2025-08-03 18:24:04,577,Spain,Beauty,Web,Credit Card,2,24.18,0.0,48.36,18.0,2.0,8.0,False
10000765,2025-08-03 23:03:01,36,Brazil,Fashion,Web,Bank Transfer,2,68.98,0.2,110.37,28.0,4.0,5.0,False
10001959,2025-08-03 23:34:08,271,Italy,Home & Garden,Web,PayPal,4,57.92,0.0,231.68,30.0,4.0,7.0,True
10004103,2025-08-04 21:26:19,425,United States,Beauty,Mobile App,PayPal,1,24.42,0.0,24.42,52.0,5.0,8.0,False
10004849,2025-08-04 23:06:46,64,Brazil,Toys,Web,PayPal,2,21.79,0.0,43.58,33.0,4.0,2.0,False
10002802,2025-08-05 09:49:51,359,Japan,Sports,Web,PayPal,2,125.91,0.0,251.82,,4.0,3.0,False
10000543,2025-08-05 09:53:27,477,France,Home & Garden,Marketplace,Credit Card,2,62.21,0.0,124.42,50.0,3.0,4.0,False
10000855,2025-08-05 10:48:38,365,Canada,Electronics,Marketplace,Bank Transfer,3,188.67,0.0,566.01,30.0,2.0,3.0,False
10002416,2025-08-05 16:26:44,597,United Kingdom,Electronics,Mobile App,Bank Transfer,2,182.65,0.0,365.3,51.0,5.0,3.0,False
10002985,2025-08-05 22:25:08,587,United States,Electronics,Mobile App,PayPal,5,130.34,0.0,651.7,31.0,4.0,5.0,False
10004803,2025-08-05 23:03:56,156,India,Sports,Web,PayPal,1,67.04,0.1,60.34,20.0,3.0,4.0,False
10000850,2025-08-06 00:25:28,123,United States,Electronics,Mobile App,Credit Card,4,131.85,0.0,527.4,56.0,4.0,11.0,False
10001649,2025-08-06 01:29:19,320,Italy,Electronics,Store,Bank Transfer,3,140.01,0.1,378.03,24.0,5.0,8.0,False
10001165,2025-08-06 03:11:13,56,India,Electronics,Web,Bank Transfer,2,222.73,0.05,423.19,30.0,3.0,5.0,False
10000473,2025-08-06 08:39:01,60,Brazil,Beauty,Web,Credit Card,4,18.24,0.0,72.96,51.0,5.0,4.0,False
10003835,2025-08-06 17:46:18,147,United Kingdom,Fashion,Web,PayPal,2,73.95,0.1,133.11,31.0,4.0,5.0,False
10000420,2025-08-06 18:29:03,369,India,Toys,Mobile App,Bank Transfer,1,15.38,0.2,12.3,,5.0,6.0,False
10002385,2025-08-06 19:11:56,357,United States,Home & Garden,Mobile App,Credit Card,3,43.43,0.0,130.29,44.0,3.0,6.0,False
10001568,2025-08-06 20:54:23,163,Brazil,Electronics,Mobile App,Credit Card,3,303.7,0.05,865.54,53.0,4.0,5.0,False
10003266,2025-08-07 07:50:43,259,United States,Beauty,Mobile App,Credit Card,2,23.32,0.0,46.64,27.0,5.0,3.0,False
10003569,2025-08-07 07:54:45,277,United States,Sports,Mobile App,Bank Transfer,2,82.21,0.0,164.42,24.0,5.0,9.0,False
10003157,2025-08-07 10:16:01,477,India,Home & Garden,Web,PayPal,2,94.97,0.0,189.94,38.0,3.0,4.0,False
10000820,2025-08-07 13:47:28,385,Canada,Sports,Mobile App,Credit Card,3,83.91,0.0,251.73,45.0,4.0,5.0,False
10004519,2025-08-07 19:16:57,103,United States,Sports,Mobile App,Bank Transfer,4,88.78,0.05,337.36,27.0,3.0,4.0,True
10003615,2025-08-08 01:07:19,248,United Kingdom,Fashion,Store,Credit Card,3,100.03,0.0,300.09,42.0,4.0,4.0,False
10002497,2025-08-08 05:27:40,523,France,Electronics,Web,Credit Card,2,180.86,0.0,361.72,32.0,4.0,4.0,False
10004762,2025-08-08 06:35:13,170,United States,Electronics,Web,PayPal,1,144.82,0.05,137.58,42.0,3.0,9.0,False
10002965,2025-08-08 07:45:46,123,United Kingdom,Beauty,Mobile App,Gift Card,4,30.58,0.0,122.32,22.0,,5.0,False
10001520,2025-08-08 09:53:42,170,India,Toys,Marketplace,Credit Card,4,33.42,0.0,133.68,54.0,3.0,3.0,False
10003409,2025-08-08 10:56:03,15,United States,Home & Garden,Web,Credit Card,2,90.02,0.2,144.03,36.0,5.0,4.0,False
10003551,2025-08-08 12:36:52,573,Canada,Home & Garden,Marketplace,Bank Transfer,1,56.61,0.0,56.61,30.0,4.0,4.0,False
10004597,2025-08-08 17:46:45,328,United Kingdom,Beauty,Web,Credit Card,3,36.21,0.0,108.63,47.0,5.0,4.0,False
10003028,2025-08-08 21:35:11,565,United Kingdom,Fashion,Web,Credit Card,6,79.23,0.0,475.38,56.0,4.0,4.0,False
10003888,2025-08-09 03:34:24,50,United States,Fashion,Web,Credit Card,2,40.96,0.3,57.34,45.0,4.0,4.0,False
10002173,2025-08-09 04:56:24,101,Japan,Electronics,Mobile App,Bank Transfer,3,395.65,0.0,1186.95,57.0,5.0,4.0,False
10004155,2025-08-09 08:27:30,583,India,Electronics,Mobile App,PayPal,2,167.43,0.0,334.86,27.0,5.0,5.0,False
10000714,2025-08-09 20:26:56,593,United States,Fashion,Marketplace,Credit Card,4,53.96,0.2,172.67,30.0,5.0,3.0,False
10002620,2025-08-09 20:47:00,320,United States,Electronics,Mobile App,Credit Card,4,183.99,0.2,588.77,60.0,2.0,5.0,True
10003910,2025-08-09 22:38:27,602,United States,Electronics,Mobile App,Credit Card,4,199.89,0.1,719.6,54.0,4.0,6.0,False
10001981,2025-08-10 01:50:07,496,France,Fashion,Mobile App,Credit Card,1,39.57,0.0,39.57,44.0,5.0,6.0,False
10002629,2025-08-10 20:59:44,244,United States,Fashion,Mobile App,Credit Card,2,97.59,0.0,195.18,36.0,3.0,4.0,False
10004448,2025-08-10 21:40:00,544,Italy,Electronics,Web,Credit Card,4,284.7,0.05,1081.86,30.0,5.0,3.0,False
10000063,2025-08-10 23:50:24,318,United Kingdom,Electronics,Store,Credit Card,2,158.67,0.05,301.47,22.0,,2.0,False
10000589,2025-08-11 03:00:22,16,Germany,Fashion,Mobile App,Credit Card,4,161.62,0.0,646.48,34.0,5.0,5.0,False
10002258,2025-08-11 05:24:23,191,Italy,Sports,Store,Credit Card,5,57.73,0.05,274.22,35.0,,2.0,False
10000106,2025-08-11 10:10:46,443,United States,Fashion,Web,PayPal,3,24.43,0.0,73.29,45.0,5.0,5.0,False
10004738,2025-08-11 14:38:37,387,United States,Fashion,Web,Credit Card,2,38.29,0.05,72.75,35.0,4.0,10.0,False
10003377,2025-08-11 20:24:28,41,Germany,Home & Garden,Web,Credit Card,4,130.46,0.0,521.84,46.0,5.0,9.0,False
10003104,2025-08-12 03:49:25,224,United Kingdom,Home & Garden,Marketplace,PayPal,2,36.12,0.0,72.24,49.0,4.0,6.0,False
10004847,2025-08-12 06:28:15,191,Canada,Electronics,Mobile App,Credit Card,2,201.3,0.1,362.34,33.0,4.0,3.0,False
10001826,2025-08-12 08:15:36,450,France,Home & Garden,Web,Credit Card,2,49.97,0.05,94.94,23.0,4.0,8.0,False
10004224,2025-08-12 12:58:04,312,Brazil,Electronics,Marketplace,Bank Transfer,1,181.47,0.05,172.4,48.0,4.0,5.0,False
10004678,2025-08-12 14:41:09,460,Canada,Electronics,Web,Credit Card,4,207.73,0.0,830.92,61.0,4.0,6.0,False
10002370,2025-08-12 19:06:09,53,Japan,Toys,Web,Credit Card,2,52.36,0.0,104.72,24.0,4.0,5.0,False
10001306,2025-08-13 04:48:08,123,United States,Fashion,Web,Credit Card,1,45.45,0.1,40.9,51.0,2.0,4.0,False
10003929,2025-08-13 05:23:28,151,United Kingdom,Sports,Web,Credit Card,1,51.99,0.0,51.99,28.0,3.0,3.0,False
10002217,2025-08-13 05:36:14,240,France,Electronics,Web,PayPal,3,163.37,0.0,490.11,37.0,3.0,10.0,False
10003884,2025-08-13 07:15:53,173,Japan,Sports,Mobile App,Bank Transfer,3,25.82,0.2,61.97,35.0,4.0,3.0,False
10001394,2025-08-13 10:30:03,467,United Kingdom,Sports,Web,PayPal,3,62.39,0.0,187.17,39.0,5.0,3.0,False
10000868,2025-08-13 21:10:50,51,Canada,Toys,Marketplace,Bank Transfer,2,21.48,0.1,38.66,57.0,3.0,9.0,False
10000974,2025-08-14 02:04:26,463,Japan,Electronics,Web,Credit Card,3,108.27,0.1,292.33,43.0,4.0,7.0,False
10001706,2025-08-14 05:16:55,323,Canada,Beauty,Mobile App,Credit Card,4,18.2,0.0,72.8,21.0,5.0,6.0,False
10003705,2025-08-14 06:20:11,142,United States,Toys,Web,Credit Card,1,55.08,0.0,55.08,31.0,4.0,6.0,False
10004658,2025-08-14 08:27:49,110,United States,Sports,Mobile App,PayPal,4,95.89,0.0,383.56,58.0,4.0,5.0,False
10004768,2025-08-14 09:42:00,395,United Kingdom,Fashion,Web,Credit Card,4,55.99,0.05,212.76,51.0,3.0,6.0,False
10004142,2025-08-14 10:22:48,377,United States,Sports,Mobile App,Credit Card,2,77.77,0.0,155.54,40.0,5.0,7.0,False
10002788,2025-08-14 18:29:18,574,India,Home & Garden,Mobile App,Credit Card,4,82.13,0.0,328.52,30.0,4.0,2.0,False
10002014,2025-08-14 21:27:25,169,Japan,Home & Garden,Web,Gift Card,2,45.17,0.0,90.34,19.0,4.0,5.0,True
10003240,2025-08-15 02:25:25,219,Germany,Electronics,Web,Gift Card,1,154.43,0.1,138.99,34.0,5.0,6.0,False
10004799,2025-08-15 02:27:49,509,Germany,Toys,Web,Bank Transfer,2,14.01,0.1,25.22,66.0,5.0,3.0,False
10002047,2025-08-15 04:45:16,383,Germany,Home & Garden,Web,Credit Card,2,146.41,0.0,292.82,45.0,5.0,7.0,False
10004021,2025-08-15 08:04:49,192,Japan,Beauty,Web,Credit Card,4,23.25,0.0,93.0,30.0,4.0,4.0,False
10001244,2025-08-15 08:54:28,275,Canada,Home & Garden,Web,Credit Card,3,71.16,0.3,149.44,29.0,3.0,5.0,False
10002424,2025-08-15 10:23:15,344,France,Fashion,Web,Credit Card,3,125.72,0.2,301.73,41.0,4.0,7.0,False
10002149,2025-08-15 11:32:15,446,United States,Fashion,Marketplace,Bank Transfer,3,61.08,0.0,183.24,62.0,,7.0,False
10004945,2025-08-15 15:52:36,603,Spain,Fashion,Mobile App,Credit Card,3,37.64,0.0,112.92,40.0,4.0,6.0,False
10001779,2025-08-15 16:18:17,390,Japan,Beauty,Web,Credit Card,3,79.95,0.3,167.9,37.0,4.0,7.0,False
10002228,2025-08-15 22:42:32,419,France,Electronics,Web,Credit Card,2,151.98,0.0,303.96,57.0,4.0,3.0,False
10003650,2025-08-16 03:05:06,133,United Kingdom,Sports,Web,Bank Transfer,1,61.73,0.3,43.21,41.0,3.0,7.0,False
10000608,2025-08-16 04:55:21,14,Spain,Sports,Store,Bank Transfer,1,49.23,0.0,49.23,46.0,4.0,4.0,False
10002977,2025-08-16 07:04:56,385,United States,Fashion,Web,Credit Card,2,31.14,0.05,59.17,38.0,4.0,4.0,False
10003878,2025-08-16 07:58:46,407,United States,Toys,Web,Credit Card,3,39.34,0.0,118.02,23.0,,8.0,False
10002758,2025-08-16 08:26:31,572,United States,Toys,Mobile App,Credit Card,1,40.85,0.0,40.85,27.0,4.0,5.0,False
10002209,2025-08-16 08:52:10,396,Germany,Fashion,Web,Credit Card,2,80.69,0.1,145.24,24.0,4.0,6.0,False
10001555,2025-08-16 10:08:03,110,Italy,Home & Garden,Web,Credit Card,3,93.77,0.0,281.31,41.0,3.0,5.0,False
10000229,2025-08-16 12:42:31,148,Italy,Toys,Web,Gift Card,2,55.01,0.0,110.02,48.0,3.0,3.0,False
10000229,2025-08-16 12:42:31,148,Italy,Toys,Web,Gift Card,2,55.01,0.0,110.02,48.0,3.0,3.0,False
10000894,2025-08-16 16:01:09,457,France,Home & Garden,Mobile App,Credit Card,3,40.69,0.2,97.66,35.0,5.0,5.0,False
10004626,2025-08-16 16:56:08,491,France,Sports,Store,Credit Card,3,96.29,0.3,202.21,22.0,3.0,7.0,False
10000440,2025-08-16 21:21:49,134,Italy,Fashion,Web,Credit Card,2,48.98,0.0,97.96,43.0,4.0,3.0,False
10004576,2025-08-17 03:46:16,157,United States,Electronics,Web,PayPal,3,224.66,0.0,673.98,32.0,5.0,7.0,False
10003725,2025-08-17 04:54:52,345,United States,Beauty,Marketplace,Bank Transfer,3,54.35,0.0,163.05,28.0,5.0,5.0,False
10002971,2025-08-17 06:45:07,210,Canada,Home & Garden,Web,Credit Card,2,71.16,0.0,142.32,28.0,3.0,7.0,False
10002444,2025-08-17 08:19:44,225,United States,Fashion,Mobile App,PayPal,3,32.2,0.0,96.6,40.0,4.0,6.0,False
10003570,2025-08-17 17:54:16,394,United Kingdom,Toys,Web,Credit Card,3,30.46,0.0,91.38,49.0,3.0,3.0,False
10001550,2025-08-18 02:42:13,112,Canada,Electronics,Web,Bank Transfer,1,165.4,0.0,165.4,20.0,4.0,1.0,False
10001364,2025-08-18 04:19:43,580,Japan,Beauty,Web,Credit Card,5,44.67,0.1,201.02,40.0,5.0,4.0,False
10001476,2025-08-18 05:12:56,600,France,Home & Garden,Store,Credit Card,3,53.74,0.0,161.22,48.0,4.0,4.0,False
10004290,2025-08-18 14:47:14,528,Germany,Home & Garden,Mobile App,Credit Card,5,111.13,0.0,555.65,27.0,4.0,7.0,False
10001825,2025-08-18 17:19:09,574,Brazil,Home & Garden,Mobile App,Bank Transfer,2,41.09,0.0,82.18,42.0,2.0,2.0,False
10000796,2025-08-18 20:45:28,540,Germany,Fashion,Mobile App,Credit Card,3,68.47,0.0,205.41,46.0,4.0,4.0,False
10001002,2025-08-19 04:59:59,394,United States,Fashion,Web,Credit Card,3,66.21,0.0,198.63,43.0,5.0,3.0,False
10002430,2025-08-19 06:05:35,38,United States,Home & Garden,Web,Credit Card,6,88.54,0.1,478.12,32.0,3.0,6.0,False
10000707,2025-08-19 07:02:11,206,United Kingdom,Fashion,Web,Credit Card,2,68.88,0.2,110.21,42.0,4.0,3.0,False
10000317,2025-08-19 10:14:54,410,Italy,Fashion,Web,PayPal,3,59.84,0.0,179.52,30.0,3.0,6.0,False
10000617,2025-08-19 15:30:08,48,India,Home & Garden,Web,Credit Card,1,139.71,0.1,125.74,54.0,4.0,3.0,False
10001511,2025-08-19 15:41:52,587,United States,Beauty,Mobile App,Credit Card,3,58.51,0.0,175.53,,4.0,6.0,False
10000767,2025-08-19 21:36:32,555,Germany,Electronics,Mobile App,PayPal,1,198.25,0.0,198.25,32.0,5.0,2.0,False
10001141,2025-08-20 03:52:40,366,United Kingdom,Fashion,Marketplace,Credit Card,3,38.27,0.0,114.81,33.0,3.0,2.0,False
10002974,2025-08-20 19:27:49,150,France,Electronics,Mobile App,Credit Card,3,188.5,0.1,508.95,40.0,,3.0,False
10003832,2025-08-20 22:58:46,86,Germany,Electronics,Mobile App,Credit Card,1,144.36,0.2,115.49,43.0,4.0,5.0,False
10000453,2025-08-20 23:57:03,374,Germany,Fashion,Web,Credit Card,6,61.2,0.0,367.2,18.0,2.0,6.0,False
10002638,2025-08-21 01:14:46,85,India,Home & Garden,Store,Credit Card,1,155.75,0.0,155.75,,5.0,2.0,False
10004488,2025-08-21 06:58:38,286,United States,Home & Garden,Web,Credit Card,3,180.08,0.05,513.23,46.0,5.0,4.0,False
10000861,2025-08-21 09:53:24,256,Canada,Fashion,Store,Gift Card,1,51.07,0.0,51.07,31.0,4.0,3.0,False
10001416,2025-08-21 23:16:41,540,India,Home & Garden,Mobile App,Credit Card,1,52.07,0.0,52.07,39.0,5.0,3.0,False
10003895,2025-08-22 01:36:28,551,United Kingdom,Toys,Mobile App,Credit Card,4,24.38,0.0,97.52,39.0,5.0,1.0,False
10003443,2025-08-22 03:21:48,593,Italy,Electronics,Store,Bank Transfer,2,144.41,0.0,288.82,37.0,4.0,8.0,False
10000065,2025-08-22 06:44:05,546,United States,Sports,Mobile App,PayPal,1,46.01,0.2,36.81,43.0,3.0,9.0,False
10001955,2025-08-22 16:51:05,316,Germany,Electronics,Mobile App,Credit Card,3,218.16,0.0,654.48,41.0,3.0,4.0,False
10002619,2025-08-22 17:06:52,161,Italy,Electronics,Web,Credit Card,3,227.27,0.0,681.81,41.0,4.0,1.0,False
10004292,2025-08-22 21:09:52,576,Japan,Electronics,Web,Credit Card,3,184.47,0.0,553.41,47.0,5.0,7.0,False
10001396,2025-08-22 21:39:39,603,Canada,Sports,Web,Gift Card,4,80.71,0.0,322.84,52.0,5.0,4.0,False
10004709,2025-08-22 22:03:10,431,United States,Electronics,Mobile App,Credit Card,1,381.39,0.0,381.39,18.0,5.0,6.0,False
10001330,2025-08-23 02:28:15,110,Brazil,Fashion,Web,Credit Card,4,115.72,0.0,462.88,43.0,4.0,9.0,False
10001866,2025-08-23 10:52:02,438,Canada,Fashion,Web,Credit Card,2,58.06,0.1,104.51,29.0,4.0,6.0,False
10003269,2025-08-23 16:04:45,64,France,Toys,Mobile App,PayPal,1,27.57,0.1,24.81,54.0,4.0,2.0,False
10002812,2025-08-24 05:58:53,163,Italy,Sports,Web,Credit Card,1,254.9,0.0,254.9,48.0,3.0,4.0,False
10000863,2025-08-24 06:31:11,40,India,Home & Garden,Web,Bank Transfer,4,64.8,0.0,259.2,51.0,5.0,1.0,False
10001899,2025-08-24 09:27:13,408,United States,Sports,Web,Credit Card,3,90.86,0.2,218.06,50.0,,4.0,False
10000490,2025-08-24 15:04:36,20,Italy,Electronics,Web,Gift Card,2,119.13,0.3,166.78,30.0,3.0,6.0,False
10003036,2025-08-24 17:09:35,307,Germany,Home & Garden,Mobile App,Credit Card,4,68.44,0.2,219.01,64.0,5.0,3.0,False
10004657,2025-08-24 17:59:04,617,Canada,Sports,Marketplace,PayPal,4,61.13,0.0,244.52,39.0,5.0,6.0,False
10004514,2025-08-24 21:06:01,75,Canada,Beauty,Store,Credit Card,2,36.11,0.05,68.61,19.0,3.0,3.0,False
10003096,2025-08-24 21:48:52,206,United Kingdom,Electronics,Marketplace,Credit Card,2,124.79,0.3,174.71,37.0,,2.0,False
10001030,2025-08-24 21:50:04,152,France,Beauty,Mobile App,Credit Card,1,49.79,0.0,49.79,55.0,3.0,5.0,False
10004392,2025-08-24 23:55:12,334,United States,Beauty,Store,Credit Card,3,22.21,0.05,63.3,54.0,5.0,3.0,False
10003339,2025-08-25 01:24:19,34,Canada,Fashion,Marketplace,Bank Transfer,3,40.96,0.0,122.88,43.0,4.0,3.0,False
10001348,2025-08-25 03:09:03,65,Canada,Electronics,Marketplace,Credit Card,2,166.5,0.05,316.35,64.0,4.0,5.0,False
10003139,2025-08-25 14:26:12,50,Germany,Sports,Web,Bank Transfer,3,64.68,0.0,194.04,42.0,3.0,7.0,False
10001044,2025-08-25 17:00:26,379,United States,Electronics,Marketplace,Bank Transfer,2,143.09,0.3,200.33,21.0,3.0,3.0,False
10004930,2025-08-25 23:09:42,560,United States,Home & Garden,Mobile App,PayPal,4,104.89,0.3,293.69,47.0,4.0,8.0,False
10000046,2025-08-26 07:07:51,527,United States,Beauty,Web,Bank Transfer,2,42.96,0.0,85.92,23.0,4.0,8.0,False
10000227,2025-08-26 08:51:51,502,India,Fashion,Mobile App,Credit Card,5,42.23,0.0,211.15,47.0,4.0,5.0,True
10002074,2025-08-26 15:39:49,183,Spain,Fashion,Web,Credit Card,2,23.98,0.0,47.96,51.0,3.0,9.0,False
10003216,2025-08-26 18:52:53,514,United Kingdom,Fashion,Mobile App,PayPal,2,79.16,0.3,110.82,35.0,4.0,7.0,False
10003274,2025-08-27 02:45:07,269,Germany,Beauty,Web,Credit Card,4,19.21,0.05,73.0,30.0,3.0,2.0,False
10003050,2025-08-27 10:27:59,13,United Kingdom,Toys,Marketplace,Bank Transfer,4,26.91,0.0,107.64,33.0,4.0,6.0,False
10003174,2025-08-27 13:09:05,617,Germany,Fashion,Web,Credit Card,2,28.02,0.3,39.23,24.0,4.0,8.0,False
10001594,2025-08-27 14:53:46,121,United States,Electronics,Marketplace,PayPal,1,340.17,0.0,340.17,50.0,4.0,5.0,False
10001939,2025-08-27 17:22:40,595,United States,Fashion,Mobile App,Gift Card,4,37.41,0.3,104.75,49.0,5.0,7.0,False
10004813,2025-08-27 20:43:30,99,United States,Home & Garden,Web,Credit Card,1,104.87,0.05,99.63,43.0,5.0,3.0,False
10001238,2025-08-28 08:11:43,192,United States,Home & Garden,Web,Bank Transfer,4,148.62,0.0,594.48,20.0,3.0,5.0,False
10003485,2025-08-28 14:32:55,113,France,Toys,Web,Credit Card,1,18.02,0.2,14.42,46.0,2.0,7.0,False
10002889,2025-08-28 23:12:42,139,United Kingdom,Sports,Mobile App,Credit Card,3,72.51,0.05,206.65,48.0,5.0,4.0,False
10003465,2025-08-29 02:09:29,21,United States,Fashion,Mobile App,Credit Card,5,60.49,0.2,241.96,66.0,4.0,3.0,False
10002038,2025-08-29 04:01:29,392,France,Home & Garden,Store,Credit Card,3,36.18,0.2,86.83,51.0,5.0,4.0,False
10000305,2025-08-29 04:50:47,153,United States,Home & Garden,Web,Bank Transfer,3,55.51,0.2,133.22,55.0,5.0,5.0,False
10002622,2025-08-29 06:34:49,508,Canada,Toys,Web,Gift Card,4,20.27,0.0,81.08,27.0,4.0,4.0,False
10004421,2025-08-29 06:49:39,491,United Kingdom,Electronics,Mobile App,Bank Transfer,4,424.16,0.0,1696.64,19.0,5.0,7.0,False
10004172,2025-08-29 09:49:30,161,Germany,Fashion,Marketplace,Bank Transfer,3,59.96,0.2,143.9,39.0,5.0,3.0,False
10003013,2025-08-29 12:27:25,559,United Kingdom,Fashion,Web,Credit Card,4,76.3,0.0,305.2,42.0,4.0,5.0,False
10001545,2025-08-29 17:22:22,325,United Kingdom,Home & Garden,Marketplace,PayPal,2,145.5,0.3,203.7,40.0,3.0,8.0,False
10004174,2025-08-29 20:18:09,369,United States,Fashion,Marketplace,Credit Card,4,67.82,0.05,257.72,26.0,5.0,4.0,False
10003395,2025-08-30 05:42:21,262,Canada,Home & Garden,Marketplace,PayPal,1,60.69,0.1,54.62,,4.0,5.0,False
10001257,2025-08-30 09:02:16,200,United Kingdom,Sports,Mobile App,PayPal,3,134.7,0.05,383.89,28.0,4.0,1.0,False
10003245,2025-08-30 13:09:00,156,France,Fashion,Web,Credit Card,4,40.82,0.1,146.95,30.0,4.0,5.0,False
10003007,2025-08-30 16:07:39,312,United Kingdom,Beauty,Web,Credit Card,3,43.11,0.2,103.46,59.0,3.0,5.0,False
10001346,2025-08-31 11:19:16,70,United States,Fashion,Marketplace,Credit Card,1,53.01,0.1,47.71,25.0,4.0,8.0,False
10004456,2025-08-31 14:34:21,59,France,Fashion,Web,PayPal,3,32.99,0.05,94.02,50.0,4.0,5.0,False
10002735,2025-08-31 16:44:54,444,United States,Beauty,Web,Credit Card,3,40.09,0.0,120.27,43.0,4.0,3.0,False
10004436,2025-09-01 02:44:23,289,Brazil,Electronics,Web,Credit Card,3,388.55,0.0,1165.65,48.0,4.0,7.0,False
10001405,2025-09-01 03:05:12,597,United States,Fashion,Web,Bank Transfer,3,55.84,0.0,167.52,46.0,4.0,8.0,False
10001894,2025-09-01 06:34:55,360,Germany,Home & Garden,Mobile App,PayPal,6,49.17,0.2,236.02,46.0,4.0,3.0,False
10002761,2025-09-01 09:04:02,292,United States,Fashion,Mobile App,Credit Card,2,43.5,0.0,87.0,31.0,3.0,4.0,False
10004107,2025-09-01 10:08:25,495,India,Fashion,Web,Bank Transfer,1,29.57,0.0,29.57,33.0,5.0,1.0,False
10003121,2025-09-01 17:26:44,592,United States,Electronics,Mobile App,PayPal,2,182.33,0.0,364.66,30.0,,3.0,False
10003254,2025-09-01 22:32:01,31,Canada,Toys,Marketplace,PayPal,1,42.8,0.1,38.52,46.0,5.0,4.0,False
10000612,2025-09-02 03:20:39,490,United Kingdom,Electronics,Web,Credit Card,2,411.21,0.0,822.42,57.0,3.0,3.0,False
10000636,2025-09-02 05:11:54,580,United Kingdom,Toys,Web,PayPal,1,31.88,0.2,25.5,36.0,4.0,3.0,False
10000469,2025-09-02 05:24:19,518,United States,Fashion,Web,Credit Card,2,65.15,0.0,130.3,34.0,,6.0,False
10002924,2025-09-02 07:04:19,614,Germany,Beauty,Marketplace,Credit Card,2,62.89,0.3,88.05,18.0,3.0,2.0,False
10001628,2025-09-02 07:15:33,210,Germany,Fashion,Mobile App,Credit Card,2,57.15,0.05,108.58,40.0,3.0,4.0,False
10003142,2025-09-02 07:40:30,92,India,Toys,Web,PayPal,5,23.88,0.2,95.52,21.0,3.0,3.0,False
10000655,2025-09-02 09:37:16,571,United States,Fashion,Store,PayPal,2,71.04,0.1,127.87,19.0,4.0,5.0,True
10000236,2025-09-02 15:17:49,517,germany,Sports,Web,Credit Card,2,79.11,0.1,142.4,35.0,3.0,3.0,False
10000381,2025-09-02 18:46:50,175,Japan,Beauty,Mobile App,Credit Card,4,23.64,0.0,94.56,43.0,4.0,4.0,False
10004668,2025-09-02 23:49:40,197,United States,Toys,Mobile App,Credit Card,1,41.54,0.0,41.54,30.0,5.0,4.0,False
10003100,2025-09-03 04:14:35,280,France,Sports,Web,Credit Card,2,47.78,0.0,95.56,39.0,5.0,7.0,False
10002715,2025-09-03 08:58:55,491,Spain,Home & Garden,Web,Credit Card,1,59.88,0.0,59.88,35.0,4.0,5.0,False
10001829,2025-09-03 11:24:41,99,India,Fashion,Web,PayPal,4,80.11,0.0,320.44,41.0,4.0,6.0,False
10004968,2025-09-04 02:27:23,9,United States,Toys,Web,Credit Card,3,11.25,0.2,27.0,58.0,3.0,4.0,False
10004180,2025-09-04 05:58:17,298,United States,Beauty,Web,Credit Card,2,69.47,0.1,125.05,41.0,2.0,4.0,False
10000812,2025-09-04 07:18:30,6,Spain,Home & Garden,Mobile App,PayPal,1,75.59,0.0,75.59,34.0,3.0,7.0,False
10001326,2025-09-04 09:18:07,139,Canada,Electronics,Mobile App,PayPal,3,426.94,0.0,1280.82,27.0,5.0,3.0,False
10002455,2025-09-04 14:12:31,299,canada,Fashion,Marketplace,Credit Card,3,132.39,0.0,397.17,43.0,5.0,2.0,False
10001622,2025-09-04 16:22:20,245,Brazil,Beauty,Store,Credit Card,2,28.23,0.05,53.64,54.0,4.0,5.0,False
10001744,2025-09-04 17:23:38,371,Spain,Beauty,Mobile App,Credit Card,1,27.22,0.0,27.22,55.0,4.0,7.0,False
10004765,2025-09-04 17:24:07,587,Germany,Fashion,Web,Credit Card,2,30.83,0.0,61.66,27.0,3.0,5.0,False
10001962,2025-09-04 20:50:05,390,United Kingdom,Electronics,Web,Bank Transfer,3,300.78,0.0,902.34,55.0,4.0,4.0,False
10003955,2025-09-04 20:59:01,163,United Kingdom,Electronics,Store,PayPal,6,510.29,0.0,3061.74,37.0,3.0,7.0,False
10002520,2025-09-04 21:31:52,380,United Kingdom,Beauty,Mobile App,Credit Card,2,25.71,0.0,51.42,25.0,5.0,7.0,False
10004953,2025-09-04 21:47:08,307,Japan,Home & Garden,Mobile App,Credit Card,4,50.51,0.0,202.04,56.0,4.0,4.0,False
10001953,2025-09-04 21:53:59,404,Spain,Electronics,Mobile App,Credit Card,1,162.47,0.0,162.47,47.0,5.0,5.0,False
10002403,2025-09-05 00:53:17,578,United States,Sports,Web,Credit Card,4,92.45,0.0,369.8,42.0,5.0,5.0,False
10001880,2025-09-05 01:59:24,534,Canada,Sports,Marketplace,Bank Transfer,4,76.68,0.05,291.38,63.0,5.0,4.0,False
10004770,2025-09-05 03:02:41,366,Spain,Toys,Web,Credit Card,3,21.5,0.0,64.5,28.0,4.0,5.0,False
10003694,2025-09-05 04:15:03,418,Japan,Electronics,Web,PayPal,1,191.58,0.0,191.58,56.0,5.0,4.0,False
10002148,2025-09-05 08:14:17,138,United States,Fashion,Mobile App,PayPal,4,64.35,0.05,244.53,24.0,3.0,5.0,False
10001891,2025-09-05 10:17:24,134,Japan,Electronics,Web,Gift Card,3,204.05,0.1,550.94,38.0,4.0,5.0,False
10002077,2025-09-05 16:28:42,286,United States,Toys,Web,Bank Transfer,5,20.38,0.0,101.9,43.0,5.0,6.0,False
10000012,2025-09-05 16:56:01,242,Germany,Fashion,Web,Credit Card,2,28.14,0.05,53.47,48.0,,5.0,False
10001193,2025-09-05 19:52:05,90,Canada,Electronics,Marketplace,Credit Card,2,112.81,0.0,225.62,53.0,4.0,5.0,False
10004646,2025-09-05 21:00:17,384,Canada,Electronics,Store,PayPal,1,381.72,0.0,381.72,32.0,4.0,4.0,False
10002514,2025-09-06 02:57:44,588,United Kingdom,Sports,Web,Credit Card,4,99.0,0.0,396.0,39.0,5.0,6.0,False
10002765,2025-09-06 07:03:15,252,United Kingdom,Fashion,Web,PayPal,1,80.09,0.2,64.07,,,6.0,False
10004800,2025-09-06 13:12:37,465,United States,Fashion,Mobile App,PayPal,4,41.7,0.05,158.46,43.0,3.0,4.0,False
10002428,2025-09-06 14:32:33,469,Brazil,Electronics,Marketplace,Credit Card,3,389.16,0.3,817.24,30.0,4.0,2.0,False
10000557,2025-09-06 15:53:25,173,Brazil,Beauty,Mobile App,Credit Card,1,25.31,0.0,25.31,58.0,5.0,5.0,False
10003525,2025-09-06 17:16:11,350,Canada,Fashion,Web,PayPal,3,45.88,0.05,130.76,40.0,5.0,3.0,False
10004033,2025-09-06 19:10:50,227,United States,Fashion,Mobile App,PayPal,6,83.98,0.0,503.88,32.0,2.0,4.0,False
10000246,2025-09-06 19:24:42,496,Canada,Electronics,Mobile App,Credit Card,3,236.38,0.0,709.14,38.0,,5.0,False
10002339,2025-09-06 21:04:51,80,India,Beauty,Web,Bank Transfer,2,16.53,0.0,33.06,34.0,4.0,6.0,False
10002564,2025-09-07 01:52:44,264,Germany,Fashion,Web,Credit Card,5,96.09,0.0,480.45,29.0,2.0,2.0,False
10004454,2025-09-07 14:50:53,367,France,Sports,Mobile App,PayPal,3,45.84,0.1,123.77,36.0,4.0,8.0,False
10000844,2025-09-07 18:12:50,437,United States,Toys,Web,PayPal,1,17.84,0.0,17.84,37.0,4.0,3.0,False
10001495,2025-09-08 00:44:13,484,United Kingdom,Beauty,Mobile App,PayPal,4,37.23,0.1,134.03,22.0,5.0,3.0,False
10000695,2025-09-08 02:42:41,206,Canada,Electronics,Mobile App,PayPal,5,363.09,0.05,1724.68,41.0,4.0,3.0,False
10002329,2025-09-08 04:35:11,577,Canada,Electronics,Web,PayPal,4,235.56,0.1,848.02,18.0,2.0,9.0,True
10003779,2025-09-08 04:42:45,521,Germany,Electronics,Web,Credit Card,2,155.56,0.0,311.12,35.0,3.0,2.0,False
10004746,2025-09-08 10:01:24,381,United States,Home & Garden,Web,Credit Card,4,68.66,0.05,260.91,49.0,3.0,6.0,True
10002769,2025-09-08 10:50:08,404,India,Sports,Web,Credit Card,3,144.71,0.3,303.89,31.0,3.0,3.0,False
10003301,2025-09-08 12:54:20,314,Germany,Toys,Web,Credit Card,2,25.5,0.1,45.9,50.0,,2.0,False
10004425,2025-09-08 19:11:20,220,France,Sports,Store,Credit Card,4,93.19,0.05,354.12,18.0,3.0,6.0,False
10002753,2025-09-08 20:01:28,58,United Kingdom,Toys,Web,Credit Card,3,33.11,0.1,89.4,45.0,4.0,6.0,False
10004524,2025-09-08 20:14:03,34,Canada,Beauty,Mobile App,Credit Card,4,47.19,0.0,188.76,30.0,3.0,3.0,True
10004408,2025-09-09 09:02:18,8,Italy,Electronics,Mobile App,PayPal,5,207.12,0.0,1035.6,,5.0,5.0,True
10000967,2025-09-09 09:48:19,523,United States,Sports,Mobile App,Credit Card,2,51.51,0.2,82.42,48.0,3.0,7.0,False
10001043,2025-09-09 11:19:49,257,France,Beauty,Web,Credit Card,2,75.35,0.05,143.16,,4.0,6.0,False
10000830,2025-09-09 11:40:31,529,Germany,Electronics,Web,Credit Card,3,164.34,0.2,394.42,32.0,5.0,6.0,True
10001355,2025-09-09 11:46:27,201,Canada,Electronics,Web,Credit Card,1,286.77,0.0,286.77,30.0,4.0,6.0,False
10003312,2025-09-09 17:43:43,206,India,Fashion,Web,PayPal,2,89.5,0.0,179.0,42.0,4.0,5.0,False
10004711,2025-09-09 19:59:11,487,Brazil,Toys,Marketplace,Gift Card,4,25.86,0.0,103.44,,5.0,7.0,False
10004951,2025-09-09 20:29:00,139,Brazil,Home & Garden,Mobile App,Credit Card,2,61.69,0.05,117.21,54.0,4.0,5.0,False
10001879,2025-09-09 23:24:13,220,Canada,Sports,Store,Credit Card,4,40.28,0.0,161.12,52.0,3.0,5.0,False
10004433,2025-09-10 05:34:45,159,United States,Home & Garden,Web,Credit Card,3,65.87,0.0,197.61,57.0,4.0,2.0,False
10001985,2025-09-10 08:00:41,348,Germany,Electronics,Web,Bank Transfer,2,413.45,0.0,826.9,31.0,3.0,5.0,False
10001460,2025-09-10 08:11:34,61,Japan,Fashion,Web,Credit Card,3,38.1,0.1,102.87,80.0,,5.0,False
10003771,2025-09-10 18:49:54,301,Brazil,Electronics,Store,Bank Transfer,5,192.88,0.0,964.4,18.0,4.0,2.0,False
10001940,2025-09-10 20:40:50,412,Germany,Sports,Web,Credit Card,2,42.34,0.0,84.68,26.0,3.0,4.0,False
10003322,2025-09-10 23:41:11,83,United Kingdom,Fashion,Mobile App,PayPal,2,69.32,0.0,138.64,32.0,4.0,4.0,False
10000682,2025-09-11 15:53:06,461,United States,Electronics,Web,Credit Card,5,182.97,0.2,731.88,47.0,3.0,7.0,False
10004169,2025-09-11 19:44:21,167,United States,Home & Garden,Web,Credit Card,3,67.21,0.0,201.63,34.0,5.0,5.0,False
10000240,2025-09-11 23:21:18,624,Germany,Home & Garden,Web,PayPal,2,49.17,0.0,98.34,51.0,5.0,6.0,False
10000137,2025-09-12 00:38:27,170,Italy,Electronics,Store,Bank Transfer,2,331.95,0.05,630.7,22.0,,6.0,False
10004064,2025-09-12 09:45:14,449,Canada,Home & Garden,Marketplace,Credit Card,2,81.82,0.05,155.46,18.0,,2.0,False
10003358,2025-09-12 15:31:16,189,United Kingdom,Fashion,Marketplace,PayPal,1,149.96,0.0,149.96,29.0,4.0,5.0,False
10002660,2025-09-12 16:35:14,233,United States,Electronics,Mobile App,Gift Card,2,310.98,0.05,590.86,41.0,4.0,3.0,False
10000402,2025-09-12 17:31:31,249,Italy,Beauty,Marketplace,Credit Card,3,15.94,0.05,45.43,75.0,3.0,9.0,False
10004557,2025-09-12 18:23:42,152,United States,Fashion,Web,PayPal,2,68.94,0.3,96.52,38.0,4.0,3.0,False
10003690,2025-09-12 21:34:45,415,Italy,Sports,Web,Credit Card,1,172.54,0.0,172.54,26.0,4.0,3.0,False
10004388,2025-09-12 23:29:38,558,Italy,Electronics,Store,Credit Card,3,193.03,0.1,521.18,41.0,4.0,3.0,False
10004198,2025-09-12 23:36:13,510,United States,Home & Garden,Web,Credit Card,2,24.81,0.0,49.62,46.0,4.0,6.0,False
10000991,2025-09-13 02:53:23,352,United States,Home & Garden,Mobile App,Credit Card,4,113.2,0.1,407.52,27.0,3.0,5.0,False
10000749,2025-09-13 04:54:46,321,India,Electronics,Marketplace,Credit Card,2,385.03,0.0,770.06,53.0,5.0,4.0,False
10002908,2025-09-13 14:38:34,190,Spain,Fashion,Store,PayPal,6,52.6,0.05,299.82,37.0,4.0,6.0,False
10000110,2025-09-14 01:01:53,418,Brazil,Home & Garden,Web,Credit Card,2,105.56,0.05,200.56,35.0,5.0,4.0,False
10001865,2025-09-14 01:56:23,608,Spain,Fashion,Mobile App,Bank Transfer,3,62.41,0.3,131.06,58.0,,7.0,False
10002383,2025-09-14 02:27:21,66,Germany,Electronics,Store,Bank Transfer,1,343.25,0.0,343.25,56.0,4.0,3.0,False
10002060,2025-09-14 04:45:45,452,United Kingdom,Home & Garden,Web,PayPal,2,97.12,0.05,184.53,44.0,3.0,6.0,False
10002204,2025-09-14 06:56:02,238,Brazil,Toys,Web,Credit Card,5,34.37,0.3,120.29,39.0,3.0,7.0,False
10004964,2025-09-14 07:49:13,287,Germany,Home & Garden,Web,PayPal,3,117.52,0.1,317.3,45.0,5.0,8.0,False
10004026,2025-09-14 08:37:19,323,Italy,Home & Garden,Web,Credit Card,6,126.08,0.0,756.48,48.0,3.0,5.0,False
10002447,2025-09-14 14:04:25,191,France,Fashion,Mobile App,Credit Card,3,46.11,0.2,110.66,,5.0,6.0,False
10000726,2025-09-14 19:55:27,53,United States,Fashion,Marketplace,Credit Card,2,110.98,0.3,155.37,46.0,3.0,3.0,False
10004277,2025-09-14 20:06:09,350,Spain,Beauty,Web,Bank Transfer,5,70.01,0.0,350.05,42.0,4.0,5.0,False
10000990,2025-09-14 20:21:48,45,Germany,Home & Garden,Mobile App,Credit Card,2,108.22,0.0,216.44,,5.0,6.0,False
10000632,2025-09-14 23:12:54,4,Brazil,Electronics,Mobile App,Credit Card,1,368.12,0.2,294.5,48.0,3.0,2.0,False
10001969,2025-09-15 04:13:10,264,France,Beauty,Mobile App,PayPal,5,54.98,0.0,274.9,21.0,5.0,4.0,False
10004744,2025-09-15 05:14:39,557,United States,Fashion,Mobile App,Credit Card,2,73.56,0.1,132.41,,4.0,5.0,False
10000623,2025-09-15 07:17:18,417,France,Fashion,Store,Gift Card,2,56.23,0.0,112.46,36.0,3.0,4.0,True
10004890,2025-09-16 01:03:14,383,Japan,Toys,Mobile App,PayPal,2,57.65,0.0,115.3,46.0,4.0,1.0,True
10002870,2025-09-16 04:30:07,606,Spain,Electronics,Web,Credit Card,3,163.32,0.2,391.97,38.0,4.0,5.0,False
10001164,2025-09-16 09:48:05,9,France,Fashion,Mobile App,Credit Card,5,50.67,0.0,253.35,50.0,5.0,3.0,False
10004307,2025-09-16 15:51:35,315,India,Electronics,Web,Credit Card,3,180.97,0.0,542.91,38.0,4.0,3.0,False
10003054,2025-09-17 02:15:54,224,Germany,Electronics,Mobile App,Credit Card,7,421.51,0.0,2950.57,42.0,3.0,4.0,False
10002168,2025-09-17 06:05:10,180,United States,Electronics,Web,Bank Transfer,1,145.74,0.05,138.45,39.0,4.0,7.0,False
10001573,2025-09-17 21:06:24,385,United States,Electronics,Store,Credit Card,1,236.25,0.05,224.44,51.0,5.0,2.0,False
10004341,2025-09-18 05:46:40,362,United Kingdom,Beauty,Web,Bank Transfer,4,29.86,0.05,113.47,34.0,4.0,5.0,False
10001247,2025-09-18 06:01:23,284,Canada,Electronics,Web,Credit Card,1,253.45,0.0,253.45,61.0,4.0,4.0,False
10000288,2025-09-18 08:25:53,474,United States,Fashion,Web,Bank Transfer,1,189.98,0.0,189.98,53.0,5.0,1.0,False
10003920,2025-09-18 08:58:35,118,United States,Fashion,Marketplace,PayPal,2,53.38,0.1,96.08,29.0,5.0,5.0,True
10000127,2025-09-18 17:30:03,595,Japan,Fashion,Mobile App,PayPal,2,42.65,0.0,85.3,44.0,3.0,4.0,False
10001242,2025-09-18 23:45:43,554,United States,Electronics,Web,PayPal,2,564.27,0.0,1128.54,44.0,2.0,5.0,False
10000371,2025-09-19 02:22:04,538,United States,Sports,Mobile App,PayPal,1,72.82,0.2,58.26,58.0,5.0,6.0,False
10000067,2025-09-19 06:07:37,580,United States,Fashion,Mobile App,Gift Card,2,53.74,0.1,96.73,57.0,5.0,5.0,False
10002529,2025-09-19 08:33:03,167,Germany,Electronics,Marketplace,Credit Card,2,200.19,0.0,400.38,36.0,4.0,2.0,False
10000884,2025-09-19 10:30:19,622,United States,Electronics,Store,Credit Card,3,208.98,0.05,595.59,28.0,3.0,4.0,False
10001671,2025-09-19 16:17:19,558,India,Toys,Mobile App,PayPal,3,38.31,0.2,91.94,36.0,,4.0,False
10001466,2025-09-19 18:42:08,285,United States,Beauty,Store,PayPal,6,55.84,0.0,335.04,57.0,,7.0,False
10003430,2025-09-19 23:42:43,445,United Kingdom,Home & Garden,Store,Credit Card,4,152.7,0.05,580.26,34.0,4.0,4.0,False
10003972,2025-09-20 00:16:14,249,United States,Sports,Store,Credit Card,3,117.23,0.1,316.52,53.0,4.0,3.0,False
10003953,2025-09-20 07:56:06,257,France,Beauty,Web,Credit Card,1,39.47,0.0,39.47,22.0,,4.0,False
10000729,2025-09-20 11:04:46,145,United States,Home & Garden,Mobile App,PayPal,1,64.7,0.0,64.7,27.0,5.0,7.0,False
10002610,2025-09-20 11:13:00,533,Italy,Electronics,Mobile App,Bank Transfer,1,207.15,0.1,186.44,40.0,3.0,4.0,False
10002677,2025-09-20 15:38:42,373,Brazil,Electronics,Mobile App,PayPal,4,214.31,0.05,814.38,41.0,3.0,5.0,False
10004053,2025-09-20 20:08:53,403,France,Electronics,Web,Bank Transfer,3,313.77,0.05,894.24,19.0,4.0,6.0,False
10001189,2025-09-20 23:17:23,102,France,Home & Garden,Store,PayPal,1,58.13,0.2,46.5,43.0,4.0,5.0,True
10001868,2025-09-21 12:06:35,13,United Kingdom,Fashion,Web,Credit Card,3,70.72,0.0,212.16,51.0,4.0,1.0,False
10003202,2025-09-22 00:33:15,300,India,Electronics,Web,Gift Card,4,306.06,0.3,856.97,31.0,4.0,4.0,False
10004562,2025-09-22 03:50:05,79,Spain,Fashion,Mobile App,Gift Card,3,74.78,0.1,201.91,26.0,5.0,4.0,False
10004823,2025-09-22 10:10:29,371,India,Sports,Mobile App,Credit Card,3,73.93,0.1,199.61,22.0,4.0,5.0,False
10001312,2025-09-22 11:55:43,474,Brazil,Beauty,Web,Gift Card,3,35.61,0.1,96.15,41.0,3.0,5.0,False
10001091,2025-09-22 12:48:03,520,United States,Sports,Web,PayPal,3,24.35,0.2,58.44,40.0,4.0,5.0,False
10004510,2025-09-22 12:49:42,76,Brazil,Electronics,Store,Credit Card,1,212.38,0.05,201.76,35.0,3.0,5.0,False
10004589,2025-09-22 12:59:48,442,Canada,Electronics,Web,PayPal,2,261.13,0.0,522.26,47.0,5.0,3.0,False
10000159,2025-09-22 13:12:17,508,Italy,Beauty,Web,Credit Card,2,17.85,0.3,24.99,44.0,4.0,7.0,False
10002650,2025-09-22 13:38:13,460,Italy,Beauty,Web,Bank Transfer,3,20.71,0.0,62.13,40.0,4.0,5.0,False
10000849,2025-09-22 14:20:23,547,Germany,Electronics,Marketplace,Credit Card,2,297.01,0.1,534.62,29.0,4.0,7.0,False
10000769,2025-09-22 19:23:00,139,Germany,Toys,Store,PayPal,3,42.63,0.1,115.1,35.0,4.0,5.0,False
10003220,2025-09-22 22:38:56,368,India,Electronics,Store,Gift Card,3,288.71,0.2,692.9,26.0,,4.0,False
10004975,2025-09-23 03:26:26,236,United States,Toys,Web,Gift Card,2,21.76,0.0,43.52,42.0,4.0,6.0,False
10002891,2025-09-23 04:59:45,447,Canada,Fashion,Marketplace,Credit Card,2,24.43,0.0,48.86,21.0,3.0,8.0,False
10000892,2025-09-23 05:01:32,390,United States,Sports,Web,Credit Card,3,109.81,0.05,312.96,81.0,5.0,7.0,False
10004440,2025-09-23 05:29:11,335,Germany,Home & Garden,Mobile App,Credit Card,3,64.78,0.0,194.34,,4.0,4.0,False
10002737,2025-09-23 07:32:29,542,Canada,Toys,Web,Credit Card,1,46.85,0.0,46.85,56.0,3.0,3.0,False
10003344,2025-09-23 09:23:42,233,Italy,Fashion,Web,Credit Card,4,24.4,0.0,97.6,40.0,2.0,8.0,False
10004059,2025-09-24 05:06:14,174,United States,Electronics,Store,PayPal,1,522.25,0.2,417.8,27.0,5.0,5.0,False
10000220,2025-09-24 05:48:43,399,Canada,Home & Garden,Store,Credit Card,2,74.77,0.05,142.06,30.0,,4.0,False
10004865,2025-09-24 06:03:09,619,Canada,Electronics,Mobile App,Credit Card,5,345.05,0.1,1552.72,46.0,3.0,5.0,False
10000654,2025-09-24 09:04:25,543,Japan,Fashion,Web,Credit Card,1,62.76,0.0,62.76,40.0,4.0,8.0,False
10001747,2025-09-24 19:31:05,109,United Kingdom,Home & Garden,Marketplace,Credit Card,2,69.04,0.0,138.08,30.0,4.0,4.0,False
10004111,2025-09-24 20:27:07,56,Brazil,Electronics,Store,PayPal,1,203.28,0.0,203.28,41.0,4.0,9.0,False
10001615,2025-09-24 22:56:53,544,Germany,Home & Garden,Web,Credit Card,2,98.71,0.05,187.55,33.0,5.0,4.0,False
10002766,2025-09-25 01:40:01,414,Italy,Beauty,Mobile App,Credit Card,2,27.32,0.05,51.91,31.0,,9.0,False
10001078,2025-09-25 01:53:58,585,United Kingdom,Toys,Web,PayPal,2,12.36,0.0,24.72,48.0,4.0,2.0,False
10000512,2025-09-25 05:12:24,354,United States,Fashion,Store,Credit Card,5,34.57,0.0,172.85,27.0,5.0,3.0,True
10004767,2025-09-25 06:01:05,210,Canada,Toys,Store,Credit Card,1,34.98,0.2,27.98,47.0,5.0,3.0,False
10001092,2025-09-25 10:14:58,75,United States,Fashion,Marketplace,Credit Card,2,49.04,0.1,88.27,18.0,4.0,11.0,False
10001665,2025-09-25 10:22:34,318,Spain,Toys,Web,Credit Card,1,35.63,0.0,35.63,37.0,4.0,4.0,False
10000109,2025-09-25 12:28:37,8,Italy,Electronics,Marketplace,PayPal,4,292.59,0.0,1170.36,50.0,3.0,6.0,False
10000088,2025-09-25 13:17:44,336,Spain,Toys,Marketplace,Credit Card,4,32.11,0.0,128.44,38.0,2.0,3.0,False
10004210,2025-09-25 23:34:06,98,India,Sports,Web,Credit Card,4,20.57,0.3,57.6,33.0,4.0,4.0,False
10001334,2025-09-26 03:49:27,65,India,Electronics,Marketplace,Credit Card,3,239.78,0.0,719.34,33.0,4.0,5.0,False
10004725,2025-09-26 05:00:09,229,Spain,Beauty,Store,Gift Card,2,22.5,0.0,45.0,33.0,4.0,4.0,False
10004358,2025-09-26 08:48:29,99,Italy,Beauty,Web,Credit Card,3,34.15,0.0,102.45,52.0,5.0,9.0,False
10001635,2025-09-26 15:40:28,335,Germany,Home & Garden,Mobile App,Gift Card,2,113.84,0.0,227.68,18.0,5.0,5.0,False
10002378,2025-09-26 17:07:20,124,Italy,Home & Garden,Marketplace,Bank Transfer,2,141.79,0.1,255.22,41.0,4.0,2.0,False
10004712,2025-09-26 17:40:58,278,Canada,Sports,Web,Bank Transfer,1,90.34,0.0,90.34,43.0,,6.0,False
10004614,2025-09-26 22:29:02,115,India,Beauty,Mobile App,Credit Card,2,28.59,0.2,45.74,46.0,4.0,4.0,False
10001592,2025-09-27 07:09:22,333,Spain,Electronics,Web,Credit Card,3,170.03,0.0,510.09,62.0,4.0,8.0,False
10001582,2025-09-27 07:19:45,438,United States,Electronics,Mobile App,Bank Transfer,2,126.68,0.0,253.36,51.0,4.0,5.0,False
10001489,2025-09-27 07:44:03,54,Japan,Electronics,Web,PayPal,3,237.8,0.0,713.4,43.0,5.0,10.0,False
10002552,2025-09-27 09:43:14,205,Japan,Fashion,Store,Credit Card,1,55.97,0.2,44.78,62.0,4.0,6.0,False
10001106,2025-09-27 10:34:33,543,United Kingdom,Home & Garden,Marketplace,PayPal,2,62.07,0.0,124.14,63.0,5.0,8.0,False
10002386,2025-09-27 11:56:36,155,Spain,Electronics,Web,Credit Card,3,222.62,0.0,667.86,56.0,2.0,4.0,False
10002202,2025-09-27 20:16:01,10,France,Fashion,Mobile App,Credit Card,1,71.9,0.05,68.31,43.0,5.0,5.0,False
10004403,2025-09-27 21:19:27,516,United Kingdom,Electronics,Web,PayPal,1,93.9,0.0,93.9,37.0,4.0,5.0,False
10001907,2025-09-28 01:18:14,18,United States,Fashion,Mobile App,Gift Card,2,86.57,0.0,173.14,37.0,1.0,6.0,True
10000593,2025-09-28 03:43:21,79,Canada,Fashion,Web,PayPal,4,46.99,0.0,187.96,51.0,5.0,4.0,False
10004764,2025-09-28 04:12:27,227,Italy,Electronics,Web,Credit Card,1,250.12,0.0,250.12,19.0,4.0,6.0,False
10003052,2025-09-28 05:13:50,158,United Kingdom,Sports,Mobile App,PayPal,4,93.02,0.0,372.08,,,5.0,False
10002661,2025-09-28 09:48:27,484,Japan,Beauty,Mobile App,PayPal,4,30.31,0.0,121.24,33.0,,4.0,False
10000081,2025-09-28 10:31:13,624,United States,Electronics,Web,Bank Transfer,3,163.22,0.0,489.66,21.0,4.0,6.0,False
10003048,2025-09-28 11:08:54,22,Germany,Fashion,Store,PayPal,2,83.65,0.0,167.3,35.0,5.0,3.0,False
10000781,2025-09-28 20:54:45,352,India,Sports,Marketplace,PayPal,2,87.92,0.0,175.84,36.0,5.0,5.0,False
10002710,2025-09-29 03:34:11,106,India,Fashion,Mobile App,Gift Card,2,79.58,0.0,159.16,28.0,,8.0,False
10000325,2025-09-29 04:14:48,493,United States,Sports,Web,PayPal,2,65.21,0.0,130.42,22.0,3.0,5.0,False
10001475,2025-09-29 06:07:19,460,Germany,Fashion,Mobile App,Credit Card,1,73.71,0.0,73.71,32.0,4.0,3.0,False
10003710,2025-09-29 07:05:23,123,United States,Home & Garden,Marketplace,Credit Card,3,53.13,0.2,127.51,,4.0,4.0,False
10004779,2025-09-29 07:43:24,177,United Kingdom,Beauty,Web,PayPal,5,23.24,0.0,116.2,33.0,,3.0,False
10003586,2025-09-29 08:19:38,16,United States,Beauty,Mobile App,Credit Card,1,15.85,0.1,14.26,53.0,4.0,5.0,False
10000928,2025-09-29 09:02:55,515,Germany,Electronics,Mobile App,Credit Card,2,103.39,0.0,206.78,54.0,5.0,2.0,False
10000401,2025-09-29 10:54:44,386,France,Toys,Web,Credit Card,5,15.45,0.0,77.25,34.0,,7.0,True
10004839,2025-09-29 13:51:47,304,germany,Fashion,Mobile App,PayPal,1,28.73,0.1,25.86,24.0,5.0,3.0,False
10002779,2025-09-29 15:21:26,506,Brazil,Beauty,Web,Gift Card,3,31.29,0.05,89.18,28.0,,2.0,False
10003762,2025-09-29 21:43:29,413,Canada,Home & Garden,Mobile App,Credit Card,2,31.22,0.1,56.2,42.0,4.0,7.0,False
10000052,2025-09-29 23:47:20,525,India,Fashion,Mobile App,Gift Card,3,38.53,0.1,104.03,68.0,4.0,6.0,False
10000385,2025-09-30 01:10:43,36,United Kingdom,Sports,Web,Credit Card,4,57.53,0.0,230.12,52.0,4.0,2.0,False
10004199,2025-09-30 02:57:12,3,France,Electronics,Marketplace,Credit Card,2,125.32,0.2,200.51,,3.0,7.0,False
10000760,2025-09-30 04:01:27,483,Germany,Fashion,Mobile App,Credit Card,3,34.95,0.1,94.36,39.0,4.0,2.0,False
10004316,2025-09-30 06:57:19,427,Spain,Electronics,Web,Bank Transfer,1,315.07,0.0,315.07,34.0,5.0,5.0,False
10002865,2025-09-30 07:46:18,592,United States,Electronics,Mobile App,Credit Card,2,284.93,0.2,455.89,23.0,4.0,2.0,False
10002846,2025-09-30 09:26:25,620,Canada,Fashion,Marketplace,Credit Card,1,44.86,0.2,35.89,,4.0,5.0,False
10001544,2025-09-30 10:53:00,347,Japan,Home & Garden,Mobile App,PayPal,5,138.92,0.1,625.14,33.0,3.0,6.0,False
10001679,2025-09-30 18:41:39,33,United Kingdom,Beauty,Web,Bank Transfer,3,14.07,0.0,42.21,43.0,3.0,6.0,False
10000508,2025-09-30 19:11:49,394,India,Home & Garden,Mobile App,Credit Card,2,63.32,0.0,126.64,28.0,3.0,5.0,False
10004338,2025-10-01 03:50:26,267,Germany,Toys,Web,Credit Card,2,22.58,0.0,45.16,41.0,5.0,5.0,False
10000903,2025-10-01 08:34:38,283,Canada,Home & Garden,Web,Credit Card,2,127.43,0.0,254.86,38.0,4.0,4.0,False
10004294,2025-10-01 10:58:25,361,United Kingdom,Electronics,Mobile App,Credit Card,3,225.6,0.0,676.8,71.0,4.0,4.0,False
10001458,2025-10-01 14:20:29,374,United States,Electronics,Mobile App,Credit Card,2,450.43,0.0,900.86,50.0,4.0,5.0,False
10004187,2025-10-01 17:55:04,204,United States,Fashion,Web,PayPal,2,47.2,0.0,94.4,27.0,3.0,4.0,False
10000498,2025-10-01 21:46:07,383,Brazil,Fashion,Mobile App,Credit Card,1,95.44,0.0,95.44,64.0,5.0,4.0,False
10001768,2025-10-01 23:20:53,198,Canada,Fashion,Marketplace,Credit Card,3,43.55,0.0,130.65,33.0,4.0,4.0,False
10001490,2025-10-02 02:19:44,533,Germany,Beauty,Web,Credit Card,3,30.23,0.3,63.48,30.0,3.0,4.0,False
10004006,2025-10-02 03:44:04,232,India,Fashion,Web,Credit Card,2,62.62,0.0,125.24,44.0,5.0,7.0,False
10003040,2025-10-02 09:41:58,414,Italy,Electronics,Marketplace,Credit Card,2,218.65,0.0,437.3,47.0,4.0,5.0,False
10001914,2025-10-02 11:27:26,160,Brazil,Sports,Store,Credit Card,2,57.38,0.05,109.02,47.0,4.0,5.0,False
10000463,2025-10-02 13:00:18,474,Germany,Beauty,Mobile App,Credit Card,5,47.48,0.1,213.66,40.0,,5.0,False
10001988,2025-10-02 14:08:13,490,United States,Fashion,Web,Credit Card,1,24.52,0.0,24.52,56.0,4.0,5.0,False
10001022,2025-10-02 23:46:36,336,United States,Beauty,Marketplace,Credit Card,4,17.14,0.2,54.85,30.0,3.0,5.0,False
10003590,2025-10-03 02:11:02,256,Canada,Toys,Mobile App,Credit Card,3,21.88,0.05,62.36,49.0,4.0,4.0,False
10000443,2025-10-03 04:58:49,400,Italy,Fashion,Web,Credit Card,1,28.49,0.05,27.07,43.0,4.0,7.0,False
10002969,2025-10-03 05:59:34,495,Germany,Fashion,Mobile App,Credit Card,1,94.95,0.05,90.2,41.0,,5.0,False
10003599,2025-10-03 07:47:14,363,Japan,Home & Garden,Mobile App,Credit Card,3,45.21,0.0,135.63,48.0,4.0,5.0,False
10004357,2025-10-03 07:54:24,371,United States,Toys,Mobile App,PayPal,3,24.8,0.2,59.52,34.0,4.0,6.0,False
10001767,2025-10-03 15:26:18,12,Canada,Beauty,Mobile App,Credit Card,1,53.88,0.2,43.1,22.0,,5.0,False
10000983,2025-10-04 01:17:27,598,United States,Fashion,Mobile App,Bank Transfer,1,51.35,0.0,51.35,62.0,5.0,7.0,False
10003370,2025-10-04 02:02:57,329,France,Home & Garden,Web,Credit Card,3,123.27,0.0,369.81,33.0,3.0,3.0,False
10001045,2025-10-04 03:58:55,600,Canada,Home & Garden,Mobile App,Credit Card,3,79.28,0.0,237.84,54.0,3.0,5.0,False
10001145,2025-10-04 07:31:25,190,France,Toys,Marketplace,Bank Transfer,2,28.74,0.3,40.24,25.0,5.0,2.0,False
10000450,2025-10-04 11:31:40,308,United Kingdom,Toys,Mobile App,PayPal,2,22.12,0.05,42.03,35.0,5.0,5.0,False
10001327,2025-10-04 11:45:20,523,United Kingdom,Electronics,Mobile App,PayPal,3,170.62,0.05,486.27,37.0,4.0,5.0,False
10003616,2025-10-04 11:53:39,222,United States,Home & Garden,Web,PayPal,3,141.06,0.0,423.18,18.0,5.0,2.0,False
10002480,2025-10-04 14:41:00,41,Canada,Sports,Marketplace,PayPal,4,114.71,0.0,458.84,26.0,4.0,2.0,False
10003605,2025-10-04 22:57:11,54,India,Electronics,Marketplace,Credit Card,2,477.63,0.05,907.5,37.0,4.0,5.0,False
10000989,2025-10-04 23:21:50,425,Italy,Beauty,Marketplace,Gift Card,3,46.41,0.1,125.31,31.0,4.0,2.0,False
10000786,2025-10-05 08:52:12,406,France,Electronics,Marketplace,PayPal,3,316.79,0.05,902.85,28.0,4.0,7.0,False
10001058,2025-10-05 09:03:12,330,France,Electronics,Web,PayPal,2,254.59,0.0,509.18,39.0,5.0,6.0,False
10002892,2025-10-05 12:51:14,437,Italy ,Electronics,Mobile App,Credit Card,3,229.87,0.0,689.61,24.0,4.0,4.0,False
10000735,2025-10-05 15:16:43,481,United States,Fashion,Marketplace,Credit Card,4,81.88,0.1,294.77,38.0,4.0,5.0,False
10000283,2025-10-05 16:16:20,416,Italy,Beauty,Marketplace,Credit Card,1,62.0,0.0,62.0,41.0,,2.0,False
10002240,2025-10-05 16:45:07,169,France,Home & Garden,Web,Credit Card,1,153.15,0.0,153.15,38.0,4.0,8.0,False
10004515,2025-10-05 17:19:46,74,India,Electronics,Web,PayPal,4,299.86,0.1,1079.5,43.0,4.0,2.0,False
10001812,2025-10-06 14:43:08,138,Germany,Electronics,Web,PayPal,4,215.89,0.1,777.2,31.0,,1.0,False
10001397,2025-10-06 17:14:51,619,France,Toys,Mobile App,PayPal,3,30.63,0.0,91.89,18.0,5.0,5.0,False
10003522,2025-10-07 05:56:47,515,Canada,Beauty,Mobile App,Credit Card,1,45.93,0.1,41.34,35.0,5.0,5.0,False
10002645,2025-10-07 13:12:36,277,Germany,Sports,Store,Gift Card,1,83.13,0.05,78.97,38.0,,6.0,False
10001916,2025-10-07 15:11:07,24,India,Sports,Mobile App,Credit Card,3,165.18,0.05,470.76,54.0,3.0,4.0,False
10000269,2025-10-08 01:27:04,445,Canada,Electronics,Marketplace,Credit Card,4,278.09,0.0,1112.36,33.0,5.0,5.0,False
10001399,2025-10-08 01:29:23,546,Germany,Beauty,Mobile App,PayPal,3,24.08,0.05,68.63,28.0,5.0,46.0,False
10001619,2025-10-08 02:01:20,262,Canada,Toys,Web,Credit Card,1,96.22,0.0,96.22,42.0,3.0,5.0,True
10000178,2025-10-08 05:53:49,375,France,Toys,Marketplace,Bank Transfer,1,17.53,0.2,14.02,32.0,4.0,4.0,False
10002979,2025-10-08 07:14:31,340,United States,Fashion,Marketplace,Credit Card,2,37.88,0.0,75.76,29.0,4.0,8.0,False
10003866,2025-10-08 11:29:40,87,Italy,Fashion,Web,PayPal,3,108.79,0.1,293.73,31.0,4.0,3.0,False
10003207,2025-10-08 13:15:53,571,United States,Home & Garden,Mobile App,Credit Card,2,148.62,0.0,297.24,,4.0,3.0,False
10004548,2025-10-08 16:37:09,351,Germany,Electronics,Mobile App,PayPal,1,219.19,0.0,219.19,31.0,5.0,9.0,False
10000801,2025-10-08 22:40:32,10,Canada,Beauty,Web,Credit Card,5,82.91,0.0,414.55,52.0,5.0,4.0,False
10003016,2025-10-08 23:01:48,327,France,Electronics,Web,PayPal,3,294.59,0.05,839.58,45.0,5.0,6.0,False
10004092,2025-10-08 23:46:09,598,Spain,Home & Garden,Web,Credit Card,3,114.44,0.0,343.32,35.0,5.0,4.0,False
10004534,2025-10-10 08:23:17,298,United States,Fashion,Marketplace,Credit Card,2,60.44,0.0,120.88,50.0,5.0,6.0,False
10002566,2025-10-11 02:40:44,124,United States,Electronics,Mobile App,PayPal,6,254.7,0.05,1451.79,27.0,5.0,7.0,False
10001978,2025-10-11 12:03:35,458,United Kingdom,Home & Garden,Mobile App,Credit Card,2,46.37,0.0,92.74,32.0,5.0,7.0,False
10001136,2025-10-11 12:33:40,300,United States,Fashion,Web,Credit Card,1,92.09,0.05,87.49,43.0,5.0,2.0,False
10001403,2025-10-11 14:54:28,299,Spain,Electronics,Mobile App,Credit Card,2,383.1,0.0,766.2,33.0,5.0,9.0,False
10001050,2025-10-11 16:59:43,443,United States,Fashion,Web,Credit Card,1,105.84,0.0,105.84,51.0,4.0,7.0,False
10004666,2025-10-11 21:15:26,8,Germany,Beauty,Mobile App,Credit Card,4,24.09,0.0,96.36,52.0,4.0,8.0,False
10004113,2025-10-12 10:25:15,544,Germany,Fashion,Mobile App,Credit Card,3,112.72,0.0,338.16,26.0,5.0,4.0,False
10004623,2025-10-13 10:18:50,187,Spain,Fashion,Mobile App,Credit Card,1,58.62,0.05,55.69,54.0,5.0,8.0,False
10003664,2025-10-13 11:53:42,512,United States,Fashion,Web,Credit Card,2,171.39,0.1,308.5,54.0,2.0,6.0,False
10001624,2025-10-13 17:03:34,176,United Kingdom,Fashion,Web,Credit Card,2,65.27,0.0,130.54,54.0,5.0,6.0,False
10004365,2025-10-13 20:43:01,298,Germany,Toys,Web,PayPal,3,24.15,0.0,72.45,31.0,4.0,3.0,False
10002738,2025-10-13 20:49:48,192,United States,Electronics,Web,Credit Card,1,262.57,0.2,210.06,37.0,4.0,5.0,False
10001282,2025-10-14 09:55:23,619,Germany,Fashion,Web,Credit Card,3,22.39,0.1,60.45,42.0,3.0,3.0,False
10003593,2025-10-14 18:38:30,32,Spain,Electronics,Web,Bank Transfer,4,74.27,0.1,267.37,64.0,3.0,4.0,False
10002752,2025-10-15 00:41:38,622,United States,Beauty,Web,Credit Card,3,38.81,0.0,116.43,42.0,3.0,3.0,False
10003071,2025-10-15 00:49:20,11,Italy,Electronics,Mobile App,Credit Card,2,226.81,0.1,408.26,20.0,,6.0,False
10004394,2025-10-15 06:24:20,128,United Kingdom,Fashion,Web,Credit Card,4,79.41,0.0,317.64,43.0,5.0,5.0,False
10002811,2025-10-15 06:57:38,458,United States,Electronics,Web,Credit Card,4,183.23,0.1,659.63,28.0,5.0,3.0,False
10000285,2025-10-15 07:05:00,574,Brazil,Fashion,Store,Credit Card,2,48.19,0.3,67.47,48.0,2.0,6.0,False
10000836,2025-10-15 07:38:41,621,France,Electronics,Store,PayPal,2,133.63,0.0,267.26,49.0,4.0,8.0,False
10000470,2025-10-15 16:36:36,477,United States,Fashion,Web,PayPal,2,65.72,0.0,131.44,38.0,5.0,4.0,False
10002344,2025-10-15 18:52:05,413,Japan,Fashion,Web,PayPal,4,65.44,0.05,248.67,32.0,3.0,7.0,False
10001973,2025-10-16 03:15:21,391,Germany,Beauty,Web,PayPal,2,34.28,0.0,68.56,31.0,2.0,4.0,False
10001200,2025-10-16 03:27:46,221,India,Beauty,Mobile App,Credit Card,1,44.46,0.0,44.46,59.0,4.0,5.0,False
10003721,2025-10-16 08:22:17,426,Spain,Toys,Mobile App,Gift Card,1,33.56,0.1,30.2,18.0,3.0,5.0,False
10002096,2025-10-16 09:10:34,497,United Kingdom,Fashion,Mobile App,Credit Card,3,39.78,0.2,95.47,51.0,3.0,5.0,False
10003627,2025-10-16 12:03:01,52,United States,Toys,Marketplace,Credit Card,3,28.1,0.3,59.01,44.0,3.0,3.0,False
10000907,2025-10-16 15:49:36,284,United Kingdom,Beauty,Web,Credit Card,3,25.27,0.0,75.81,27.0,5.0,3.0,False
10002594,2025-10-17 01:52:27,324,United States,Beauty,Web,Credit Card,1,35.74,0.05,33.95,48.0,5.0,4.0,False
10004257,2025-10-17 07:14:55,25,United States,Electronics,Web,Bank Transfer,2,582.61,0.0,1165.22,,4.0,4.0,True
10002959,2025-10-17 11:00:44,399,France,Electronics,Marketplace,PayPal,2,229.64,0.0,459.28,31.0,4.0,6.0,False
10000027,2025-10-17 11:21:20,296,United States,Electronics,Mobile App,Credit Card,2,242.76,0.0,485.52,41.0,5.0,5.0,False
10004509,2025-10-17 12:07:12,492,United States,Electronics,Store,Credit Card,1,117.14,0.0,117.14,49.0,,3.0,False
10004207,2025-10-17 17:05:52,34,Germany,Home & Garden,Mobile App,PayPal,3,55.68,0.1,150.34,45.0,3.0,2.0,False
10004710,2025-10-17 17:19:22,108,United States,Beauty,Mobile App,Credit Card,3,48.46,0.0,145.38,29.0,3.0,4.0,False
10004581,2025-10-17 17:59:57,18,Italy,Electronics,Web,PayPal,2,71.35,0.05,135.56,27.0,3.0,2.0,False
10003865,2025-10-17 18:10:51,532,Brazil,Fashion,Mobile App,Credit Card,2,55.67,0.0,111.34,76.0,4.0,2.0,False
10003414,2025-10-17 21:01:57,445,Brazil,Home & Garden,Web,Credit Card,4,95.34,0.0,381.36,18.0,3.0,4.0,False
10002027,2025-10-17 21:47:09,434,United States,Fashion,Web,PayPal,2,79.73,0.0,159.46,48.0,4.0,5.0,False
10004261,2025-10-17 21:50:56,555,United Kingdom,Sports,Marketplace,PayPal,1,40.15,0.3,28.1,20.0,5.0,1.0,False
10004268,2025-10-18 01:31:28,175,United States,Toys,Mobile App,Credit Card,3,34.08,0.1,92.02,19.0,,8.0,False
10003438,2025-10-18 05:11:25,11,Germany,Home & Garden,Marketplace,Credit Card,1,57.26,0.1,51.53,51.0,5.0,6.0,False
10004974,2025-10-18 08:24:40,212,Italy,Fashion,Store,Credit Card,1,86.27,0.0,86.27,38.0,4.0,9.0,False
10003184,2025-10-18 15:15:27,366,United States,Home & Garden,Mobile App,Credit Card,1,75.71,0.2,60.57,,3.0,5.0,False
10000550,2025-10-18 16:55:07,551,United States,Electronics,Web,Credit Card,2,222.22,0.1,400.0,18.0,5.0,6.0,False
10001471,2025-10-18 18:28:44,50,Germany,Electronics,Web,Bank Transfer,4,98.86,0.0,395.44,32.0,4.0,4.0,False
10002818,2025-10-18 19:02:22,27,United Kingdom,Fashion,Mobile App,PayPal,3,37.72,0.0,113.16,51.0,5.0,5.0,False
10003592,2025-10-18 20:56:56,546,Germany,Fashion,Mobile App,Credit Card,2,35.25,0.2,56.4,33.0,4.0,3.0,False
10000172,2025-10-18 23:12:42,10,France,Toys,Web,Credit Card,1,71.3,0.1,64.17,41.0,,5.0,False
10004265,2025-10-19 07:38:07,34,Canada,Beauty,Mobile App,Credit Card,3,32.62,0.0,97.86,18.0,3.0,6.0,True
10002809,2025-10-19 07:53:53,567,United States,Sports,Mobile App,Credit Card,4,144.56,0.0,578.24,45.0,5.0,2.0,False
10003069,2025-10-19 23:25:57,456,Spain,Electronics,Web,PayPal,3,162.1,0.0,486.3,32.0,2.0,3.0,False
10001166,2025-10-20 13:23:51,614,Italy,Electronics,Mobile App,Credit Card,4,193.35,0.0,773.4,43.0,5.0,5.0,False
10001928,2025-10-20 21:34:25,343,United Kingdom,Sports,Web,PayPal,3,90.61,0.0,271.83,37.0,5.0,3.0,False
10003940,2025-10-21 02:20:56,26,Canada,Electronics,Marketplace,Gift Card,2,121.37,0.2,194.19,28.0,4.0,6.0,False
10002146,2025-10-21 07:51:19,485,Germany,Home & Garden,Web,PayPal,1,60.88,0.0,60.88,47.0,4.0,6.0,False
10003560,2025-10-21 11:06:40,317,Canada,Home & Garden,Mobile App,Credit Card,1,66.23,0.0,66.23,36.0,3.0,4.0,False
10002643,2025-10-21 14:26:07,471,United States,Fashion,Web,Credit Card,4,67.79,0.0,271.16,18.0,4.0,4.0,True
10001855,2025-10-21 15:02:22,534,United Kingdom,Beauty,Mobile App,Credit Card,3,23.35,0.1,63.05,48.0,4.0,6.0,False
10001518,2025-10-22 00:29:09,176,Germany,Fashion,Marketplace,Credit Card,2,88.17,0.0,176.34,40.0,3.0,4.0,False
10004374,2025-10-22 00:36:21,95,Spain,Toys,Mobile App,Bank Transfer,4,26.71,0.05,101.5,29.0,5.0,6.0,False
10001017,2025-10-22 03:00:42,251,United Kingdom,Beauty,Web,Credit Card,3,67.0,0.0,201.0,46.0,5.0,6.0,False
10002468,2025-10-22 08:50:39,345,United States,Fashion,Marketplace,Credit Card,2,35.1,0.2,56.16,33.0,4.0,4.0,False
10004783,2025-10-22 12:56:03,254,Spain,Fashion,Store,PayPal,2,58.78,0.0,117.56,49.0,3.0,2.0,False
10003594,2025-10-22 15:03:52,69,Germany,Electronics,Marketplace,Credit Card,4,463.72,0.0,1854.88,20.0,5.0,7.0,False
10003309,2025-10-22 20:06:38,107,France,Fashion,Mobile App,Credit Card,2,45.36,0.05,86.18,23.0,4.0,6.0,False
10001983,2025-10-22 23:18:57,145,United Kingdom,Fashion,Store,PayPal,3,33.13,0.0,99.39,37.0,4.0,5.0,False
10003160,2025-10-23 01:47:33,369,France,Electronics,Web,Credit Card,4,181.31,0.05,688.98,57.0,5.0,3.0,False
10004284,2025-10-23 06:14:52,448,Italy,Home & Garden,Web,Credit Card,4,72.83,0.1,262.19,40.0,5.0,3.0,False
10002117,2025-10-23 08:01:00,520,Japan,Toys,Web,Credit Card,2,23.3,0.05,44.27,32.0,3.0,6.0,False
10002793,2025-10-23 08:27:53,323,United States,Toys,Web,PayPal,3,64.29,0.0,192.87,34.0,5.0,7.0,False
10002063,2025-10-23 14:28:27,38,United States,Sports,Mobile App,Credit Card,4,62.77,0.2,200.86,22.0,5.0,6.0,False
10003473,2025-10-23 17:40:46,513,United States,Electronics,Marketplace,Credit Card,3,170.34,0.0,511.02,50.0,4.0,9.0,False
10004971,2025-10-23 23:30:00,12,France,Electronics,Mobile App,Bank Transfer,4,281.66,0.2,901.31,56.0,4.0,7.0,False
10001659,2025-10-24 01:19:17,584,Canada,Fashion,Web,Credit Card,1,67.07,0.0,67.07,54.0,5.0,3.0,False
10003441,2025-10-24 01:59:10,20,United States,Toys,Web,PayPal,4,38.92,0.05,147.9,45.0,5.0,5.0,False
10002881,2025-10-24 06:14:17,163,India,Home & Garden,Web,Credit Card,2,101.0,0.0,202.0,43.0,5.0,5.0,False
10000003,2025-10-24 08:27:04,615,United States,Home & Garden,Mobile App,Credit Card,3,114.34,0.3,240.11,62.0,4.0,3.0,False
10000078,2025-10-24 10:34:22,248,United States,Fashion,Web,Credit Card,3,127.77,0.2,306.65,37.0,3.0,5.0,False
10003928,2025-10-24 16:57:04,490,United States,Home & Garden,Web,PayPal,3,104.27,0.0,312.81,31.0,4.0,5.0,False
10003165,2025-10-24 21:55:21,53,France,Electronics,Web,Credit Card,2,74.33,0.0,148.66,18.0,4.0,5.0,False
10001609,2025-10-24 22:04:32,150,France,Home & Garden,Mobile App,Credit Card,1,67.48,0.0,67.48,54.0,,3.0,False
10001640,2025-10-25 02:19:17,94,Spain,Fashion,Mobile App,Credit Card,3,82.34,0.1,222.32,18.0,4.0,7.0,False
10001630,2025-10-25 02:24:04,62,United States,Fashion,Mobile App,Credit Card,3,31.75,0.0,95.25,39.0,3.0,5.0,False
10001935,2025-10-25 02:33:57,50,United States,Sports,Store,Bank Transfer,2,84.44,0.0,168.88,32.0,4.0,3.0,False
10000904,2025-10-25 08:15:58,232,United States,Fashion,Store,Credit Card,2,57.5,0.1,103.5,24.0,4.0,4.0,False
10001503,2025-10-25 10:44:04,355,Canada,Home & Garden,Mobile App,Credit Card,2,94.38,0.05,179.32,42.0,4.0,4.0,False
10004215,2025-10-25 17:08:14,591,United Kingdom,Fashion,Web,PayPal,2,24.62,0.2,39.39,32.0,3.0,2.0,False
10001151,2025-10-25 18:46:18,539,Canada,Toys,Store,Credit Card,2,21.14,0.05,40.17,49.0,4.0,8.0,False
10004571,2025-10-25 23:34:30,411,Canada,Home & Garden,Web,Gift Card,2,71.15,0.1,128.07,41.0,4.0,4.0,False
10003634,2025-10-26 01:41:23,220,United Kingdom,Fashion,Marketplace,PayPal,1,25.33,0.0,25.33,41.0,5.0,5.0,False
10002944,2025-10-26 04:13:31,265,Brazil,Fashion,Web,Bank Transfer,2,78.44,0.05,149.04,18.0,4.0,6.0,False
10002012,2025-10-26 07:17:49,554,Brazil,Electronics,Mobile App,Credit Card,5,203.93,0.1,917.68,39.0,4.0,7.0,False
10002080,2025-10-26 11:24:37,352,United States,Sports,Web,Credit Card,3,56.17,0.1,151.66,47.0,,7.0,True
10002237,2025-10-26 15:17:11,466,United States,Sports,Mobile App,Credit Card,3,71.85,0.0,215.55,38.0,4.0,7.0,False
10004391,2025-10-26 18:41:09,404,Japan,Toys,Web,Credit Card,2,30.18,0.0,60.36,20.0,5.0,8.0,True
10002637,2025-10-26 18:53:54,73,United Kingdom,Beauty,Web,Gift Card,2,12.54,0.3,17.56,18.0,4.0,3.0,False
10004601,2025-10-27 07:24:52,114,Italy,Toys,Web,PayPal,1,13.87,0.2,11.1,70.0,4.0,6.0,False
10002208,2025-10-27 18:48:01,510,France,Sports,Web,Credit Card,5,124.47,0.3,435.64,36.0,4.0,2.0,False
10003817,2025-10-27 19:46:19,358,Spain,Fashion,Marketplace,PayPal,1,98.69,0.0,98.69,39.0,5.0,4.0,False
10001173,2025-10-27 21:30:20,83,United States,Beauty,Mobile App,PayPal,2,26.55,0.0,53.1,52.0,5.0,4.0,False
10002459,2025-10-28 02:25:22,29,United States,Fashion,Store,Credit Card,3,29.41,0.05,83.82,18.0,4.0,4.0,False
10002810,2025-10-28 06:23:31,309,India,Electronics,Marketplace,Bank Transfer,3,158.7,0.0,476.1,41.0,4.0,7.0,False
10001130,2025-10-28 12:27:59,411,Canada,Fashion,Mobile App,Credit Card,5,19.69,0.0,98.45,59.0,5.0,4.0,False
10003087,2025-10-28 14:22:49,581,Italy,Sports,Marketplace,PayPal,2,61.77,0.05,117.36,30.0,,5.0,False
10002954,2025-10-28 14:23:43,1,Spain,Beauty,Web,Bank Transfer,2,99.67,0.1,179.41,18.0,3.0,5.0,False
10001945,2025-10-29 01:09:13,169,United States,Home & Garden,Web,Bank Transfer,2,136.08,0.0,272.16,24.0,5.0,6.0,False
10003125,2025-10-29 01:39:14,615,United States,Sports,Web,PayPal,3,109.76,0.2,263.42,30.0,4.0,8.0,False
10001402,2025-10-29 04:35:02,606,Japan,Fashion,Web,Credit Card,2,27.92,0.0,55.84,18.0,5.0,7.0,False
10001909,2025-10-29 04:56:34,87,Brazil,Home & Garden,Marketplace,Gift Card,4,51.5,0.0,206.0,48.0,3.0,5.0,True
10003601,2025-10-29 07:20:34,342,United States,Beauty,Mobile App,Credit Card,1,29.93,0.0,29.93,22.0,5.0,4.0,False
10004790,2025-10-29 10:47:27,231,United States,Home & Garden,Web,PayPal,3,97.01,0.0,291.03,41.0,4.0,11.0,False
10002088,2025-10-29 11:05:29,297,Canada,Electronics,Marketplace,PayPal,2,333.88,0.3,467.43,41.0,,5.0,False
10004886,2025-10-29 16:56:39,446,India,Electronics,Web,Credit Card,1,207.78,0.05,197.39,28.0,3.0,5.0,False
10002504,2025-10-30 05:15:52,468,United States,Electronics,Web,Credit Card,2,130.81,0.0,261.62,18.0,4.0,4.0,False
10002778,2025-10-30 19:21:32,337,Brazil,Fashion,Mobile App,PayPal,2,87.75,0.3,122.85,51.0,3.0,7.0,False
10000414,2025-10-31 04:21:35,216,Japan,Fashion,Web,Credit Card,4,113.22,0.0,452.88,,5.0,10.0,False
10000914,2025-10-31 13:04:02,146,France,Beauty,Web,Bank Transfer,2,73.4,0.0,146.8,,3.0,5.0,False
10002016,2025-11-01 02:45:30,373,France,Fashion,Web,Bank Transfer,1,56.06,0.0,56.06,25.0,2.0,4.0,True
10002498,2025-11-01 04:52:24,435,United Kingdom,Electronics,Mobile App,Credit Card,4,131.44,0.05,499.47,25.0,4.0,4.0,False
10001275,2025-11-01 07:39:33,501,United States,Electronics,Marketplace,PayPal,2,124.12,0.1,223.42,18.0,,6.0,False
10004179,2025-11-01 09:13:34,199,France,Sports,Web,PayPal,4,42.7,0.0,170.8,55.0,5.0,6.0,False
10000664,2025-11-01 12:46:02,345,United States,Home & Garden,Marketplace,Credit Card,4,41.69,0.0,166.76,31.0,4.0,7.0,True
10002995,2025-11-01 13:29:54,440,United States,Electronics,Mobile App,Credit Card,1,137.0,0.1,123.3,50.0,4.0,4.0,False
10000366,2025-11-01 14:38:42,575,France,Electronics,Store,Credit Card,6,158.95,0.05,906.01,36.0,5.0,7.0,False
10001317,2025-11-01 14:49:49,539,United States,Home & Garden,Web,Credit Card,3,94.67,0.0,284.01,27.0,4.0,2.0,False
10004014,2025-11-01 16:23:21,1,United States,Electronics,Web,Credit Card,3,204.76,0.05,583.57,48.0,3.0,1.0,False
10000370,2025-11-01 20:59:44,323,United States,Toys,Marketplace,Credit Card,3,22.8,0.0,68.4,36.0,5.0,6.0,False
10002727,2025-11-01 21:07:11,325,Italy,Electronics,Mobile App,Bank Transfer,1,497.52,0.3,348.26,44.0,1.0,8.0,False
10004595,2025-11-01 21:15:18,426,Canada,Electronics,Mobile App,Credit Card,2,156.4,0.2,250.24,31.0,4.0,4.0,False
10001680,2025-11-01 22:44:18,606,Spain,Electronics,Web,Credit Card,3,231.36,0.0,694.08,40.0,3.0,4.0,False
10003502,2025-11-01 23:55:47,613,Spain,Beauty,Marketplace,Credit Card,3,59.43,0.1,160.46,,4.0,6.0,False
10002762,2025-11-02 01:21:47,244,Japan,Fashion,Web,Bank Transfer,4,72.02,0.0,288.08,42.0,5.0,3.0,False
10003628,2025-11-02 02:21:05,173,France,Sports,Web,PayPal,6,89.32,0.0,535.92,54.0,3.0,4.0,False
10003804,2025-11-02 04:28:57,131,United States,Beauty,Mobile App,Gift Card,1,37.99,0.1,34.19,42.0,4.0,5.0,False
10000290,2025-11-02 04:50:15,395,United States,Fashion,Mobile App,Credit Card,3,32.01,0.1,86.43,26.0,4.0,7.0,False
10002527,2025-11-02 05:51:47,129,Japan,Electronics,Web,Credit Card,3,152.68,0.0,458.04,30.0,5.0,7.0,False
10001009,2025-11-02 06:08:01,257,Canada,Home & Garden,Mobile App,PayPal,3,81.55,0.05,232.42,18.0,3.0,7.0,False
10002948,2025-11-02 08:02:45,404,Germany,Electronics,Marketplace,Credit Card,4,249.32,0.0,997.28,22.0,3.0,6.0,False
10003259,2025-11-02 12:11:17,494,United States,Fashion,Web,Credit Card,2,123.34,0.0,246.68,28.0,,4.0,False
10002254,2025-11-02 21:29:26,416,India,Home & Garden,Web,PayPal,3,161.6,0.0,484.8,42.0,4.0,10.0,False
10003057,2025-11-03 09:51:03,177,India,Sports,Mobile App,PayPal,2,80.27,0.2,128.43,34.0,4.0,7.0,True
10002238,2025-11-04 00:03:12,586,United States,Beauty,Store,Credit Card,4,37.8,0.1,136.08,42.0,5.0,3.0,False
10001871,2025-11-04 05:23:09,497,United States,Home & Garden,Mobile App,PayPal,2,63.16,0.0,126.32,43.0,3.0,9.0,False
10001896,2025-11-04 05:30:32,533,Spain,Fashion,Mobile App,Gift Card,2,123.7,0.0,247.4,36.0,5.0,3.0,False
10002287,2025-11-04 07:35:47,60,United States,Electronics,Web,Credit Card,4,277.29,0.05,1053.7,27.0,3.0,7.0,False
10004056,2025-11-04 09:21:32,583,India,Fashion,Marketplace,Credit Card,4,39.1,0.3,109.48,43.0,3.0,5.0,False
10000536,2025-11-04 10:47:01,524,United States,Electronics,Web,Bank Transfer,2,103.95,0.1,187.11,41.0,4.0,6.0,False
10004364,2025-11-04 15:09:36,301,United States,Home & Garden,Web,Credit Card,2,89.92,0.1,161.86,55.0,4.0,6.0,False
10001231,2025-11-05 06:10:09,299,France,Toys,Web,Credit Card,1,45.15,0.2,36.12,37.0,3.0,3.0,False
10002266,2025-11-05 07:21:58,181,United States,Electronics,Web,Bank Transfer,3,165.83,0.2,397.99,27.0,5.0,3.0,False
10001538,2025-11-05 14:27:00,41,United States,Fashion,Store,Credit Card,1,40.7,0.05,38.66,31.0,4.0,3.0,False
10002580,2025-11-05 18:26:48,438,India,Fashion,Marketplace,PayPal,3,59.73,0.0,179.19,41.0,3.0,5.0,False
10004936,2025-11-05 19:03:03,616,Spain,Fashion,Mobile App,PayPal,5,38.01,0.0,190.05,18.0,4.0,4.0,False
10000249,2025-11-06 03:24:09,213,Japan,Electronics,Mobile App,PayPal,1,99.29,0.0,99.29,53.0,4.0,3.0,False
10001378,2025-11-06 20:06:43,369,United Kingdom,Fashion,Marketplace,PayPal,2,46.04,0.2,73.66,56.0,3.0,11.0,False
10000660,2025-11-07 17:34:15,383,Japan,Home & Garden,Mobile App,PayPal,2,88.55,0.0,177.1,62.0,3.0,4.0,True
10000500,2025-11-07 18:32:01,602,Brazil,Electronics,Web,Bank Transfer,6,216.95,0.05,1236.61,32.0,,10.0,False
10002363,2025-11-07 20:35:50,202,India,Electronics,Web,Credit Card,2,708.32,0.05,1345.81,20.0,4.0,5.0,False
10001512,2025-11-08 06:01:37,236,United Kingdom,Beauty,Mobile App,Bank Transfer,3,16.86,0.05,48.05,36.0,3.0,1.0,False
10001001,2025-11-08 08:02:56,275,Germany,Electronics,Marketplace,PayPal,3,188.54,0.0,565.62,33.0,4.0,7.0,False
10001077,2025-11-08 12:41:31,267,United States,Sports,Store,Bank Transfer,3,32.41,0.0,97.23,39.0,5.0,3.0,False
10002730,2025-11-08 13:08:09,450,Germany,Sports,Mobile App,Bank Transfer,1,112.44,0.0,112.44,46.0,4.0,5.0,False
10003149,2025-11-08 13:12:04,253,United States,Beauty,Mobile App,Bank Transfer,5,27.68,0.1,124.56,18.0,5.0,4.0,False
10003114,2025-11-08 14:10:51,356,United States,Toys,Web,PayPal,4,26.13,0.3,73.16,30.0,4.0,3.0,False
10003826,2025-11-08 15:34:50,147,Spain,Fashion,Mobile App,Credit Card,2,46.8,0.3,65.52,31.0,4.0,2.0,False
10003342,2025-11-08 17:42:40,407,India,Home & Garden,Web,Bank Transfer,5,28.77,0.05,136.66,50.0,4.0,4.0,False
10000167,2025-11-08 20:24:30,366,Japan,Beauty,Web,Bank Transfer,2,68.98,0.1,124.16,24.0,3.0,6.0,False
10004573,2025-11-09 02:13:53,133,India,Home & Garden,Store,Credit Card,2,60.41,0.1,108.74,62.0,4.0,2.0,False
10003810,2025-11-09 02:56:47,195,Brazil,Beauty,Web,Credit Card,2,26.72,0.1,48.1,31.0,,9.0,False
10000610,2025-11-09 13:29:15,595,United States,Electronics,Mobile App,Credit Card,3,269.75,0.1,728.32,28.0,4.0,50.0,False
10001374,2025-11-09 15:10:29,180,United Kingdom,Electronics,Marketplace,Credit Card,3,194.0,0.0,582.0,43.0,4.0,4.0,False
10001695,2025-11-09 16:37:40,220,India,Home & Garden,Mobile App,PayPal,3,215.54,0.1,581.96,53.0,3.0,8.0,False
10003962,2025-11-09 22:51:20,410,Brazil,Toys,Web,Credit Card,2,24.55,0.0,49.1,50.0,,8.0,False
10002848,2025-11-10 08:02:51,293,Brazil,Electronics,Store,Credit Card,5,180.03,0.0,900.15,35.0,5.0,6.0,False
10004560,2025-11-10 12:21:51,185,Italy,Electronics,Web,Credit Card,4,352.07,0.0,1408.28,37.0,3.0,4.0,False
10002968,2025-11-10 13:31:34,505,India,Home & Garden,Mobile App,Credit Card,1,93.71,0.0,93.71,33.0,2.0,5.0,False
10003292,2025-11-10 19:55:59,1,Germany,Home & Garden,Mobile App,PayPal,3,47.56,0.0,142.68,46.0,5.0,5.0,False
10001203,2025-11-11 02:55:38,69,United Kingdom,Fashion,Web,Bank Transfer,2,55.77,0.0,111.54,30.0,,4.0,False
10004336,2025-11-11 05:16:03,331,Italy,Electronics,Marketplace,PayPal,1,449.01,0.0,449.01,48.0,4.0,4.0,False
10002746,2025-11-11 11:48:29,221,United States,Fashion,Web,Gift Card,1,78.86,0.0,78.86,38.0,,4.0,False
10003002,2025-11-11 17:09:51,353,France,Beauty,Web,PayPal,7,14.89,0.2,83.38,30.0,4.0,5.0,False
10004389,2025-11-11 22:10:35,449,United States,Fashion,Web,Credit Card,2,148.41,0.1,267.14,42.0,4.0,7.0,False
10000522,2025-11-12 09:47:06,252,Germany,Home & Garden,Marketplace,Credit Card,2,85.73,0.0,171.46,33.0,,2.0,False
10001654,2025-11-12 09:59:28,471,Canada,Sports,Mobile App,Credit Card,3,44.82,0.0,134.46,39.0,1.0,3.0,False
10001683,2025-11-12 10:26:36,442,United States,Home & Garden,Web,Credit Card,5,89.24,0.1,401.58,61.0,5.0,4.0,False
10001337,2025-11-12 11:25:09,357,Germany,Fashion,Mobile App,Credit Card,3,151.36,0.0,454.08,32.0,4.0,5.0,False
10004366,2025-11-14 04:07:17,120,Italy,Fashion,Web,Credit Card,1,46.05,0.0,46.05,33.0,4.0,5.0,False
10004216,2025-11-14 05:20:50,132,Japan,Electronics,Web,Credit Card,1,125.04,0.0,125.04,39.0,5.0,5.0,False
10000352,2025-11-14 08:09:53,278,Spain,Fashion,Store,PayPal,4,49.88,0.05,189.54,42.0,5.0,5.0,False
10000093,2025-11-14 19:45:06,451,Brazil,Fashion,Web,Credit Card,1,40.82,0.0,40.82,41.0,3.0,5.0,False
10002118,2025-11-14 22:36:36,427,Japan,Home & Garden,Marketplace,Credit Card,7,49.2,0.05,327.18,30.0,5.0,4.0,False
10001172,2025-11-15 05:55:32,502,United States,Fashion,Web,Credit Card,1,42.43,0.0,42.43,18.0,3.0,6.0,False
10004633,2025-11-15 08:24:27,265,Spain,Home & Garden,Marketplace,Credit Card,2,191.82,0.1,345.28,36.0,3.0,6.0,False
10001836,2025-11-15 08:47:55,182,Germany,Home & Garden,Mobile App,Credit Card,2,81.98,0.05,155.76,36.0,3.0,6.0,False
10003902,2025-11-15 12:48:50,10,France,Beauty,Web,Credit Card,2,71.41,0.1,128.54,38.0,3.0,7.0,False
10003574,2025-11-15 13:39:55,139,India,Electronics,Mobile App,Credit Card,3,178.18,0.3,374.18,30.0,4.0,10.0,False
10002933,2025-11-15 19:40:48,245,United Kingdom,Beauty,Store,PayPal,3,67.04,0.0,201.12,25.0,4.0,5.0,True
10002509,2025-11-15 19:47:49,444,Italy,Electronics,Mobile App,PayPal,4,315.79,0.0,1263.16,33.0,4.0,4.0,False
10004405,2025-11-15 21:10:54,303,United States,Fashion,Mobile App,PayPal,3,132.08,0.05,376.43,36.0,3.0,6.0,False
10001452,2025-11-16 01:46:47,513,Brazil,Home & Garden,Web,PayPal,1,108.44,0.0,108.44,42.0,5.0,4.0,False
10000759,2025-11-16 02:06:13,197,United States,Toys,Web,Credit Card,3,18.49,0.1,49.92,48.0,3.0,5.0,False
10004883,2025-11-16 05:14:42,317,India,Home & Garden,Store,Bank Transfer,1,39.07,0.2,31.26,44.0,4.0,10.0,False
10001347,2025-11-16 05:28:56,373,France,Fashion,Mobile App,Credit Card,6,61.27,0.0,367.62,36.0,5.0,2.0,False
10002724,2025-11-16 06:38:56,190,United States,Home & Garden,Mobile App,Bank Transfer,3,102.21,0.0,306.63,46.0,5.0,3.0,False
10003475,2025-11-16 10:23:57,209,Germany,Fashion,Marketplace,Credit Card,2,48.76,0.3,68.26,40.0,3.0,9.0,True
10003255,2025-11-16 11:54:35,301,United States,Sports,Mobile App,Credit Card,5,87.84,0.0,439.2,53.0,4.0,4.0,False
10004652,2025-11-16 16:09:01,488,United States,Sports,Store,Credit Card,1,105.93,0.0,105.93,36.0,4.0,5.0,False
10001245,2025-11-16 17:39:40,82,Germany,Beauty,Web,Credit Card,4,36.85,0.0,147.4,53.0,4.0,4.0,False
10000477,2025-11-16 19:08:49,112,United States,Home & Garden,Web,PayPal,4,86.92,0.3,243.38,39.0,4.0,5.0,False
10000940,2025-11-17 08:55:09,254,United States,Electronics,Mobile App,Bank Transfer,3,281.26,0.05,801.59,38.0,4.0,6.0,False
10001054,2025-11-17 13:00:23,508,Italy,Electronics,Web,Credit Card,3,298.24,0.0,894.72,36.0,4.0,4.0,False
10001379,2025-11-17 14:08:32,521,Canada,Electronics,Mobile App,Credit Card,6,116.62,0.05,664.73,20.0,5.0,5.0,False
10004124,2025-11-17 17:21:30,478,Spain,Home & Garden,Web,Bank Transfer,1,82.38,0.2,65.9,32.0,2.0,4.0,False
10000134,2025-11-18 02:06:08,366,United States,Electronics,Web,Credit Card,5,140.09,0.2,560.36,26.0,2.0,7.0,False
10003164,2025-11-18 02:45:20,139,United Kingdom,Electronics,Mobile App,PayPal,1,234.27,0.1,210.84,49.0,5.0,5.0,False
10004620,2025-11-18 05:02:16,459,United States,Toys,Store,Credit Card,2,23.07,0.1,41.53,36.0,,3.0,False
10002767,2025-11-18 08:11:08,77,France,Home & Garden,Web,PayPal,4,69.71,0.0,278.84,32.0,4.0,7.0,False
10003924,2025-11-18 08:49:03,389,India,Fashion,Store,Gift Card,2,41.57,0.3,58.2,32.0,4.0,9.0,False
10002322,2025-11-18 14:22:28,617,United States,Sports,Web,Credit Card,4,44.27,0.1,159.37,47.0,3.0,5.0,False
10003766,2025-11-18 16:23:23,295,Germany,Electronics,Mobile App,PayPal,2,294.37,0.1,529.87,39.0,4.0,2.0,False
10002410,2025-11-18 17:17:44,205,India,Beauty,Marketplace,PayPal,2,40.81,0.0,81.62,38.0,5.0,5.0,False
10004144,2025-11-18 19:43:25,216,France,Electronics,Web,Bank Transfer,2,82.77,0.3,115.88,40.0,4.0,8.0,False
10004690,2025-11-18 19:57:41,297,India,Fashion,Store,PayPal,1,47.6,0.0,47.6,48.0,3.0,2.0,False
10003811,2025-11-18 20:16:46,192,Brazil,Toys,Web,Credit Card,3,19.3,0.0,57.9,43.0,3.0,5.0,False
10002917,2025-11-19 02:41:41,445,Germany,Home & Garden,Mobile App,PayPal,2,103.17,0.0,206.34,38.0,4.0,6.0,False
10002377,2025-11-19 03:15:41,605,United States,Electronics,Mobile App,PayPal,2,84.31,0.0,168.62,26.0,,6.0,False
10001770,2025-11-19 03:36:26,477,India,Home & Garden,Web,Credit Card,5,52.01,0.1,234.04,40.0,4.0,4.0,False
10001566,2025-11-19 19:01:05,181,Spain,Beauty,Web,Gift Card,2,57.36,0.05,108.98,33.0,3.0,9.0,False
10002943,2025-11-19 19:14:51,171,Italy,Fashion,Mobile App,Credit Card,1,46.4,0.0,46.4,65.0,5.0,2.0,False
10004240,2025-11-20 08:19:17,465,Spain,Beauty,Web,Credit Card,1,24.05,0.0,24.05,39.0,4.0,4.0,False
10004315,2025-11-20 15:35:04,477,Spain,Sports,Mobile App,Credit Card,4,84.52,0.0,338.08,32.0,,2.0,False
10000312,2025-11-21 03:56:09,455,United States,Fashion,Mobile App,Gift Card,2,42.09,0.0,84.18,41.0,4.0,6.0,False
10004991,2025-11-21 10:49:31,464,India,Electronics,Marketplace,Credit Card,2,72.66,0.0,145.32,38.0,3.0,2.0,False
10000439,2025-11-21 14:49:03,224,Canada,Electronics,Mobile App,PayPal,2,125.99,0.0,251.98,28.0,4.0,5.0,False
10004879,2025-11-21 16:06:07,162,United Kingdom,Fashion,Web,PayPal,3,31.34,0.0,94.02,32.0,,1.0,False
10002787,2025-11-22 00:38:41,448,France,Fashion,Store,Bank Transfer,2,62.54,0.0,125.08,43.0,4.0,6.0,False
10002454,2025-11-22 08:21:11,526,Canada,Electronics,Store,Bank Transfer,2,213.96,0.0,427.92,26.0,5.0,6.0,False
10003530,2025-11-22 08:25:18,309,Italy,Sports,Store,Credit Card,4,47.85,0.05,181.83,38.0,5.0,4.0,False
10001915,2025-11-22 12:32:01,410,France,Fashion,Mobile App,Credit Card,1,49.26,0.05,46.8,74.0,4.0,6.0,False
10003198,2025-11-23 00:15:16,137,Brazil,Electronics,Web,Credit Card,1,241.13,0.0,241.13,56.0,5.0,5.0,False
10000696,2025-11-23 01:03:42,256,United Kingdom,Beauty,Mobile App,PayPal,2,41.96,0.0,83.92,,3.0,3.0,False
10000889,2025-11-23 01:19:46,512,United States,Fashion,Mobile App,PayPal,2,74.2,0.05,140.98,43.0,5.0,4.0,False
10001754,2025-11-23 07:28:47,9,Canada,Sports,Mobile App,Credit Card,3,76.77,0.05,218.79,34.0,4.0,8.0,False
10001062,2025-11-23 08:33:37,319,United States,Home & Garden,Marketplace,Credit Card,2,143.38,0.3,200.73,46.0,3.0,5.0,False
10003983,2025-11-23 19:07:06,174,Germany,Toys,Marketplace,PayPal,4,25.19,0.1,90.68,53.0,4.0,7.0,False
10001363,2025-11-23 19:30:05,551,United States,Electronics,Mobile App,Credit Card,1,269.95,0.0,269.95,58.0,4.0,4.0,False
10003263,2025-11-24 10:25:05,133,United Kingdom,Electronics,Mobile App,Credit Card,2,282.95,0.0,565.9,34.0,5.0,4.0,False
10000698,2025-11-24 10:46:06,474,Japan,Toys,Web,Credit Card,3,40.4,0.1,109.08,34.0,3.0,4.0,False
10004368,2025-11-24 11:06:04,441,Italy,Fashion,Web,Credit Card,2,59.65,0.05,113.34,41.0,5.0,5.0,False
10002858,2025-11-24 16:06:56,13,Brazil,Sports,Web,Bank Transfer,3,67.66,0.2,162.38,27.0,5.0,3.0,False
10003937,2025-11-24 20:01:00,444,United Kingdom,Home & Garden,Mobile App,Gift Card,1,108.49,0.05,103.07,62.0,3.0,10.0,False
10000970,2025-11-24 23:57:04,407,Canada,Fashion,Store,Credit Card,5,100.94,0.05,479.46,43.0,4.0,9.0,False
10001785,2025-11-25 01:27:48,124,India,Electronics,Web,Credit Card,1,228.74,0.0,228.74,,3.0,3.0,False
10001799,2025-11-25 04:07:33,388,Canada,Fashion,Store,Credit Card,3,63.84,0.0,191.52,49.0,4.0,5.0,False
10004833,2025-11-25 18:15:44,609,United Kingdom,Home & Garden,Marketplace,PayPal,3,79.86,0.2,191.66,51.0,4.0,8.0,False
10000993,2025-11-25 20:16:03,124,United States,Home & Garden,Web,Credit Card,2,117.28,0.0,234.56,46.0,4.0,7.0,False
10000753,2025-11-26 04:20:08,580,France,Fashion,Web,PayPal,3,79.63,0.0,238.89,49.0,5.0,3.0,False
10002391,2025-11-26 13:23:33,376,Canada,Electronics,Marketplace,Credit Card,9,431.61,0.05,3690.27,28.0,5.0,10.0,False
10003459,2025-11-26 13:29:52,611,United Kingdom,Sports,Web,Bank Transfer,2,145.97,0.05,277.34,26.0,5.0,5.0,False
10003722,2025-11-26 20:27:34,607,Canada,Toys,Mobile App,PayPal,4,13.77,0.1,49.57,18.0,3.0,6.0,False
10003678,2025-11-26 20:33:57,124,United States,Beauty,Web,PayPal,4,16.76,0.0,67.04,18.0,4.0,4.0,False
10001994,2025-11-26 20:38:01,328,United States,Home & Garden,Mobile App,Gift Card,1,34.51,0.0,34.51,38.0,,8.0,False
10000730,2025-11-27 13:17:30,319,United Kingdom,Beauty,Marketplace,PayPal,1,48.36,0.0,48.36,36.0,5.0,4.0,False
10001310,2025-11-27 16:08:26,100,United States,Home & Garden,Web,PayPal,1,134.15,0.0,134.15,45.0,5.0,7.0,False
10000393,2025-11-27 20:47:50,615,United States,Beauty,Marketplace,PayPal,2,19.01,0.0,38.02,53.0,5.0,6.0,False
10003368,2025-11-27 23:05:40,490,United States,Electronics,Web,PayPal,3,121.77,0.0,365.31,46.0,4.0,2.0,False
10000445,2025-11-28 12:39:48,601,Japan,Home & Garden,Web,Credit Card,2,160.05,0.1,288.09,51.0,,4.0,False
10000304,2025-11-28 17:33:01,222,japan,Home & Garden,Web,Gift Card,3,59.77,0.05,170.34,18.0,5.0,5.0,False
10003283,2025-11-28 18:21:03,210,United States,Fashion,Web,Gift Card,4,69.12,0.3,193.54,44.0,3.0,8.0,False
10002412,2025-11-28 22:12:16,481,United States,Sports,Web,Credit Card,3,80.69,0.0,242.07,,5.0,6.0,False
10003225,2025-11-29 03:06:11,452,Canada,Fashion,Web,Credit Card,3,39.19,0.05,111.69,56.0,,4.0,True
10001707,2025-11-29 03:17:45,30,United States,Sports,Marketplace,Credit Card,3,54.01,0.0,162.03,34.0,3.0,2.0,False
10004444,2025-11-29 03:18:16,240,Brazil,Electronics,Mobile App,Credit Card,3,155.15,0.0,465.45,29.0,3.0,1.0,False
10001421,2025-11-29 06:12:37,228,United States,Home & Garden,Mobile App,PayPal,4,126.65,0.0,506.6,57.0,,8.0,False
10002916,2025-11-29 08:23:26,512,United States,Beauty,Web,Credit Card,4,40.32,0.05,153.22,40.0,4.0,3.0,False
10003203,2025-11-29 09:51:34,445,United States,Home & Garden,Web,Credit Card,1,44.21,0.0,44.21,38.0,5.0,5.0,False
10003454,2025-11-29 14:48:43,130,Germany,Sports,Web,Credit Card,4,59.42,0.1,213.91,43.0,4.0,7.0,False
10000520,2025-11-29 17:17:17,454,United States,Beauty,Web,Credit Card,4,52.96,0.05,201.25,33.0,5.0,9.0,False
10003110,2025-11-29 18:28:14,606,India,Fashion,Web,Credit Card,5,43.83,0.05,208.19,42.0,4.0,3.0,False
10003646,2025-11-29 18:43:19,461,Germany,Home & Garden,Web,Credit Card,1,80.69,0.1,72.62,33.0,5.0,5.0,False
10001344,2025-11-29 20:12:08,232,Spain,Electronics,Web,Gift Card,3,171.83,0.0,515.49,28.0,4.0,3.0,False
10000235,2025-11-30 09:24:57,464,Germany,Sports,Web,Credit Card,2,49.24,0.0,98.48,57.0,5.0,3.0,False
10001401,2025-11-30 10:33:33,562,United States,Fashion,Web,Credit Card,1,55.68,0.0,55.68,38.0,4.0,7.0,False
10002505,2025-11-30 11:44:25,381,United States,Toys,Web,PayPal,2,19.56,0.05,37.16,39.0,4.0,3.0,False
10004565,2025-11-30 17:15:10,378,India,Fashion,Web,Credit Card,5,89.26,0.05,423.98,40.0,4.0,4.0,False
10003307,2025-11-30 18:40:22,45,Italy,Fashion,Web,PayPal,2,39.42,0.3,55.19,19.0,,7.0,False
10001284,2025-11-30 19:54:26,71,United States,Toys,Store,Credit Card,1,17.86,0.1,16.07,36.0,2.0,5.0,False
10004464,2025-11-30 21:51:28,106,United States,Home & Garden,Mobile App,PayPal,2,121.19,0.1,218.14,43.0,4.0,2.0,False
10002300,2025-11-30 22:55:56,598,Canada,Fashion,Web,PayPal,1,96.82,0.0,96.82,46.0,4.0,8.0,False
10001024,2025-11-30 23:39:58,9,United Kingdom,Home & Garden,Web,Credit Card,1,112.02,0.0,112.02,37.0,5.0,8.0,False
10000086,2025-12-01 01:24:43,353,Japan,Home & Garden,Store,Gift Card,3,55.89,0.0,167.67,42.0,5.0,9.0,False
10004897,2025-12-01 05:58:14,286,France,Toys,Web,Credit Card,1,21.83,0.1,19.65,47.0,5.0,5.0,False
10002417,2025-12-01 06:43:24,482,United States,Sports,Web,PayPal,2,36.9,0.0,73.8,42.0,3.0,6.0,False
10002358,2025-12-01 08:52:26,416,Germany,Electronics,Web,Credit Card,3,212.39,0.05,605.31,46.0,4.0,3.0,False
10000823,2025-12-01 14:38:32,232,India,Home & Garden,Marketplace,Credit Card,2,78.06,0.0,156.12,42.0,4.0,2.0,False
10000960,2025-12-01 15:20:39,262,Spain,Fashion,Web,Credit Card,2,37.87,0.0,75.74,37.0,4.0,5.0,False
10001181,2025-12-01 16:40:17,274,United Kingdom,Fashion,Marketplace,Credit Card,1,57.19,0.3,40.03,42.0,5.0,5.0,False
10004112,2025-12-01 20:56:34,170,Germany,Home & Garden,Web,Credit Card,2,48.44,0.1,87.19,25.0,5.0,6.0,False
10001539,2025-12-03 06:16:37,403,United States,Sports,Mobile App,Bank Transfer,2,95.6,0.0,191.2,22.0,4.0,1.0,False
10000268,2025-12-03 08:13:06,34,Spain,Sports,Mobile App,Credit Card,4,65.76,0.2,210.43,30.0,5.0,5.0,False
10004736,2025-12-03 10:43:15,109,Spain,Electronics,Marketplace,Bank Transfer,3,336.97,0.05,960.36,35.0,4.0,4.0,False
10001627,2025-12-03 11:08:40,589,United Kingdom,Electronics,Web,Gift Card,2,507.23,0.0,1014.46,52.0,4.0,4.0,False
10004989,2025-12-03 11:33:26,427,United Kingdom,Beauty,Store,Bank Transfer,3,22.02,0.05,62.76,29.0,3.0,4.0,False
10000273,2025-12-03 19:25:26,523,Brazil,Electronics,Marketplace,Credit Card,3,92.51,0.0,277.53,18.0,5.0,5.0,False
10002011,2025-12-03 23:11:26,237,United States,Electronics,Mobile App,Credit Card,2,121.06,0.1,217.91,59.0,5.0,7.0,False
10001100,2025-12-04 05:05:01,560,United States,Beauty,Web,Credit Card,4,33.09,0.0,132.36,36.0,4.0,7.0,False
10001415,2025-12-04 05:45:25,22,United States,Electronics,Store,Credit Card,1,153.97,0.0,153.97,46.0,5.0,4.0,False
10004507,2025-12-04 08:40:09,81,United States,Fashion,Web,Credit Card,3,44.47,0.0,133.41,22.0,4.0,5.0,False
10002931,2025-12-04 12:37:42,65,Italy,Home & Garden,Web,Credit Card,5,51.58,0.2,206.32,46.0,4.0,4.0,False
10003562,2025-12-04 17:56:42,437,United States,Fashion,Mobile App,Credit Card,2,88.35,0.1,159.03,30.0,5.0,7.0,False
10003275,2025-12-04 19:19:29,449,Italy,Fashion,Mobile App,Gift Card,1,59.45,0.3,41.62,40.0,3.0,2.0,False
10001966,2025-12-04 19:44:31,142,Brazil,Fashion,Web,Credit Card,3,40.63,0.0,121.89,66.0,5.0,3.0,False
10003805,2025-12-04 20:59:38,212,Italy,Fashion,Mobile App,PayPal,1,38.36,0.0,38.36,31.0,3.0,4.0,False
10001990,2025-12-05 00:20:08,518,United Kingdom,Beauty,Web,Credit Card,2,36.47,0.05,69.29,27.0,3.0,1.0,False
10001944,2025-12-05 01:20:24,65,United States,Electronics,Web,Credit Card,3,195.25,0.2,468.6,41.0,4.0,4.0,False
10000901,2025-12-05 02:33:50,584,United States,Fashion,Mobile App,Credit Card,3,36.31,0.3,76.25,35.0,3.0,3.0,False
10004995,2025-12-05 05:15:08,91,Spain,Fashion,Mobile App,Bank Transfer,2,41.39,0.05,78.64,26.0,5.0,10.0,False
10000822,2025-12-05 06:51:56,550,Brazil,Electronics,Web,Gift Card,3,300.47,0.05,856.34,31.0,3.0,4.0,False
10000555,2025-12-05 11:13:47,295,United States,Fashion,Store,Bank Transfer,1,61.82,0.0,61.82,46.0,,4.0,False
10001263,2025-12-05 13:22:35,551,Japan,Beauty,Mobile App,Credit Card,4,41.4,0.0,165.6,37.0,3.0,5.0,False
10000205,2025-12-05 14:27:41,234,Canada,Toys,Web,Bank Transfer,1,16.86,0.1,15.17,41.0,4.0,3.0,False
10002286,2025-12-05 14:31:24,153,India,Home & Garden,Mobile App,Credit Card,4,53.86,0.0,215.44,31.0,3.0,8.0,False
10003334,2025-12-05 14:56:19,352,Germany,Fashion,Mobile App,PayPal,1,78.26,0.0,78.26,52.0,4.0,1.0,False
10001184,2025-12-05 15:38:27,275,Italy,Fashion,Web,PayPal,2,60.44,0.0,120.88,26.0,4.0,5.0,False
10001958,2025-12-06 03:02:11,111,United States,Toys,Web,Credit Card,3,23.17,0.0,69.51,50.0,5.0,4.0,False
10001227,2025-12-06 03:18:03,622,France,Beauty,Marketplace,Bank Transfer,2,54.45,0.2,87.12,54.0,4.0,3.0,False
10004817,2025-12-06 03:19:48,589,Brazil,Home & Garden,Mobile App,Credit Card,1,82.16,0.0,82.16,40.0,5.0,4.0,False
10002275,2025-12-06 04:51:47,225,France,Fashion,Mobile App,Credit Card,4,27.77,0.1,99.97,35.0,4.0,4.0,True
10000193,2025-12-06 05:24:57,245,Japan,Sports,Marketplace,Credit Card,4,140.08,0.3,392.22,43.0,,4.0,False
10002250,2025-12-06 05:59:35,70,India,Toys,Marketplace,Bank Transfer,1,22.94,0.2,18.35,41.0,3.0,10.0,True
10000881,2025-12-06 10:43:54,510,United States,Fashion,Mobile App,Bank Transfer,2,30.67,0.0,61.34,23.0,5.0,6.0,False
10002867,2025-12-06 12:40:08,319,United Kingdom,Electronics,Web,Credit Card,2,169.7,0.0,339.4,37.0,4.0,5.0,False
10000891,2025-12-07 00:09:28,583,United States,Fashion,Mobile App,Bank Transfer,2,43.64,0.0,87.28,31.0,5.0,6.0,False
10004333,2025-12-07 00:20:12,486,Germany,Electronics,Web,PayPal,2,200.31,0.1,360.56,33.0,,5.0,False
10001220,2025-12-07 04:48:29,520,United States,Electronics,Mobile App,PayPal,3,216.38,0.05,616.68,31.0,5.0,4.0,False
10001713,2025-12-07 09:47:54,550,United States,Electronics,Store,Credit Card,2,69.86,0.1,125.75,64.0,4.0,7.0,False
10002164,2025-12-07 13:08:11,168,Brazil,Fashion,Web,PayPal,2,86.18,0.1,155.12,55.0,4.0,5.0,False
10003384,2025-12-07 19:45:10,600,France,Toys,Web,Credit Card,2,55.3,0.0,110.6,45.0,5.0,5.0,False
10003578,2025-12-07 22:59:24,537,Spain,Toys,Web,PayPal,5,22.17,0.0,110.85,25.0,4.0,7.0,False
10002690,2025-12-08 06:42:15,295,Canada,Home & Garden,Mobile App,Gift Card,1,74.73,0.1,67.26,18.0,5.0,6.0,False
10002686,2025-12-08 13:52:26,470,United States,Home & Garden,Web,Credit Card,1,89.07,0.0,89.07,33.0,4.0,6.0,False
10001614,2025-12-08 19:38:50,255,Italy,Home & Garden,Web,Credit Card,4,61.28,0.1,220.61,24.0,4.0,7.0,False
10002347,2025-12-08 21:06:47,239,India,Electronics,Web,Credit Card,3,123.71,0.0,371.13,43.0,,3.0,False
10001923,2025-12-09 04:17:21,194,United States,Electronics,Web,Credit Card,2,137.53,0.1,247.55,36.0,,7.0,False
10001111,2025-12-09 12:38:13,604,Spain,Fashion,Web,Credit Card,3,73.19,0.05,208.59,,3.0,9.0,False
10001036,2025-12-10 01:03:31,505,Italy,Beauty,Web,Credit Card,2,35.3,0.05,67.07,55.0,4.0,6.0,False
10001366,2025-12-10 14:38:33,275,United States,Electronics,Marketplace,PayPal,4,119.55,0.05,454.29,34.0,4.0,5.0,False
10003215,2025-12-10 21:21:35,250,United Kingdom,Fashion,Mobile App,Credit Card,1,50.91,0.05,48.36,39.0,4.0,3.0,False
10001023,2025-12-11 04:16:54,433,United States,Fashion,Store,Credit Card,1,74.89,0.2,59.91,18.0,3.0,6.0,False
10000948,2025-12-11 09:09:00,301,United States,Sports,Marketplace,PayPal,5,74.63,0.05,354.49,42.0,5.0,5.0,False
10003890,2025-12-11 16:34:05,246,India,Sports,Marketplace,PayPal,3,50.93,0.2,122.23,39.0,4.0,8.0,False
10001732,2025-12-11 20:10:43,347,United States,Electronics,Mobile App,Credit Card,4,265.45,0.3,743.26,53.0,3.0,7.0,False
10003253,2025-12-11 21:12:56,75,Brazil,Fashion,Store,Gift Card,3,41.14,0.0,123.42,20.0,2.0,3.0,False
10003788,2025-12-11 21:48:21,607,Brazil,Sports,Marketplace,PayPal,3,50.86,0.05,144.95,49.0,3.0,6.0,False
10000323,2025-12-12 06:54:01,372,Japan,Toys,Mobile App,PayPal,5,27.78,0.05,131.96,20.0,4.0,4.0,False
10002702,2025-12-12 08:58:10,575,United Kingdom,Electronics,Web,Bank Transfer,2,269.34,0.2,430.94,30.0,3.0,5.0,True
10004129,2025-12-12 11:14:06,583,Germany,Home & Garden,Mobile App,Credit Card,1,78.37,0.0,78.37,23.0,5.0,2.0,False
10000282,2025-12-12 15:30:04,262,Germany,Electronics,Store,Credit Card,2,78.95,0.1,142.11,26.0,3.0,8.0,False
10001533,2025-12-12 15:42:55,73,United States,Home & Garden,Web,PayPal,6,27.82,0.05,158.57,42.0,4.0,7.0,False
10004742,2025-12-12 21:48:12,459,Germany,Beauty,Mobile App,Credit Card,3,27.57,0.0,82.71,36.0,5.0,5.0,False
10003693,2025-12-12 23:18:00,437,India,Electronics,Web,Credit Card,4,143.55,0.1,516.78,25.0,4.0,6.0,False
10000719,2025-12-12 23:41:57,458,United States,Home & Garden,Mobile App,Credit Card,3,48.72,0.05,138.85,32.0,4.0,1.0,False
10002097,2025-12-12 23:56:14,529,United States,Home & Garden,Mobile App,Credit Card,1,28.26,0.2,22.61,36.0,5.0,5.0,False
10004831,2025-12-13 00:38:23,183,Canada,Electronics,Mobile App,Credit Card,1,206.76,0.0,206.76,42.0,3.0,5.0,True
10003915,2025-12-13 01:13:55,183,Canada,Fashion,Mobile App,Credit Card,8,129.21,0.0,1033.68,36.0,3.0,3.0,False
10000677,2025-12-13 10:16:07,206,United Kingdom,Fashion,Web,Credit Card,2,57.14,0.0,114.28,57.0,4.0,7.0,False
10003933,2025-12-13 10:19:58,399,United Kingdom,Fashion,Marketplace,Credit Card,4,57.84,0.0,231.36,38.0,4.0,8.0,False
10000016,2025-12-13 16:06:18,346,France,Electronics,Web,Credit Card,1,479.18,0.0,479.18,43.0,3.0,5.0,False
10004814,2025-12-14 04:29:43,323,Brazil,Electronics,Web,Credit Card,2,286.03,0.0,572.06,36.0,5.0,5.0,False
10001382,2025-12-14 06:09:17,443,Italy,Sports,Mobile App,PayPal,2,37.24,0.3,52.14,31.0,3.0,4.0,False
10002898,2025-12-14 06:13:03,453,France,Fashion,Store,PayPal,3,64.02,0.0,192.06,41.0,5.0,9.0,False
10002252,2025-12-14 12:10:08,57,United States,Beauty,Mobile App,PayPal,2,75.43,0.1,135.77,46.0,3.0,5.0,False
10001663,2025-12-14 22:54:37,586,Spain,Electronics,Web,Gift Card,4,306.56,0.0,1226.24,18.0,5.0,3.0,False
10001656,2025-12-15 00:51:25,467,United States,Sports,Web,PayPal,3,32.44,0.0,97.32,34.0,4.0,4.0,False
10002725,2025-12-15 02:52:38,152,France,Home & Garden,Mobile App,Credit Card,1,167.3,0.0,167.3,58.0,4.0,4.0,False
10004727,2025-12-15 09:41:29,188,United States,Toys,Marketplace,Credit Card,2,23.41,0.0,46.82,42.0,5.0,5.0,True
10001895,2025-12-15 12:12:03,546,Spain,Sports,Store,Bank Transfer,4,39.94,0.0,159.76,49.0,4.0,6.0,True
10003152,2025-12-15 13:46:40,145,Canada,Fashion,Mobile App,Credit Card,3,34.31,0.05,97.78,43.0,4.0,8.0,False
10000740,2025-12-15 14:42:45,428,United States,Electronics,Web,Bank Transfer,3,179.07,0.3,376.05,40.0,4.0,5.0,False
10001393,2025-12-15 14:56:19,401,Japan,Electronics,Web,Gift Card,5,491.71,0.0,2458.55,33.0,4.0,5.0,False
10003583,2025-12-15 20:51:18,406,Brazil,Beauty,Mobile App,Bank Transfer,3,30.14,0.2,72.34,33.0,,3.0,False
10004244,2025-12-16 01:29:54,238,United States,Toys,Web,Bank Transfer,4,26.5,0.05,100.7,38.0,4.0,11.0,False
10004427,2025-12-16 03:07:40,102,Germany,Beauty,Mobile App,PayPal,4,81.56,0.05,309.93,30.0,5.0,5.0,False
10001889,2025-12-16 20:25:43,467,United States,Home & Garden,Web,Bank Transfer,3,183.16,0.0,549.48,49.0,5.0,7.0,False
10003684,2025-12-17 00:08:05,197,United States,Fashion,Store,Gift Card,3,30.45,0.0,91.35,19.0,5.0,3.0,False
10003073,2025-12-17 01:31:30,183,United Kingdom,Home & Garden,Web,Credit Card,3,57.04,0.0,171.12,42.0,3.0,5.0,False
10003436,2025-12-17 06:30:58,347,United Kingdom,Toys,Web,Credit Card,2,23.87,0.0,47.74,32.0,4.0,3.0,False
10003836,2025-12-17 13:38:16,571,United States,Beauty,Mobile App,Bank Transfer,2,36.01,0.0,72.02,44.0,3.0,4.0,False
10002161,2025-12-17 16:53:50,158,France,Electronics,Web,Credit Card,2,227.52,0.0,455.04,51.0,,5.0,False
10001038,2025-12-17 22:44:47,615,Brazil,Fashion,Mobile App,PayPal,1,51.31,0.0,51.31,28.0,,4.0,False
10001905,2025-12-18 03:29:45,594,United States,Home & Garden,Web,Credit Card,2,88.01,0.0,176.02,38.0,3.0,5.0,False
10002317,2025-12-18 07:16:24,467,India,Sports,Web,Credit Card,2,65.67,0.05,124.77,49.0,3.0,5.0,False
10001805,2025-12-18 14:52:34,610,France,Sports,Marketplace,PayPal,2,52.05,0.0,104.1,48.0,4.0,3.0,False
10002487,2025-12-18 20:49:28,560,United Kingdom,Home & Garden,Web,PayPal,2,111.74,0.05,212.31,27.0,3.0,4.0,False
10003923,2025-12-18 21:46:33,282,Canada,Toys,Web,Bank Transfer,3,48.49,0.0,145.47,54.0,4.0,2.0,False
10003162,2025-12-18 22:11:24,197,United States,Home & Garden,Store,Gift Card,1,73.42,0.0,73.42,32.0,4.0,5.0,False
10001788,2025-12-19 00:47:36,258,Brazil,Fashion,Mobile App,Bank Transfer,5,48.33,0.05,229.57,46.0,4.0,10.0,False
10003038,2025-12-19 02:41:07,478,United States,Electronics,Web,PayPal,1,123.47,0.2,98.78,49.0,5.0,9.0,False
10004282,2025-12-19 04:58:07,238,Brazil,Sports,Mobile App,Credit Card,6,19.88,0.3,83.5,35.0,4.0,4.0,False
10000846,2025-12-19 08:07:50,269,Canada,Sports,Marketplace,Gift Card,4,112.17,0.05,426.25,47.0,3.0,8.0,False
10000388,2025-12-19 08:33:52,90,Canada,Beauty,Mobile App,PayPal,3,47.64,0.1,128.63,50.0,4.0,7.0,False
10003326,2025-12-19 08:48:50,535,United States,Sports,Web,PayPal,3,42.64,0.0,127.92,51.0,4.0,3.0,False
10003773,2025-12-19 09:08:48,352,Canada,Fashion,Web,Credit Card,4,100.11,0.0,400.44,43.0,4.0,4.0,False
10002432,2025-12-19 13:02:51,50,United Kingdom,Home & Garden,Mobile App,Credit Card,1,107.62,0.2,86.1,49.0,4.0,3.0,False
10003777,2025-12-19 13:29:03,370,France,Sports,Web,Credit Card,2,86.93,0.2,139.09,25.0,5.0,3.0,False
10000169,2025-12-19 21:01:22,449,Germany,Beauty,Store,Credit Card,1,39.97,0.0,39.97,46.0,3.0,4.0,False
10001459,2025-12-20 02:49:20,43,United States,Electronics,Web,PayPal,3,330.96,0.3,695.02,37.0,2.0,8.0,False
10002786,2025-12-20 11:11:54,326,France,Fashion,Web,Bank Transfer,3,53.86,0.0,161.58,65.0,3.0,6.0,False
10004822,2025-12-20 13:33:43,264,Spain,Home & Garden,Mobile App,Credit Card,4,185.27,0.0,741.08,33.0,4.0,4.0,False
10003118,2025-12-21 00:33:43,425,France,Home & Garden,Marketplace,Bank Transfer,3,46.93,0.1,126.71,37.0,5.0,5.0,False
10004279,2025-12-21 06:12:01,353,United States,Electronics,Marketplace,PayPal,5,121.09,0.0,605.45,35.0,5.0,12.0,False
10002256,2025-12-21 19:59:11,296,Germany,Sports,Web,Credit Card,1,141.99,0.05,134.89,29.0,5.0,9.0,False
10000372,2025-12-21 21:35:07,233,Italy,Beauty,Marketplace,PayPal,1,18.73,0.0,18.73,39.0,5.0,6.0,False
10002657,2025-12-22 01:17:13,279,France,Fashion,Web,Credit Card,3,62.53,0.0,187.59,31.0,4.0,1.0,False
10004696,2025-12-22 03:15:20,60,United States,Beauty,Store,Credit Card,2,15.75,0.1,28.35,45.0,3.0,3.0,False
10001849,2025-12-22 05:44:18,585,United States,Toys,Mobile App,Credit Card,2,15.19,0.0,30.38,41.0,3.0,8.0,False
10004091,2025-12-23 06:38:46,91,Italy,Home & Garden,Mobile App,Gift Card,3,73.26,0.0,219.78,35.0,5.0,7.0,False
10001950,2025-12-24 00:15:39,129,United States,Sports,Web,Credit Card,4,60.61,0.1,218.2,34.0,4.0,3.0,False
10001764,2025-12-24 01:09:53,165,France,Home & Garden,Store,Credit Card,3,41.81,0.0,125.43,44.0,5.0,7.0,False
10003145,2025-12-24 07:49:43,254,Spain,Beauty,Mobile App,PayPal,3,76.39,0.0,229.17,45.0,5.0,7.0,False
10001029,2025-12-24 10:35:20,502,France,Fashion,Web,PayPal,5,72.36,0.0,361.8,46.0,4.0,5.0,False
10001487,2025-12-24 13:02:27,58,United Kingdom,Toys,Mobile App,Credit Card,2,25.15,0.0,50.3,32.0,,4.0,False
10003689,2025-12-24 20:19:13,591,india,Sports,Marketplace,Credit Card,2,23.18,0.1,41.72,34.0,4.0,5.0,False
10000154,2025-12-24 23:47:59,292,Germany,Electronics,Marketplace,PayPal,5,157.97,0.2,631.88,18.0,4.0,5.0,False
10003285,2025-12-25 06:25:56,316,France,Fashion,Mobile App,PayPal,1,73.8,0.05,70.11,44.0,5.0,7.0,False
10000258,2025-12-25 06:55:49,223,Germany,Home & Garden,Web,Credit Card,2,90.65,0.0,181.3,26.0,5.0,7.0,False
10004367,2025-12-25 17:31:48,201,Germany,Electronics,Mobile App,Credit Card,2,135.61,0.0,271.22,30.0,4.0,9.0,False
10001305,2025-12-25 18:47:11,330,France,Electronics,Web,Credit Card,3,206.34,0.05,588.07,30.0,,5.0,False
10002318,2025-12-25 21:50:12,348,Spain,Home & Garden,Web,Credit Card,1,100.84,0.0,100.84,36.0,4.0,6.0,False
10003109,2025-12-26 01:21:03,54,United States,Fashion,Web,Credit Card,3,108.66,0.05,309.68,34.0,4.0,6.0,False
10001660,2025-12-26 01:21:15,31,United States,Electronics,Web,Gift Card,3,237.16,0.0,711.48,42.0,5.0,4.0,True
10002242,2025-12-26 13:18:51,428,United States,Fashion,Mobile App,PayPal,2,31.52,0.1,56.74,39.0,5.0,8.0,False
10001179,2025-12-26 17:45:40,620,United States,Toys,Mobile App,Credit Card,2,38.25,0.05,72.68,19.0,,3.0,False
10001208,2025-12-26 19:23:09,578,India,Electronics,Web,Bank Transfer,5,186.37,0.0,931.85,46.0,5.0,1.0,False
10004141,2025-12-26 19:27:50,60,Canada,Electronics,Web,Bank Transfer,3,146.73,0.0,440.19,18.0,4.0,6.0,False
10001418,2025-12-27 02:22:48,563,United Kingdom,Beauty,Mobile App,Credit Card,3,83.79,0.0,251.37,48.0,4.0,4.0,False
10002473,2025-12-27 02:41:44,410,Italy,Electronics,Mobile App,Credit Card,1,233.07,0.0,233.07,53.0,5.0,5.0,False
10002302,2025-12-27 15:44:43,364,United States,Electronics,Marketplace,Bank Transfer,1,216.32,0.0,216.32,21.0,4.0,4.0,False
10004253,2025-12-28 00:05:56,496,Japan,Sports,Mobile App,Credit Card,1,52.3,0.3,36.61,57.0,3.0,4.0,False
10002489,2025-12-28 00:45:24,17,France,Home & Garden,Store,Credit Card,1,109.64,0.05,104.16,42.0,4.0,5.0,False
10004100,2025-12-28 06:41:50,133,Germany,Beauty,Mobile App,Bank Transfer,2,34.48,0.1,62.06,38.0,4.0,6.0,False
10001684,2025-12-28 08:41:12,104,United States,Home & Garden,Mobile App,Credit Card,2,54.21,0.0,108.42,32.0,5.0,7.0,False
10002707,2025-12-28 09:45:02,389,Japan,Fashion,Mobile App,Bank Transfer,2,62.79,0.1,113.02,50.0,5.0,5.0,False
10001552,2025-12-28 16:52:36,176,France,Electronics,Web,Credit Card,1,559.41,0.0,559.41,45.0,4.0,5.0,False
10004594,2025-12-28 16:56:03,356,Spain,Sports,Web,Credit Card,4,78.62,0.1,283.03,39.0,5.0,7.0,False
10002890,2025-12-28 22:02:49,494,Germany,Home & Garden,Web,Credit Card,2,127.85,0.3,178.99,39.0,3.0,6.0,False
10001676,2025-12-29 01:30:56,385,United Kingdom,Sports,Web,Credit Card,2,77.63,0.1,139.73,28.0,,6.0,False
10004157,2025-12-29 02:39:01,113,Germany,Toys,Marketplace,Gift Card,5,48.43,0.1,217.94,35.0,5.0,6.0,False
10001125,2025-12-29 05:16:09,273,India,Fashion,Mobile App,PayPal,3,23.18,0.0,69.54,30.0,5.0,4.0,False
10002120,2025-12-29 08:11:28,428,France,Electronics,Marketplace,Bank Transfer,4,389.69,0.0,1558.76,57.0,4.0,4.0,False
10004478,2025-12-29 08:20:10,382,France,Electronics,Web,PayPal,4,237.18,0.0,948.72,18.0,5.0,5.0,False
10002522,2025-12-29 09:37:04,134,United States,Sports,Marketplace,Credit Card,5,91.77,0.05,435.91,32.0,4.0,6.0,False
10001740,2025-12-29 17:48:29,68,United States,Electronics,Mobile App,Bank Transfer,1,138.55,0.05,131.62,,5.0,6.0,False
10002542,2025-12-29 18:27:24,385,United States,Fashion,Store,Credit Card,2,39.05,0.05,74.19,50.0,5.0,4.0,False
10004872,2025-12-29 18:52:14,84,United States,Electronics,Web,Credit Card,2,367.7,0.1,661.86,39.0,3.0,6.0,False
10004227,2025-12-29 19:46:45,309,France,Beauty,Mobile App,Credit Card,2,17.42,0.2,27.87,42.0,3.0,2.0,False
10001491,2025-12-30 01:17:10,421,Spain,Electronics,Web,Credit Card,2,350.49,0.0,700.98,40.0,4.0,3.0,False
10001243,2025-12-30 03:34:51,564,Spain,Fashion,Store,PayPal,1,46.97,0.0,46.97,48.0,5.0,6.0,False
10001011,2025-12-30 13:36:50,108,France,Electronics,Store,Credit Card,3,282.94,0.3,594.17,48.0,4.0,6.0,False
10004001,2025-12-30 13:39:11,231,Brazil,Sports,Web,Credit Card,4,57.6,0.3,161.28,26.0,3.0,3.0,False
10000926,2025-12-30 16:49:31,472,France,Home & Garden,Store,Gift Card,2,94.55,0.2,1815.36,52.0,3.0,7.0,False
10004228,2025-12-30 17:22:51,369,United Kingdom,Fashion,Marketplace,Credit Card,1,106.24,0.05,100.93,20.0,3.0,4.0,False
